2026-08-20 15:20:37,556 [INFO] 开始扫描 64 只股票，正式交易日：2026-08-19
2026-08-20 15:20:37,556 [INFO] [1/64] NOK
2026-08-20 15:20:37,953 [INFO] NOK 综合评分为 26.0，低于60分，不触发且不搜索新闻。
2026-08-20 15:20:38,153 [INFO] [2/64] XE
2026-08-20 15:20:38,351 [INFO] XE 综合评分为 34.0，低于60分，不触发且不搜索新闻。
2026-08-20 15:20:38,552 [INFO] [3/64] RKLB
2026-08-20 15:20:38,768 [INFO] RKLB 综合评分为 16.0，低于60分，不触发且不搜索新闻。
2026-08-20 15:20:38,968 [INFO] [4/64] NBIS
2026-08-20 15:20:39,186 [INFO] NBIS 综合评分为 39.0，低于60分，不触发且不搜索新闻。
2026-08-20 15:20:39,387 [INFO] [5/64] ARM
2026-08-20 15:20:39,603 [INFO] ARM 综合评分为 5.0，低于60分，不触发且不搜索新闻。
2026-08-20 15:20:39,803 [INFO] [6/64] OPTX
2026-08-20 15:20:40,024 [INFO] OPTX 综合评分为 36.0，低于60分，不触发且不搜索新闻。
2026-08-20 15:20:40,225 [INFO] [7/64] GLW
2026-08-20 15:20:40,609 [INFO] GLW 综合评分为 5.0，低于60分，不触发且不搜索新闻。
2026-08-20 15:20:40,809 [INFO] [8/64] COHR
2026-08-20 15:20:41,081 [INFO] COHR 综合评分为 11.0，低于60分，不触发且不搜索新闻。
2026-08-20 15:20:41,281 [INFO] [9/64] LITE
2026-08-20 15:20:41,497 [INFO] LITE 综合评分为 25.0，低于60分，不触发且不搜索新闻。
2026-08-20 15:20:41,697 [INFO] [10/64] MRVL
2026-08-20 15:20:42,165 [INFO] [11/64] INTC
2026-08-20 15:20:42,467 [INFO] INTC 综合评分为 5.0，低于60分，不触发且不搜索新闻。
2026-08-20 15:20:42,667 [INFO] [12/64] ALAB
2026-08-20 15:20:42,885 [INFO] ALAB 综合评分为 11.0，低于60分，不触发且不搜索新闻。
2026-08-20 15:20:43,085 [INFO] [13/64] FLNC
2026-08-20 15:20:43,311 [INFO] FLNC 综合评分为 1.0，低于60分，不触发且不搜索新闻。
2026-08-20 15:20:43,511 [INFO] [14/64] CRWV
2026-08-20 15:20:43,705 [INFO] CRWV 综合评分为 28.0，低于60分，不触发且不搜索新闻。
2026-08-20 15:20:43,906 [INFO] [15/64] ORCL
2026-08-20 15:20:44,169 [INFO] ORCL 综合评分为 22.0，低于60分，不触发且不搜索新闻。
2026-08-20 15:20:44,370 [INFO] [16/64] NVTS
2026-08-20 15:20:44,603 [INFO] NVTS 综合评分为 10.0，低于60分，不触发且不搜索新闻。
2026-08-20 15:20:44,803 [INFO] [17/64] POET
2026-08-20 15:20:45,035 [INFO] POET 综合评分为 16.0，低于60分，不触发且不搜索新闻。
2026-08-20 15:20:45,235 [INFO] [18/64] DELL
2026-08-20 15:20:45,478 [INFO] DELL 综合评分为 20.0，低于60分，不触发且不搜索新闻。
2026-08-20 15:20:45,678 [INFO] [19/64] BB
2026-08-20 15:20:45,884 [INFO] BB 综合评分为 5.0，低于60分，不触发且不搜索新闻。
2026-08-20 15:20:46,084 [INFO] [20/64] ONDS
2026-08-20 15:20:46,297 [INFO] ONDS 综合评分为 28.0，低于60分，不触发且不搜索新闻。
2026-08-20 15:20:46,497 [INFO] [21/64] SMR
2026-08-20 15:20:46,720 [INFO] SMR 综合评分为 38.0，低于60分，不触发且不搜索新闻。
2026-08-20 15:20:46,921 [INFO] [22/64] OKLO
2026-08-20 15:20:47,151 [INFO] OKLO 综合评分为 20.0，低于60分，不触发且不搜索新闻。
2026-08-20 15:20:47,351 [INFO] [23/64] IONQ
2026-08-20 15:20:47,571 [INFO] IONQ 综合评分为 19.0，低于60分，不触发且不搜索新闻。
2026-08-20 15:20:47,771 [INFO] [24/64] QBTS
2026-08-20 15:20:47,999 [INFO] QBTS 综合评分为 11.0，低于60分，不触发且不搜索新闻。
2026-08-20 15:20:48,200 [INFO] [25/64] NVDA
2026-08-20 15:20:48,460 [INFO] NVDA 综合评分为 28.0，低于60分，不触发且不搜索新闻。
2026-08-20 15:20:48,661 [INFO] [26/64] AMZN
2026-08-20 15:20:48,894 [INFO] AMZN 综合评分为 37.0，低于60分，不触发且不搜索新闻。
2026-08-20 15:20:49,094 [INFO] [27/64] AMD
2026-08-20 15:20:49,329 [INFO] AMD 综合评分为 11.0，低于60分，不触发且不搜索新闻。
2026-08-20 15:20:49,530 [INFO] [28/64] CRCL
2026-08-20 15:20:49,928 [INFO] [29/64] FLY
2026-08-20 15:20:50,133 [INFO] FLY 综合评分为 19.0，低于60分，不触发且不搜索新闻。
2026-08-20 15:20:50,333 [INFO] [30/64] CBRS
2026-08-20 15:20:50,514 [WARNING] CBRS 历史行情不足：67 行
2026-08-20 15:20:50,514 [INFO] CBRS 综合评分为 0.0，低于60分，不触发且不搜索新闻。
2026-08-20 15:20:50,714 [INFO] [31/64] CIEN
2026-08-20 15:20:50,929 [INFO] CIEN 综合评分为 16.0，低于60分，不触发且不搜索新闻。
2026-08-20 15:20:51,129 [INFO] [32/64] SIVEF
2026-08-20 15:20:51,397 [INFO] SIVEF 综合评分为 10.0，低于60分，不触发且不搜索新闻。
2026-08-20 15:20:51,597 [INFO] [33/64] SHAZ
2026-08-20 15:20:51,803 [INFO] SHAZ 综合评分为 18.0，低于60分，不触发且不搜索新闻。
2026-08-20 15:20:52,003 [INFO] [34/64] LUNR
2026-08-20 15:20:52,263 [INFO] LUNR 综合评分为 36.0，低于60分，不触发且不搜索新闻。
2026-08-20 15:20:52,463 [INFO] [35/64] ASTS
2026-08-20 15:20:52,675 [INFO] ASTS 综合评分为 16.0，低于60分，不触发且不搜索新闻。
2026-08-20 15:20:52,875 [INFO] [36/64] AAOI
2026-08-20 15:20:53,110 [INFO] AAOI 综合评分为 20.0，低于60分，不触发且不搜索新闻。
2026-08-20 15:20:53,311 [INFO] [37/64] INOD
2026-08-20 15:20:53,507 [INFO] INOD 综合评分为 24.0，低于60分，不触发且不搜索新闻。
2026-08-20 15:20:53,707 [INFO] [38/64] SPCX
2026-08-20 15:20:54,390 [WARNING] SPCX 历史行情不足：47 行
2026-08-20 15:20:54,390 [INFO] SPCX 综合评分为 0.0，低于60分，不触发且不搜索新闻。
2026-08-20 15:20:54,591 [INFO] [39/64] RDW
2026-08-20 15:20:55,296 [INFO] RDW 综合评分为 29.0，低于60分，不触发且不搜索新闻。
2026-08-20 15:20:55,496 [INFO] [40/64] QCOM
2026-08-20 15:20:56,302 [INFO] QCOM 综合评分为 25.0，低于60分，不触发且不搜索新闻。
2026-08-20 15:20:56,502 [INFO] [41/64] COIN
2026-08-20 15:20:57,312 [INFO] [42/64] CORZ
2026-08-20 15:20:58,000 [INFO] CORZ 综合评分为 4.0，低于60分，不触发且不搜索新闻。
2026-08-20 15:20:58,200 [INFO] [43/64] IREN
2026-08-20 15:20:58,848 [INFO] IREN 综合评分为 37.0，低于60分，不触发且不搜索新闻。
2026-08-20 15:20:59,048 [INFO] [44/64] VELO
2026-08-20 15:20:59,713 [INFO] VELO 综合评分为 19.0，低于60分，不触发且不搜索新闻。
2026-08-20 15:20:59,913 [INFO] [45/64] MSFT
2026-08-20 15:21:00,639 [INFO] MSFT 综合评分为 36.0，低于60分，不触发且不搜索新闻。
2026-08-20 15:21:00,839 [INFO] [46/64] GOOG
2026-08-20 15:21:01,596 [INFO] GOOG 综合评分为 10.0，低于60分，不触发且不搜索新闻。
2026-08-20 15:21:01,797 [INFO] [47/64] AVGO
2026-08-20 15:21:02,439 [INFO] AVGO 综合评分为 21.0，低于60分，不触发且不搜索新闻。
2026-08-20 15:21:02,639 [INFO] [48/64] AMAT
2026-08-20 15:21:03,306 [INFO] AMAT 综合评分为 11.0，低于60分，不触发且不搜索新闻。
2026-08-20 15:21:03,506 [INFO] [49/64] AMKR
2026-08-20 15:21:04,159 [INFO] AMKR 综合评分为 5.0，低于60分，不触发且不搜索新闻。
2026-08-20 15:21:04,359 [INFO] [50/64] LRCX
2026-08-20 15:21:05,086 [INFO] LRCX 综合评分为 11.0，低于60分，不触发且不搜索新闻。
2026-08-20 15:21:05,286 [INFO] [51/64] SNDK
2026-08-20 15:21:05,932 [INFO] SNDK 综合评分为 33.0，低于60分，不触发且不搜索新闻。
2026-08-20 15:21:06,132 [INFO] [52/64] MU
2026-08-20 15:21:06,884 [INFO] MU 综合评分为 35.0，低于60分，不触发且不搜索新闻。
2026-08-20 15:21:07,084 [INFO] [53/64] VICR
2026-08-20 15:21:07,849 [INFO] VICR 综合评分为 15.0，低于60分，不触发且不搜索新闻。
2026-08-20 15:21:08,050 [INFO] [54/64] NNE
2026-08-20 15:21:08,663 [INFO] NNE 综合评分为 37.0，低于60分，不触发且不搜索新闻。
2026-08-20 15:21:08,863 [INFO] [55/64] CCJ
2026-08-20 15:21:09,531 [INFO] CCJ 综合评分为 50.0，低于60分，不触发且不搜索新闻。
2026-08-20 15:21:09,731 [INFO] [56/64] VST
2026-08-20 15:21:10,411 [INFO] VST 综合评分为 12.0，低于60分，不触发且不搜索新闻。
2026-08-20 15:21:10,612 [INFO] [57/64] NEE
2026-08-20 15:21:11,436 [INFO] NEE 综合评分为 26.0，低于60分，不触发且不搜索新闻。
2026-08-20 15:21:11,636 [INFO] [58/64] BWAY
2026-08-20 15:21:12,255 [INFO] BWAY 综合评分为 18.0，低于60分，不触发且不搜索新闻。
2026-08-20 15:21:12,455 [INFO] [59/64] MANE
2026-08-20 15:21:13,109 [INFO] MANE 综合评分为 37.0，低于60分，不触发且不搜索新闻。
2026-08-20 15:21:13,309 [INFO] [60/64] QSI
2026-08-20 15:21:13,914 [INFO] QSI 综合评分为 39.0，低于60分，不触发且不搜索新闻。
2026-08-20 15:21:14,114 [INFO] [61/64] ERAS
2026-08-20 15:21:14,725 [INFO] ERAS 综合评分为 24.0，低于60分，不触发且不搜索新闻。
2026-08-20 15:21:14,925 [INFO] [62/64] CRSP
2026-08-20 15:21:15,747 [INFO] [63/64] IBRX
2026-08-20 15:21:16,611 [INFO] [64/64] INSP
2026-08-20 15:21:17,602 [INFO] COIN 达到 84.0 分，开始搜索新闻。
2026-08-20 15:21:18,359 [INFO] CRSP 达到 79.0 分，开始搜索新闻。
2026-08-20 15:21:19,262 [INFO] INSP 达到 79.0 分，开始搜索新闻。
2026-08-20 15:21:19,934 [INFO] CRCL 达到 65.0 分，开始搜索新闻。
2026-08-20 15:21:20,615 [INFO] IBRX 达到 63.0 分，开始搜索新闻。
2026-08-20 15:21:21,305 [INFO] MRVL 达到 62.0 分，开始搜索新闻。
2026-08-20 15:21:22,057 [INFO] 已写入 CROSS.txt：COIN, CRSP, INSP, CRCL, IBRX, MRVL
2026-08-20 15:21:22,057 [INFO] 未配置 Google Sheets 授权，已跳过云端表格写入。可设置环境变量 GOOGLE_SERVICE_ACCOUNT_JSON，或把服务账号 JSON 放到：/home/runner/work/stock-monitor-cloud/stock-monitor-cloud/data/CROSS/google_service_account.json
2026-08-20 15:21:22,205 [INFO] 已更新 COIN_1 跟踪 Excel：/home/runner/work/stock-monitor-cloud/stock-monitor-cloud/data/CROSS/EXCLE/COIN_1_20260819.xlsx，记录 1/30 个交易日。
2026-08-20 15:21:22,333 [INFO] 已更新 CRCL_1 跟踪 Excel：/home/runner/work/stock-monitor-cloud/stock-monitor-cloud/data/CROSS/EXCLE/CRCL_1_20260819.xlsx，记录 1/30 个交易日。
2026-08-20 15:21:22,479 [INFO] 已更新 CRSP_1 跟踪 Excel：/home/runner/work/stock-monitor-cloud/stock-monitor-cloud/data/CROSS/EXCLE/CRSP_1_20260819.xlsx，记录 1/30 个交易日。
2026-08-20 15:21:22,630 [INFO] 已更新 IBRX_1 跟踪 Excel：/home/runner/work/stock-monitor-cloud/stock-monitor-cloud/data/CROSS/EXCLE/IBRX_1_20260819.xlsx，记录 1/30 个交易日。
2026-08-20 15:21:22,778 [INFO] 已更新 INSP_1 跟踪 Excel：/home/runner/work/stock-monitor-cloud/stock-monitor-cloud/data/CROSS/EXCLE/INSP_1_20260819.xlsx，记录 1/30 个交易日。
2026-08-20 15:21:22,958 [INFO] 已更新 MRVL_1 跟踪 Excel：/home/runner/work/stock-monitor-cloud/stock-monitor-cloud/data/CROSS/EXCLE/MRVL_1_20260819.xlsx，记录 1/30 个交易日。
2026-08-20 15:21:22,958 [INFO] 报告生成完成：/home/runner/work/stock-monitor-cloud/stock-monitor-cloud/data/CROSS/强势金叉监控报告_2026-08-19.docx
2026-08-21 10:41:03,920 [INFO] 开始扫描 64 只股票，正式交易日：2026-08-20
2026-08-21 10:41:03,920 [INFO] [1/64] NOK
2026-08-21 10:41:04,175 [INFO] NOK 综合评分为 28.0，低于60分，不触发且不搜索新闻。
2026-08-21 10:41:04,376 [INFO] [2/64] XE
2026-08-21 10:41:04,480 [INFO] XE 综合评分为 20.0，低于60分，不触发且不搜索新闻。
2026-08-21 10:41:04,680 [INFO] [3/64] RKLB
2026-08-21 10:41:04,796 [INFO] RKLB 综合评分为 11.0，低于60分，不触发且不搜索新闻。
2026-08-21 10:41:04,996 [INFO] [4/64] NBIS
2026-08-21 10:41:05,122 [INFO] NBIS 综合评分为 20.0，低于60分，不触发且不搜索新闻。
2026-08-21 10:41:05,322 [INFO] [5/64] ARM
2026-08-21 10:41:05,833 [INFO] ARM 综合评分为 6.0，低于60分，不触发且不搜索新闻。
2026-08-21 10:41:06,033 [INFO] [6/64] OPTX
2026-08-21 10:41:06,171 [INFO] OPTX 综合评分为 41.0，低于60分，不触发且不搜索新闻。
2026-08-21 10:41:06,371 [INFO] [7/64] GLW
2026-08-21 10:41:06,606 [INFO] GLW 综合评分为 5.0，低于60分，不触发且不搜索新闻。
2026-08-21 10:41:06,806 [INFO] [8/64] COHR
2026-08-21 10:41:06,910 [INFO] COHR 综合评分为 13.0，低于60分，不触发且不搜索新闻。
2026-08-21 10:41:07,110 [INFO] [9/64] LITE
2026-08-21 10:41:07,230 [INFO] LITE 综合评分为 34.0，低于60分，不触发且不搜索新闻。
2026-08-21 10:41:07,430 [INFO] [10/64] MRVL
2026-08-21 10:41:08,179 [INFO] [11/64] INTC
2026-08-21 10:41:08,391 [INFO] INTC 综合评分为 5.0，低于60分，不触发且不搜索新闻。
2026-08-21 10:41:08,591 [INFO] [12/64] ALAB
2026-08-21 10:41:09,137 [INFO] ALAB 综合评分为 13.0，低于60分，不触发且不搜索新闻。
2026-08-21 10:41:09,337 [INFO] [13/64] FLNC
2026-08-21 10:41:09,456 [INFO] FLNC 综合评分为 0.0，低于60分，不触发且不搜索新闻。
2026-08-21 10:41:09,656 [INFO] [14/64] CRWV
2026-08-21 10:41:09,772 [INFO] CRWV 综合评分为 20.0，低于60分，不触发且不搜索新闻。
2026-08-21 10:41:09,972 [INFO] [15/64] ORCL
2026-08-21 10:41:10,144 [INFO] ORCL 综合评分为 20.0，低于60分，不触发且不搜索新闻。
2026-08-21 10:41:10,344 [INFO] [16/64] NVTS
2026-08-21 10:41:10,452 [INFO] NVTS 综合评分为 13.0，低于60分，不触发且不搜索新闻。
2026-08-21 10:41:10,653 [INFO] [17/64] POET
2026-08-21 10:41:10,760 [INFO] POET 综合评分为 16.0，低于60分，不触发且不搜索新闻。
2026-08-21 10:41:10,961 [INFO] [18/64] DELL
2026-08-21 10:41:11,100 [INFO] DELL 综合评分为 20.0，低于60分，不触发且不搜索新闻。
2026-08-21 10:41:11,300 [INFO] [19/64] BB
2026-08-21 10:41:11,409 [INFO] BB 综合评分为 5.0，低于60分，不触发且不搜索新闻。
2026-08-21 10:41:11,610 [INFO] [20/64] ONDS
2026-08-21 10:41:11,743 [INFO] ONDS 综合评分为 20.0，低于60分，不触发且不搜索新闻。
2026-08-21 10:41:11,943 [INFO] [21/64] SMR
2026-08-21 10:41:12,066 [INFO] SMR 综合评分为 21.0，低于60分，不触发且不搜索新闻。
2026-08-21 10:41:12,266 [INFO] [22/64] OKLO
2026-08-21 10:41:12,387 [INFO] OKLO 综合评分为 11.0，低于60分，不触发且不搜索新闻。
2026-08-21 10:41:12,588 [INFO] [23/64] IONQ
2026-08-21 10:41:12,711 [INFO] IONQ 综合评分为 16.0，低于60分，不触发且不搜索新闻。
2026-08-21 10:41:12,911 [INFO] [24/64] QBTS
2026-08-21 10:41:13,030 [INFO] QBTS 综合评分为 11.0，低于60分，不触发且不搜索新闻。
2026-08-21 10:41:13,231 [INFO] [25/64] NVDA
2026-08-21 10:41:13,381 [INFO] NVDA 综合评分为 28.0，低于60分，不触发且不搜索新闻。
2026-08-21 10:41:13,581 [INFO] [26/64] AMZN
2026-08-21 10:41:13,698 [INFO] AMZN 综合评分为 26.0，低于60分，不触发且不搜索新闻。
2026-08-21 10:41:13,898 [INFO] [27/64] AMD
2026-08-21 10:41:14,032 [INFO] AMD 综合评分为 14.0，低于60分，不触发且不搜索新闻。
2026-08-21 10:41:14,232 [INFO] [28/64] CRCL
2026-08-21 10:41:14,538 [INFO] [29/64] FLY
2026-08-21 10:41:14,641 [INFO] FLY 综合评分为 16.0，低于60分，不触发且不搜索新闻。
2026-08-21 10:41:14,841 [INFO] [30/64] CBRS
2026-08-21 10:41:14,937 [WARNING] CBRS 历史行情不足：68 行
2026-08-21 10:41:14,937 [INFO] CBRS 综合评分为 0.0，低于60分，不触发且不搜索新闻。
2026-08-21 10:41:15,137 [INFO] [31/64] CIEN
2026-08-21 10:41:15,255 [INFO] CIEN 综合评分为 11.0，低于60分，不触发且不搜索新闻。
2026-08-21 10:41:15,455 [INFO] [32/64] SIVEF
2026-08-21 10:41:15,586 [INFO] SIVEF 综合评分为 5.0，低于60分，不触发且不搜索新闻。
2026-08-21 10:41:15,786 [INFO] [33/64] SHAZ
2026-08-21 10:41:15,891 [INFO] SHAZ 综合评分为 16.0，低于60分，不触发且不搜索新闻。
2026-08-21 10:41:16,091 [INFO] [34/64] LUNR
2026-08-21 10:41:16,208 [INFO] LUNR 综合评分为 26.0，低于60分，不触发且不搜索新闻。
2026-08-21 10:41:16,409 [INFO] [35/64] ASTS
2026-08-21 10:41:16,527 [INFO] ASTS 综合评分为 11.0，低于60分，不触发且不搜索新闻。
2026-08-21 10:41:16,727 [INFO] [36/64] AAOI
2026-08-21 10:41:16,835 [INFO] AAOI 综合评分为 26.0，低于60分，不触发且不搜索新闻。
2026-08-21 10:41:17,035 [INFO] [37/64] INOD
2026-08-21 10:41:17,142 [INFO] INOD 综合评分为 39.0，低于60分，不触发且不搜索新闻。
2026-08-21 10:41:17,342 [INFO] [38/64] SPCX
2026-08-21 10:41:17,603 [WARNING] SPCX 历史行情不足：48 行
2026-08-21 10:41:17,603 [INFO] SPCX 综合评分为 0.0，低于60分，不触发且不搜索新闻。
2026-08-21 10:41:17,803 [INFO] [39/64] RDW
2026-08-21 10:41:18,124 [INFO] RDW 综合评分为 28.0，低于60分，不触发且不搜索新闻。
2026-08-21 10:41:18,324 [INFO] [40/64] QCOM
2026-08-21 10:41:18,706 [INFO] QCOM 综合评分为 10.0，低于60分，不触发且不搜索新闻。
2026-08-21 10:41:18,906 [INFO] [41/64] COIN
2026-08-21 10:41:19,419 [INFO] [42/64] CORZ
2026-08-21 10:41:19,716 [INFO] CORZ 综合评分为 1.0，低于60分，不触发且不搜索新闻。
2026-08-21 10:41:19,916 [INFO] [43/64] IREN
2026-08-21 10:41:20,229 [INFO] IREN 综合评分为 34.0，低于60分，不触发且不搜索新闻。
2026-08-21 10:41:20,429 [INFO] [44/64] VELO
2026-08-21 10:41:20,779 [INFO] VELO 综合评分为 16.0，低于60分，不触发且不搜索新闻。
2026-08-21 10:41:20,979 [INFO] [45/64] MSFT
2026-08-21 10:41:21,339 [INFO] MSFT 综合评分为 30.0，低于60分，不触发且不搜索新闻。
2026-08-21 10:41:21,539 [INFO] [46/64] GOOG
2026-08-21 10:41:21,845 [INFO] GOOG 综合评分为 6.0，低于60分，不触发且不搜索新闻。
2026-08-21 10:41:22,045 [INFO] [47/64] AVGO
2026-08-21 10:41:22,392 [INFO] AVGO 综合评分为 10.0，低于60分，不触发且不搜索新闻。
2026-08-21 10:41:22,593 [INFO] [48/64] AMAT
2026-08-21 10:41:22,986 [INFO] AMAT 综合评分为 14.0，低于60分，不触发且不搜索新闻。
2026-08-21 10:41:23,187 [INFO] [49/64] AMKR
2026-08-21 10:41:23,511 [INFO] AMKR 综合评分为 5.0，低于60分，不触发且不搜索新闻。
2026-08-21 10:41:23,711 [INFO] [50/64] LRCX
2026-08-21 10:41:24,048 [INFO] LRCX 综合评分为 19.0，低于60分，不触发且不搜索新闻。
2026-08-21 10:41:24,248 [INFO] [51/64] SNDK
2026-08-21 10:41:24,591 [INFO] SNDK 综合评分为 38.0，低于60分，不触发且不搜索新闻。
2026-08-21 10:41:24,791 [INFO] [52/64] MU
2026-08-21 10:41:25,228 [INFO] MU 综合评分为 52.0，低于60分，不触发且不搜索新闻。
2026-08-21 10:41:25,428 [INFO] [53/64] VICR
2026-08-21 10:41:25,753 [INFO] VICR 综合评分为 10.0，低于60分，不触发且不搜索新闻。
2026-08-21 10:41:25,953 [INFO] [54/64] NNE
2026-08-21 10:41:26,261 [INFO] NNE 综合评分为 16.0，低于60分，不触发且不搜索新闻。
2026-08-21 10:41:26,461 [INFO] [55/64] CCJ
2026-08-21 10:41:26,851 [INFO] CCJ 综合评分为 23.0，低于60分，不触发且不搜索新闻。
2026-08-21 10:41:27,052 [INFO] [56/64] VST
2026-08-21 10:41:27,398 [INFO] VST 综合评分为 5.0，低于60分，不触发且不搜索新闻。
2026-08-21 10:41:27,598 [INFO] [57/64] NEE
2026-08-21 10:41:28,019 [INFO] NEE 综合评分为 14.0，低于60分，不触发且不搜索新闻。
2026-08-21 10:41:28,219 [INFO] [58/64] BWAY
2026-08-21 10:41:28,537 [INFO] BWAY 综合评分为 11.0，低于60分，不触发且不搜索新闻。
2026-08-21 10:41:28,737 [INFO] [59/64] MANE
2026-08-21 10:41:29,026 [INFO] MANE 综合评分为 11.0，低于60分，不触发且不搜索新闻。
2026-08-21 10:41:29,226 [INFO] [60/64] QSI
2026-08-21 10:41:29,548 [INFO] QSI 综合评分为 42.0，低于60分，不触发且不搜索新闻。
2026-08-21 10:41:29,748 [INFO] [61/64] ERAS
2026-08-21 10:41:30,038 [INFO] ERAS 综合评分为 15.0，低于60分，不触发且不搜索新闻。
2026-08-21 10:41:30,238 [INFO] [62/64] CRSP
2026-08-21 10:41:30,518 [INFO] CRSP 综合评分为 58.0，低于60分，不触发且不搜索新闻。
2026-08-21 10:41:30,718 [INFO] [63/64] IBRX
2026-08-21 10:41:31,055 [INFO] IBRX 综合评分为 38.0，低于60分，不触发且不搜索新闻。
2026-08-21 10:41:31,256 [INFO] [64/64] INSP
2026-08-21 10:41:31,834 [INFO] COIN 达到 93.0 分，开始搜索新闻。
2026-08-21 10:41:32,449 [INFO] INSP 达到 77.0 分，开始搜索新闻。
2026-08-21 10:41:33,062 [INFO] MRVL 达到 73.0 分，开始搜索新闻。
2026-08-21 10:41:33,663 [INFO] CRCL 达到 72.0 分，开始搜索新闻。
2026-08-21 10:41:34,317 [INFO] 已写入 CROSS.txt：COIN（2）, INSP（2）, MRVL（2）, CRCL（2）
2026-08-21 10:41:34,318 [INFO] 未配置 Google Sheets 授权，已跳过云端表格写入。可设置环境变量 GOOGLE_SERVICE_ACCOUNT_JSON，或把服务账号 JSON 放到：/home/runner/work/stock-monitor-cloud/stock-monitor-cloud/data/CROSS/google_service_account.json
2026-08-21 10:41:34,397 [INFO] 已更新 COIN_1 跟踪 Excel：/home/runner/work/stock-monitor-cloud/stock-monitor-cloud/data/CROSS/EXCLE/COIN_1_20260819.xlsx，记录 2/30 个交易日。
2026-08-21 10:41:34,482 [INFO] 已更新 CRCL_1 跟踪 Excel：/home/runner/work/stock-monitor-cloud/stock-monitor-cloud/data/CROSS/EXCLE/CRCL_1_20260819.xlsx，记录 2/30 个交易日。
2026-08-21 10:41:34,583 [INFO] 已更新 CRSP_1 跟踪 Excel：/home/runner/work/stock-monitor-cloud/stock-monitor-cloud/data/CROSS/EXCLE/CRSP_1_20260819.xlsx，记录 2/30 个交易日。
2026-08-21 10:41:34,674 [INFO] 已更新 IBRX_1 跟踪 Excel：/home/runner/work/stock-monitor-cloud/stock-monitor-cloud/data/CROSS/EXCLE/IBRX_1_20260819.xlsx，记录 2/30 个交易日。
2026-08-21 10:41:34,763 [INFO] 已更新 INSP_1 跟踪 Excel：/home/runner/work/stock-monitor-cloud/stock-monitor-cloud/data/CROSS/EXCLE/INSP_1_20260819.xlsx，记录 2/30 个交易日。
2026-08-21 10:41:34,857 [INFO] 已更新 MRVL_1 跟踪 Excel：/home/runner/work/stock-monitor-cloud/stock-monitor-cloud/data/CROSS/EXCLE/MRVL_1_20260819.xlsx，记录 2/30 个交易日。
2026-08-21 10:41:34,857 [INFO] 报告生成完成：/home/runner/work/stock-monitor-cloud/stock-monitor-cloud/data/CROSS/强势金叉监控报告_2026-08-20.docx
2026-08-21 10:49:04,497 [INFO] 报告已存在，未覆盖：/home/runner/work/stock-monitor-cloud/stock-monitor-cloud/data/CROSS/强势金叉监控报告_2026-08-20.docx。若需覆盖请使用 --force
2026-08-21 10:49:04,766 [INFO] 已更新 COIN_1 跟踪 Excel：/home/runner/work/stock-monitor-cloud/stock-monitor-cloud/data/CROSS/EXCLE/COIN_1_20260819.xlsx，记录 2/30 个交易日。
2026-08-21 10:49:04,939 [INFO] 已更新 CRCL_1 跟踪 Excel：/home/runner/work/stock-monitor-cloud/stock-monitor-cloud/data/CROSS/EXCLE/CRCL_1_20260819.xlsx，记录 2/30 个交易日。
2026-08-21 10:49:05,103 [INFO] 已更新 CRSP_1 跟踪 Excel：/home/runner/work/stock-monitor-cloud/stock-monitor-cloud/data/CROSS/EXCLE/CRSP_1_20260819.xlsx，记录 2/30 个交易日。
2026-08-21 10:49:05,256 [INFO] 已更新 IBRX_1 跟踪 Excel：/home/runner/work/stock-monitor-cloud/stock-monitor-cloud/data/CROSS/EXCLE/IBRX_1_20260819.xlsx，记录 2/30 个交易日。
2026-08-21 10:49:05,423 [INFO] 已更新 INSP_1 跟踪 Excel：/home/runner/work/stock-monitor-cloud/stock-monitor-cloud/data/CROSS/EXCLE/INSP_1_20260819.xlsx，记录 2/30 个交易日。
2026-08-21 10:49:05,621 [INFO] 已更新 MRVL_1 跟踪 Excel：/home/runner/work/stock-monitor-cloud/stock-monitor-cloud/data/CROSS/EXCLE/MRVL_1_20260819.xlsx，记录 2/30 个交易日。
2026-08-24 10:50:28,998 [INFO] 开始扫描 64 只股票，正式交易日：2026-08-21
2026-08-24 10:50:28,998 [INFO] [1/64] NOK
2026-08-24 10:50:29,505 [INFO] NOK 综合评分为 28.0，低于60分，不触发且不搜索新闻。
2026-08-24 10:50:29,705 [INFO] [2/64] XE
2026-08-24 10:50:29,960 [INFO] XE 综合评分为 24.0，低于60分，不触发且不搜索新闻。
2026-08-24 10:50:30,160 [INFO] [3/64] RKLB
2026-08-24 10:50:30,442 [INFO] RKLB 综合评分为 11.0，低于60分，不触发且不搜索新闻。
2026-08-24 10:50:30,642 [INFO] [4/64] NBIS
2026-08-24 10:50:30,922 [INFO] NBIS 综合评分为 20.0，低于60分，不触发且不搜索新闻。
2026-08-24 10:50:31,122 [INFO] [5/64] ARM
2026-08-24 10:50:31,405 [INFO] ARM 综合评分为 3.0，低于60分，不触发且不搜索新闻。
2026-08-24 10:50:31,606 [INFO] [6/64] OPTX
2026-08-24 10:50:31,902 [INFO] OPTX 综合评分为 35.0，低于60分，不触发且不搜索新闻。
2026-08-24 10:50:32,102 [INFO] [7/64] GLW
2026-08-24 10:50:32,448 [INFO] GLW 综合评分为 5.0，低于60分，不触发且不搜索新闻。
2026-08-24 10:50:32,648 [INFO] [8/64] COHR
2026-08-24 10:50:32,931 [INFO] COHR 综合评分为 10.0，低于60分，不触发且不搜索新闻。
2026-08-24 10:50:33,131 [INFO] [9/64] LITE
2026-08-24 10:50:33,412 [INFO] LITE 综合评分为 28.0，低于60分，不触发且不搜索新闻。
2026-08-24 10:50:33,612 [INFO] [10/64] MRVL
2026-08-24 10:50:33,915 [INFO] MRVL 综合评分为 55.0，低于60分，不触发且不搜索新闻。
2026-08-24 10:50:34,116 [INFO] [11/64] INTC
2026-08-24 10:50:34,466 [INFO] INTC 综合评分为 3.0，低于60分，不触发且不搜索新闻。
2026-08-24 10:50:34,666 [INFO] [12/64] ALAB
2026-08-24 10:50:34,945 [INFO] ALAB 综合评分为 9.0，低于60分，不触发且不搜索新闻。
2026-08-24 10:50:35,146 [INFO] [13/64] FLNC
2026-08-24 10:50:35,413 [INFO] FLNC 综合评分为 0.0，低于60分，不触发且不搜索新闻。
2026-08-24 10:50:35,613 [INFO] [14/64] CRWV
2026-08-24 10:50:35,867 [INFO] CRWV 综合评分为 20.0，低于60分，不触发且不搜索新闻。
2026-08-24 10:50:36,067 [INFO] [15/64] ORCL
2026-08-24 10:50:36,411 [INFO] ORCL 综合评分为 47.0，低于60分，不触发且不搜索新闻。
2026-08-24 10:50:36,611 [INFO] [16/64] NVTS
2026-08-24 10:50:36,889 [INFO] NVTS 综合评分为 16.0，低于60分，不触发且不搜索新闻。
2026-08-24 10:50:37,089 [INFO] [17/64] POET
2026-08-24 10:50:37,365 [INFO] POET 综合评分为 16.0，低于60分，不触发且不搜索新闻。
2026-08-24 10:50:37,566 [INFO] [18/64] DELL
2026-08-24 10:50:37,850 [INFO] DELL 综合评分为 25.0，低于60分，不触发且不搜索新闻。
2026-08-24 10:50:38,051 [INFO] [19/64] BB
2026-08-24 10:50:38,329 [INFO] BB 综合评分为 3.0，低于60分，不触发且不搜索新闻。
2026-08-24 10:50:38,530 [INFO] [20/64] ONDS
2026-08-24 10:50:38,833 [INFO] ONDS 综合评分为 34.0，低于60分，不触发且不搜索新闻。
2026-08-24 10:50:39,033 [INFO] [21/64] SMR
2026-08-24 10:50:39,314 [INFO] SMR 综合评分为 51.0，低于60分，不触发且不搜索新闻。
2026-08-24 10:50:39,514 [INFO] [22/64] OKLO
2026-08-24 10:50:39,789 [INFO] OKLO 综合评分为 10.0，低于60分，不触发且不搜索新闻。
2026-08-24 10:50:39,989 [INFO] [23/64] IONQ
2026-08-24 10:50:40,271 [INFO] IONQ 综合评分为 50.0，低于60分，不触发且不搜索新闻。
2026-08-24 10:50:40,471 [INFO] [24/64] QBTS
2026-08-24 10:50:40,778 [INFO] QBTS 综合评分为 44.0，低于60分，不触发且不搜索新闻。
2026-08-24 10:50:40,978 [INFO] [25/64] NVDA
2026-08-24 10:50:41,309 [INFO] NVDA 综合评分为 28.0，低于60分，不触发且不搜索新闻。
2026-08-24 10:50:41,509 [INFO] [26/64] AMZN
2026-08-24 10:50:41,791 [INFO] AMZN 综合评分为 15.0，低于60分，不触发且不搜索新闻。
2026-08-24 10:50:41,991 [INFO] [27/64] AMD
2026-08-24 10:50:42,270 [INFO] AMD 综合评分为 15.0，低于60分，不触发且不搜索新闻。
2026-08-24 10:50:42,471 [INFO] [28/64] CRCL
2026-08-24 10:50:42,924 [INFO] [29/64] FLY
2026-08-24 10:50:43,179 [INFO] FLY 综合评分为 24.0，低于60分，不触发且不搜索新闻。
2026-08-24 10:50:43,379 [INFO] [30/64] CBRS
2026-08-24 10:50:43,618 [WARNING] CBRS 历史行情不足：69 行
2026-08-24 10:50:43,618 [INFO] CBRS 综合评分为 0.0，低于60分，不触发且不搜索新闻。
2026-08-24 10:50:43,818 [INFO] [31/64] CIEN
2026-08-24 10:50:44,102 [INFO] CIEN 综合评分为 14.0，低于60分，不触发且不搜索新闻。
2026-08-24 10:50:44,302 [INFO] [32/64] SIVEF
2026-08-24 10:50:44,555 [INFO] SIVEF 综合评分为 29.0，低于60分，不触发且不搜索新闻。
2026-08-24 10:50:44,756 [INFO] [33/64] SHAZ
2026-08-24 10:50:45,008 [INFO] SHAZ 综合评分为 16.0，低于60分，不触发且不搜索新闻。
2026-08-24 10:50:45,208 [INFO] [34/64] LUNR
2026-08-24 10:50:45,486 [INFO] LUNR 综合评分为 44.0，低于60分，不触发且不搜索新闻。
2026-08-24 10:50:45,686 [INFO] [35/64] ASTS
2026-08-24 10:50:45,965 [INFO] ASTS 综合评分为 38.0，低于60分，不触发且不搜索新闻。
2026-08-24 10:50:46,165 [INFO] [36/64] AAOI
2026-08-24 10:50:46,470 [INFO] AAOI 综合评分为 20.0，低于60分，不触发且不搜索新闻。
2026-08-24 10:50:46,671 [INFO] [37/64] INOD
2026-08-24 10:50:46,957 [INFO] INOD 综合评分为 50.0，低于60分，不触发且不搜索新闻。
2026-08-24 10:50:47,157 [INFO] [38/64] SPCX
2026-08-24 10:50:47,874 [WARNING] SPCX 历史行情不足：49 行
2026-08-24 10:50:47,874 [INFO] SPCX 综合评分为 0.0，低于60分，不触发且不搜索新闻。
2026-08-24 10:50:48,074 [INFO] [39/64] RDW
2026-08-24 10:50:48,834 [INFO] RDW 综合评分为 33.0，低于60分，不触发且不搜索新闻。
2026-08-24 10:50:49,035 [INFO] [40/64] QCOM
2026-08-24 10:50:49,889 [INFO] QCOM 综合评分为 16.0，低于60分，不触发且不搜索新闻。
2026-08-24 10:50:50,090 [INFO] [41/64] COIN
2026-08-24 10:50:51,040 [INFO] [42/64] CORZ
2026-08-24 10:50:51,758 [INFO] CORZ 综合评分为 0.0，低于60分，不触发且不搜索新闻。
2026-08-24 10:50:51,959 [INFO] [43/64] IREN
2026-08-24 10:50:52,776 [INFO] IREN 综合评分为 19.0，低于60分，不触发且不搜索新闻。
2026-08-24 10:50:52,976 [INFO] [44/64] VELO
2026-08-24 10:50:53,770 [INFO] VELO 综合评分为 19.0，低于60分，不触发且不搜索新闻。
2026-08-24 10:50:53,970 [INFO] [45/64] MSFT
2026-08-24 10:50:54,853 [INFO] MSFT 综合评分为 34.0，低于60分，不触发且不搜索新闻。
2026-08-24 10:50:55,053 [INFO] [46/64] GOOG
2026-08-24 10:50:55,882 [INFO] GOOG 综合评分为 26.0，低于60分，不触发且不搜索新闻。
2026-08-24 10:50:56,082 [INFO] [47/64] AVGO
2026-08-24 10:50:56,840 [INFO] AVGO 综合评分为 10.0，低于60分，不触发且不搜索新闻。
2026-08-24 10:50:57,040 [INFO] [48/64] AMAT
2026-08-24 10:50:57,817 [INFO] AMAT 综合评分为 3.0，低于60分，不触发且不搜索新闻。
2026-08-24 10:50:58,017 [INFO] [49/64] AMKR
2026-08-24 10:50:58,832 [INFO] AMKR 综合评分为 5.0，低于60分，不触发且不搜索新闻。
2026-08-24 10:50:59,032 [INFO] [50/64] LRCX
2026-08-24 10:50:59,840 [INFO] LRCX 综合评分为 19.0，低于60分，不触发且不搜索新闻。
2026-08-24 10:51:00,040 [INFO] [51/64] SNDK
2026-08-24 10:51:00,714 [INFO] SNDK 综合评分为 35.0，低于60分，不触发且不搜索新闻。
2026-08-24 10:51:00,914 [INFO] [52/64] MU
2026-08-24 10:51:01,769 [INFO] MU 综合评分为 43.0，低于60分，不触发且不搜索新闻。
2026-08-24 10:51:01,970 [INFO] [53/64] VICR
2026-08-24 10:51:02,733 [INFO] VICR 综合评分为 5.0，低于60分，不触发且不搜索新闻。
2026-08-24 10:51:02,934 [INFO] [54/64] NNE
2026-08-24 10:51:03,681 [INFO] NNE 综合评分为 28.0，低于60分，不触发且不搜索新闻。
2026-08-24 10:51:03,882 [INFO] [55/64] CCJ
2026-08-24 10:51:04,976 [INFO] [56/64] VST
2026-08-24 10:51:05,747 [INFO] VST 综合评分为 5.0，低于60分，不触发且不搜索新闻。
2026-08-24 10:51:05,947 [INFO] [57/64] NEE
2026-08-24 10:51:06,853 [INFO] NEE 综合评分为 5.0，低于60分，不触发且不搜索新闻。
2026-08-24 10:51:07,053 [INFO] [58/64] BWAY
2026-08-24 10:51:07,735 [INFO] BWAY 综合评分为 9.0，低于60分，不触发且不搜索新闻。
2026-08-24 10:51:07,935 [INFO] [59/64] MANE
2026-08-24 10:51:08,687 [INFO] MANE 综合评分为 11.0，低于60分，不触发且不搜索新闻。
2026-08-24 10:51:08,888 [INFO] [60/64] QSI
2026-08-24 10:51:09,802 [INFO] [61/64] ERAS
2026-08-24 10:51:10,522 [INFO] ERAS 综合评分为 21.0，低于60分，不触发且不搜索新闻。
2026-08-24 10:51:10,723 [INFO] [62/64] CRSP
2026-08-24 10:51:11,748 [INFO] [63/64] IBRX
2026-08-24 10:51:12,627 [INFO] IBRX 综合评分为 39.0，低于60分，不触发且不搜索新闻。
2026-08-24 10:51:12,828 [INFO] [64/64] INSP
2026-08-24 10:51:13,794 [INFO] CCJ 达到 82.0 分，开始搜索新闻。
2026-08-24 10:51:14,555 [INFO] COIN 达到 76.0 分，开始搜索新闻。
2026-08-24 10:51:15,235 [INFO] INSP 达到 75.0 分，开始搜索新闻。
2026-08-24 10:51:15,903 [INFO] CRCL 达到 73.0 分，开始搜索新闻。
2026-08-24 10:51:16,841 [INFO] QSI 达到 73.0 分，开始搜索新闻。
2026-08-24 10:51:17,502 [INFO] CRSP 达到 69.0 分，开始搜索新闻。
2026-08-24 10:51:18,235 [INFO] 已写入 CROSS.txt：CCJ, COIN（3）, INSP（3）, CRCL（3）, QSI, CRSP（2）
2026-08-24 10:51:18,235 [INFO] 未配置 Google Sheets 授权，已跳过云端表格写入。可设置环境变量 GOOGLE_SERVICE_ACCOUNT_JSON，或把服务账号 JSON 放到：/home/runner/work/stock-monitor-cloud/stock-monitor-cloud/data/CROSS/google_service_account.json
2026-08-24 10:51:18,454 [INFO] 已更新 CCJ_1 跟踪 Excel：/home/runner/work/stock-monitor-cloud/stock-monitor-cloud/data/CROSS/EXCLE/CCJ_1_20260821.xlsx，记录 1/30 个交易日。
2026-08-24 10:51:18,682 [INFO] 已更新 COIN_1 跟踪 Excel：/home/runner/work/stock-monitor-cloud/stock-monitor-cloud/data/CROSS/EXCLE/COIN_1_20260819.xlsx，记录 3/30 个交易日。
2026-08-24 10:51:18,915 [INFO] 已更新 CRCL_1 跟踪 Excel：/home/runner/work/stock-monitor-cloud/stock-monitor-cloud/data/CROSS/EXCLE/CRCL_1_20260819.xlsx，记录 3/30 个交易日。
2026-08-24 10:51:19,127 [INFO] 已更新 CRSP_1 跟踪 Excel：/home/runner/work/stock-monitor-cloud/stock-monitor-cloud/data/CROSS/EXCLE/CRSP_1_20260819.xlsx，记录 3/30 个交易日。
2026-08-24 10:51:19,318 [INFO] 已更新 IBRX_1 跟踪 Excel：/home/runner/work/stock-monitor-cloud/stock-monitor-cloud/data/CROSS/EXCLE/IBRX_1_20260819.xlsx，记录 3/30 个交易日。
2026-08-24 10:51:19,513 [INFO] 已更新 INSP_1 跟踪 Excel：/home/runner/work/stock-monitor-cloud/stock-monitor-cloud/data/CROSS/EXCLE/INSP_1_20260819.xlsx，记录 3/30 个交易日。
2026-08-24 10:51:19,793 [INFO] 已更新 MRVL_1 跟踪 Excel：/home/runner/work/stock-monitor-cloud/stock-monitor-cloud/data/CROSS/EXCLE/MRVL_1_20260819.xlsx，记录 3/30 个交易日。
2026-08-24 10:51:19,985 [INFO] 已更新 QSI_1 跟踪 Excel：/home/runner/work/stock-monitor-cloud/stock-monitor-cloud/data/CROSS/EXCLE/QSI_1_20260821.xlsx，记录 1/30 个交易日。
2026-08-24 10:51:19,986 [INFO] 报告生成完成：/home/runner/work/stock-monitor-cloud/stock-monitor-cloud/data/CROSS/强势金叉监控报告_2026-08-21.docx
2026-08-25 07:16:41,880 [INFO] 开始扫描 64 只股票，正式交易日：2026-08-24
2026-08-25 07:16:41,880 [INFO] [1/64] NOK
2026-08-25 07:16:42,261 [INFO] NOK 综合评分为 10.0，低于60分，不触发且不搜索新闻。
2026-08-25 07:16:42,461 [INFO] [2/64] XE
2026-08-25 07:16:42,600 [INFO] XE 综合评分为 14.0，低于60分，不触发且不搜索新闻。
2026-08-25 07:16:42,800 [INFO] [3/64] RKLB
2026-08-25 07:16:43,139 [INFO] RKLB 综合评分为 9.0，低于60分，不触发且不搜索新闻。
2026-08-25 07:16:43,339 [INFO] [4/64] NBIS
2026-08-25 07:16:43,469 [INFO] NBIS 综合评分为 15.0，低于60分，不触发且不搜索新闻。
2026-08-25 07:16:43,669 [INFO] [5/64] ARM
2026-08-25 07:16:43,942 [INFO] ARM 综合评分为 4.0，低于60分，不触发且不搜索新闻。
2026-08-25 07:16:44,142 [INFO] [6/64] OPTX
2026-08-25 07:16:44,294 [INFO] OPTX 综合评分为 16.0，低于60分，不触发且不搜索新闻。
2026-08-25 07:16:44,495 [INFO] [7/64] GLW
2026-08-25 07:16:44,784 [INFO] GLW 综合评分为 4.0，低于60分，不触发且不搜索新闻。
2026-08-25 07:16:44,985 [INFO] [8/64] COHR
2026-08-25 07:16:45,259 [INFO] COHR 综合评分为 10.0，低于60分，不触发且不搜索新闻。
2026-08-25 07:16:45,459 [INFO] [9/64] LITE
2026-08-25 07:16:46,215 [INFO] LITE 综合评分为 25.0，低于60分，不触发且不搜索新闻。
2026-08-25 07:16:46,415 [INFO] [10/64] MRVL
2026-08-25 07:16:46,701 [INFO] MRVL 综合评分为 24.0，低于60分，不触发且不搜索新闻。
2026-08-25 07:16:46,902 [INFO] [11/64] INTC
2026-08-25 07:16:47,103 [INFO] INTC 综合评分为 4.0，低于60分，不触发且不搜索新闻。
2026-08-25 07:16:47,303 [INFO] [12/64] ALAB
2026-08-25 07:16:47,496 [INFO] ALAB 综合评分为 1.0，低于60分，不触发且不搜索新闻。
2026-08-25 07:16:47,696 [INFO] [13/64] FLNC
2026-08-25 07:16:47,983 [INFO] FLNC 综合评分为 0.0，低于60分，不触发且不搜索新闻。
2026-08-25 07:16:48,183 [INFO] [14/64] CRWV
2026-08-25 07:16:48,314 [INFO] CRWV 综合评分为 14.0，低于60分，不触发且不搜索新闻。
2026-08-25 07:16:48,514 [INFO] [15/64] ORCL
2026-08-25 07:16:48,727 [INFO] ORCL 综合评分为 20.0，低于60分，不触发且不搜索新闻。
2026-08-25 07:16:48,927 [INFO] [16/64] NVTS
2026-08-25 07:16:49,081 [INFO] NVTS 综合评分为 11.0，低于60分，不触发且不搜索新闻。
2026-08-25 07:16:49,281 [INFO] [17/64] POET
2026-08-25 07:16:49,480 [INFO] POET 综合评分为 9.0，低于60分，不触发且不搜索新闻。
2026-08-25 07:16:49,680 [INFO] [18/64] DELL
2026-08-25 07:16:49,891 [INFO] DELL 综合评分为 20.0，低于60分，不触发且不搜索新闻。
2026-08-25 07:16:50,092 [INFO] [19/64] BB
2026-08-25 07:16:50,275 [INFO] BB 综合评分为 0.0，低于60分，不触发且不搜索新闻。
2026-08-25 07:16:50,476 [INFO] [20/64] ONDS
2026-08-25 07:16:50,609 [INFO] ONDS 综合评分为 18.0，低于60分，不触发且不搜索新闻。
2026-08-25 07:16:50,810 [INFO] [21/64] SMR
2026-08-25 07:16:50,962 [INFO] SMR 综合评分为 23.0，低于60分，不触发且不搜索新闻。
2026-08-25 07:16:51,163 [INFO] [22/64] OKLO
2026-08-25 07:16:51,294 [INFO] OKLO 综合评分为 9.0，低于60分，不触发且不搜索新闻。
2026-08-25 07:16:51,494 [INFO] [23/64] IONQ
2026-08-25 07:16:51,816 [INFO] IONQ 综合评分为 15.0，低于60分，不触发且不搜索新闻。
2026-08-25 07:16:52,016 [INFO] [24/64] QBTS
2026-08-25 07:16:52,271 [INFO] QBTS 综合评分为 11.0，低于60分，不触发且不搜索新闻。
2026-08-25 07:16:52,472 [INFO] [25/64] NVDA
2026-08-25 07:16:52,693 [INFO] NVDA 综合评分为 19.0，低于60分，不触发且不搜索新闻。
2026-08-25 07:16:52,894 [INFO] [26/64] AMZN
2026-08-25 07:16:53,087 [INFO] AMZN 综合评分为 31.0，低于60分，不触发且不搜索新闻。
2026-08-25 07:16:53,287 [INFO] [27/64] AMD
2026-08-25 07:16:53,528 [INFO] AMD 综合评分为 9.0，低于60分，不触发且不搜索新闻。
2026-08-25 07:16:53,728 [INFO] [28/64] CRCL
2026-08-25 07:16:53,923 [INFO] CRCL 综合评分为 56.0，低于60分，不触发且不搜索新闻。
2026-08-25 07:16:54,123 [INFO] [29/64] FLY
2026-08-25 07:16:54,376 [INFO] FLY 综合评分为 15.0，低于60分，不触发且不搜索新闻。
2026-08-25 07:16:54,576 [INFO] [30/64] CBRS
2026-08-25 07:16:54,683 [WARNING] CBRS 历史行情不足：70 行
2026-08-25 07:16:54,683 [INFO] CBRS 综合评分为 0.0，低于60分，不触发且不搜索新闻。
2026-08-25 07:16:54,883 [INFO] [31/64] CIEN
2026-08-25 07:16:55,210 [INFO] CIEN 综合评分为 9.0，低于60分，不触发且不搜索新闻。
2026-08-25 07:16:55,410 [INFO] [32/64] SIVEF
2026-08-25 07:16:55,588 [INFO] SIVEF 综合评分为 3.0，低于60分，不触发且不搜索新闻。
2026-08-25 07:16:55,788 [INFO] [33/64] SHAZ
2026-08-25 07:16:56,036 [INFO] SHAZ 综合评分为 16.0，低于60分，不触发且不搜索新闻。
2026-08-25 07:16:56,236 [INFO] [34/64] LUNR
2026-08-25 07:16:56,498 [INFO] LUNR 综合评分为 20.0，低于60分，不触发且不搜索新闻。
2026-08-25 07:16:56,698 [INFO] [35/64] ASTS
2026-08-25 07:16:56,832 [INFO] ASTS 综合评分为 11.0，低于60分，不触发且不搜索新闻。
2026-08-25 07:16:57,032 [INFO] [36/64] AAOI
2026-08-25 07:16:57,199 [INFO] AAOI 综合评分为 15.0，低于60分，不触发且不搜索新闻。
2026-08-25 07:16:57,399 [INFO] [37/64] INOD
2026-08-25 07:16:57,580 [INFO] INOD 综合评分为 11.0，低于60分，不触发且不搜索新闻。
2026-08-25 07:16:57,780 [INFO] [38/64] SPCX
2026-08-25 07:16:58,287 [WARNING] SPCX 历史行情不足：50 行
2026-08-25 07:16:58,287 [INFO] SPCX 综合评分为 0.0，低于60分，不触发且不搜索新闻。
2026-08-25 07:16:58,488 [INFO] [39/64] RDW
2026-08-25 07:16:59,001 [INFO] RDW 综合评分为 20.0，低于60分，不触发且不搜索新闻。
2026-08-25 07:16:59,202 [INFO] [40/64] QCOM
2026-08-25 07:16:59,822 [INFO] QCOM 综合评分为 10.0，低于60分，不触发且不搜索新闻。
2026-08-25 07:17:00,022 [INFO] [41/64] COIN
2026-08-25 07:17:00,682 [INFO] [42/64] CORZ
2026-08-25 07:17:01,274 [INFO] CORZ 综合评分为 0.0，低于60分，不触发且不搜索新闻。
2026-08-25 07:17:01,475 [INFO] [43/64] IREN
2026-08-25 07:17:02,002 [INFO] IREN 综合评分为 11.0，低于60分，不触发且不搜索新闻。
2026-08-25 07:17:02,202 [INFO] [44/64] VELO
2026-08-25 07:17:02,640 [INFO] VELO 综合评分为 13.0，低于60分，不触发且不搜索新闻。
2026-08-25 07:17:02,840 [INFO] [45/64] MSFT
2026-08-25 07:17:03,413 [INFO] MSFT 综合评分为 36.0，低于60分，不触发且不搜索新闻。
2026-08-25 07:17:03,613 [INFO] [46/64] GOOG
2026-08-25 07:17:04,131 [INFO] GOOG 综合评分为 43.0，低于60分，不触发且不搜索新闻。
2026-08-25 07:17:04,331 [INFO] [47/64] AVGO
2026-08-25 07:17:04,920 [INFO] AVGO 综合评分为 0.0，低于60分，不触发且不搜索新闻。
2026-08-25 07:17:05,120 [INFO] [48/64] AMAT
2026-08-25 07:17:05,604 [INFO] AMAT 综合评分为 4.0，低于60分，不触发且不搜索新闻。
2026-08-25 07:17:05,805 [INFO] [49/64] AMKR
2026-08-25 07:17:06,280 [INFO] AMKR 综合评分为 3.0，低于60分，不触发且不搜索新闻。
2026-08-25 07:17:06,481 [INFO] [50/64] LRCX
2026-08-25 07:17:07,165 [INFO] LRCX 综合评分为 17.0，低于60分，不触发且不搜索新闻。
2026-08-25 07:17:07,365 [INFO] [51/64] SNDK
2026-08-25 07:17:07,779 [INFO] SNDK 综合评分为 16.0，低于60分，不触发且不搜索新闻。
2026-08-25 07:17:07,979 [INFO] [52/64] MU
2026-08-25 07:17:08,617 [INFO] MU 综合评分为 20.0，低于60分，不触发且不搜索新闻。
2026-08-25 07:17:08,817 [INFO] [53/64] VICR
2026-08-25 07:17:09,301 [INFO] VICR 综合评分为 13.0，低于60分，不触发且不搜索新闻。
2026-08-25 07:17:09,501 [INFO] [54/64] NNE
2026-08-25 07:17:10,011 [INFO] NNE 综合评分为 16.0，低于60分，不触发且不搜索新闻。
2026-08-25 07:17:10,212 [INFO] [55/64] CCJ
2026-08-25 07:17:10,925 [INFO] [56/64] VST
2026-08-25 07:17:11,406 [INFO] VST 综合评分为 3.0，低于60分，不触发且不搜索新闻。
2026-08-25 07:17:11,607 [INFO] [57/64] NEE
2026-08-25 07:17:12,181 [INFO] NEE 综合评分为 5.0，低于60分，不触发且不搜索新闻。
2026-08-25 07:17:12,381 [INFO] [58/64] BWAY
2026-08-25 07:17:12,848 [INFO] BWAY 综合评分为 6.0，低于60分，不触发且不搜索新闻。
2026-08-25 07:17:13,049 [INFO] [59/64] MANE
2026-08-25 07:17:14,009 [INFO] MANE 综合评分为 5.0，低于60分，不触发且不搜索新闻。
2026-08-25 07:17:14,209 [INFO] [60/64] QSI
2026-08-25 07:17:15,060 [INFO] QSI 综合评分为 31.0，低于60分，不触发且不搜索新闻。
2026-08-25 07:17:15,260 [INFO] [61/64] ERAS
2026-08-25 07:17:15,782 [INFO] ERAS 综合评分为 16.0，低于60分，不触发且不搜索新闻。
2026-08-25 07:17:15,982 [INFO] [62/64] CRSP
2026-08-25 07:17:16,472 [INFO] CRSP 综合评分为 35.0，低于60分，不触发且不搜索新闻。
2026-08-25 07:17:16,672 [INFO] [63/64] IBRX
2026-08-25 07:17:17,187 [INFO] IBRX 综合评分为 20.0，低于60分，不触发且不搜索新闻。
2026-08-25 07:17:17,388 [INFO] [64/64] INSP
2026-08-25 07:17:17,892 [INFO] INSP 综合评分为 43.0，低于60分，不触发且不搜索新闻。
2026-08-25 07:17:18,093 [INFO] CCJ 达到 65.0 分，开始搜索新闻。
2026-08-25 07:17:18,834 [INFO] COIN 达到 62.0 分，开始搜索新闻。
2026-08-25 07:17:19,526 [INFO] 已写入 CROSS.txt：CCJ（2）, COIN（4）
2026-08-25 07:17:19,526 [INFO] 未配置 Google Sheets 授权，已跳过云端表格写入。可设置环境变量 GOOGLE_SERVICE_ACCOUNT_JSON，或把服务账号 JSON 放到：/home/runner/work/stock-monitor-cloud/stock-monitor-cloud/data/CROSS/google_service_account.json
2026-08-25 07:17:20,038 [INFO] 已更新 CCJ_1 跟踪 Excel：/home/runner/work/stock-monitor-cloud/stock-monitor-cloud/data/CROSS/EXCLE/CCJ_1_20260821.xlsx，记录 2/30 个交易日。
2026-08-25 07:17:20,119 [INFO] 已更新 COIN_1 跟踪 Excel：/home/runner/work/stock-monitor-cloud/stock-monitor-cloud/data/CROSS/EXCLE/COIN_1_20260819.xlsx，记录 4/30 个交易日。
2026-08-25 07:17:20,194 [INFO] 已更新 CRCL_1 跟踪 Excel：/home/runner/work/stock-monitor-cloud/stock-monitor-cloud/data/CROSS/EXCLE/CRCL_1_20260819.xlsx，记录 4/30 个交易日。
2026-08-25 07:17:20,358 [INFO] 已更新 CRSP_1 跟踪 Excel：/home/runner/work/stock-monitor-cloud/stock-monitor-cloud/data/CROSS/EXCLE/CRSP_1_20260819.xlsx，记录 4/30 个交易日。
2026-08-25 07:17:20,437 [INFO] 已更新 IBRX_1 跟踪 Excel：/home/runner/work/stock-monitor-cloud/stock-monitor-cloud/data/CROSS/EXCLE/IBRX_1_20260819.xlsx，记录 4/30 个交易日。
2026-08-25 07:17:20,604 [INFO] 已更新 INSP_1 跟踪 Excel：/home/runner/work/stock-monitor-cloud/stock-monitor-cloud/data/CROSS/EXCLE/INSP_1_20260819.xlsx，记录 4/30 个交易日。
2026-08-25 07:17:21,124 [INFO] 已更新 MRVL_1 跟踪 Excel：/home/runner/work/stock-monitor-cloud/stock-monitor-cloud/data/CROSS/EXCLE/MRVL_1_20260819.xlsx，记录 4/30 个交易日。
2026-08-25 07:17:21,234 [INFO] 已更新 QSI_1 跟踪 Excel：/home/runner/work/stock-monitor-cloud/stock-monitor-cloud/data/CROSS/EXCLE/QSI_1_20260821.xlsx，记录 2/30 个交易日。
2026-08-25 07:17:21,234 [INFO] 报告生成完成：/home/runner/work/stock-monitor-cloud/stock-monitor-cloud/data/CROSS/强势金叉监控报告_2026-08-24.docx
2026-08-26 07:18:50,743 [INFO] 开始扫描 64 只股票，正式交易日：2026-08-25
2026-08-26 07:18:50,743 [INFO] [1/64] NOK
2026-08-26 07:18:51,115 [INFO] NOK 综合评分为 32.0，低于60分，不触发且不搜索新闻。
2026-08-26 07:18:51,315 [INFO] [2/64] XE
2026-08-26 07:18:51,554 [INFO] XE 综合评分为 31.0，低于60分，不触发且不搜索新闻。
2026-08-26 07:18:51,754 [INFO] [3/64] RKLB
2026-08-26 07:18:51,940 [INFO] RKLB 综合评分为 7.0，低于60分，不触发且不搜索新闻。
2026-08-26 07:18:52,140 [INFO] [4/64] NBIS
2026-08-26 07:18:52,322 [INFO] NBIS 综合评分为 29.0，低于60分，不触发且不搜索新闻。
2026-08-26 07:18:52,522 [INFO] [5/64] ARM
2026-08-26 07:18:52,818 [INFO] ARM 综合评分为 1.0，低于60分，不触发且不搜索新闻。
2026-08-26 07:18:53,018 [INFO] [6/64] OPTX
2026-08-26 07:18:53,284 [INFO] OPTX 综合评分为 11.0，低于60分，不触发且不搜索新闻。
2026-08-26 07:18:53,484 [INFO] [7/64] GLW
2026-08-26 07:18:53,813 [INFO] GLW 综合评分为 4.0，低于60分，不触发且不搜索新闻。
2026-08-26 07:18:54,013 [INFO] [8/64] COHR
2026-08-26 07:18:54,286 [INFO] COHR 综合评分为 17.0，低于60分，不触发且不搜索新闻。
2026-08-26 07:18:54,486 [INFO] [9/64] LITE
2026-08-26 07:18:54,909 [INFO] [10/64] MRVL
2026-08-26 07:18:55,216 [INFO] MRVL 综合评分为 52.0，低于60分，不触发且不搜索新闻。
2026-08-26 07:18:55,416 [INFO] [11/64] INTC
2026-08-26 07:18:55,718 [INFO] INTC 综合评分为 4.0，低于60分，不触发且不搜索新闻。
2026-08-26 07:18:55,918 [INFO] [12/64] ALAB
2026-08-26 07:18:56,114 [INFO] ALAB 综合评分为 5.0，低于60分，不触发且不搜索新闻。
2026-08-26 07:18:56,314 [INFO] [13/64] FLNC
2026-08-26 07:18:56,484 [INFO] FLNC 综合评分为 5.0，低于60分，不触发且不搜索新闻。
2026-08-26 07:18:56,685 [INFO] [14/64] CRWV
2026-08-26 07:18:56,859 [INFO] CRWV 综合评分为 17.0，低于60分，不触发且不搜索新闻。
2026-08-26 07:18:57,059 [INFO] [15/64] ORCL
2026-08-26 07:18:57,323 [INFO] ORCL 综合评分为 32.0，低于60分，不触发且不搜索新闻。
2026-08-26 07:18:57,523 [INFO] [16/64] NVTS
2026-08-26 07:18:57,736 [INFO] NVTS 综合评分为 15.0，低于60分，不触发且不搜索新闻。
2026-08-26 07:18:57,936 [INFO] [17/64] POET
2026-08-26 07:18:58,410 [INFO] POET 综合评分为 13.0，低于60分，不触发且不搜索新闻。
2026-08-26 07:18:58,611 [INFO] [18/64] DELL
2026-08-26 07:18:58,814 [INFO] DELL 综合评分为 38.0，低于60分，不触发且不搜索新闻。
2026-08-26 07:18:59,014 [INFO] [19/64] BB
2026-08-26 07:18:59,187 [INFO] BB 综合评分为 1.0，低于60分，不触发且不搜索新闻。
2026-08-26 07:18:59,387 [INFO] [20/64] ONDS
2026-08-26 07:18:59,567 [INFO] ONDS 综合评分为 18.0，低于60分，不触发且不搜索新闻。
2026-08-26 07:18:59,767 [INFO] [21/64] SMR
2026-08-26 07:19:00,227 [INFO] [22/64] OKLO
2026-08-26 07:19:00,652 [INFO] [23/64] IONQ
2026-08-26 07:19:00,865 [INFO] IONQ 综合评分为 23.0，低于60分，不触发且不搜索新闻。
2026-08-26 07:19:01,065 [INFO] [24/64] QBTS
2026-08-26 07:19:01,279 [INFO] QBTS 综合评分为 15.0，低于60分，不触发且不搜索新闻。
2026-08-26 07:19:01,479 [INFO] [25/64] NVDA
2026-08-26 07:19:01,779 [INFO] NVDA 综合评分为 24.0，低于60分，不触发且不搜索新闻。
2026-08-26 07:19:01,979 [INFO] [26/64] AMZN
2026-08-26 07:19:02,215 [INFO] AMZN 综合评分为 38.0，低于60分，不触发且不搜索新闻。
2026-08-26 07:19:02,415 [INFO] [27/64] AMD
2026-08-26 07:19:02,628 [INFO] AMD 综合评分为 17.0，低于60分，不触发且不搜索新闻。
2026-08-26 07:19:02,828 [INFO] [28/64] CRCL
2026-08-26 07:19:03,223 [INFO] [29/64] FLY
2026-08-26 07:19:03,409 [INFO] FLY 综合评分为 9.0，低于60分，不触发且不搜索新闻。
2026-08-26 07:19:03,610 [INFO] [30/64] CBRS
2026-08-26 07:19:03,804 [WARNING] CBRS 历史行情不足：71 行
2026-08-26 07:19:03,804 [INFO] CBRS 综合评分为 0.0，低于60分，不触发且不搜索新闻。
2026-08-26 07:19:04,004 [INFO] [31/64] CIEN
2026-08-26 07:19:04,173 [INFO] CIEN 综合评分为 13.0，低于60分，不触发且不搜索新闻。
2026-08-26 07:19:04,373 [INFO] [32/64] SIVEF
2026-08-26 07:19:04,596 [INFO] SIVEF 综合评分为 12.0，低于60分，不触发且不搜索新闻。
2026-08-26 07:19:04,796 [INFO] [33/64] SHAZ
2026-08-26 07:19:05,040 [INFO] SHAZ 综合评分为 20.0，低于60分，不触发且不搜索新闻。
2026-08-26 07:19:05,240 [INFO] [34/64] LUNR
2026-08-26 07:19:05,509 [INFO] LUNR 综合评分为 20.0，低于60分，不触发且不搜索新闻。
2026-08-26 07:19:05,709 [INFO] [35/64] ASTS
2026-08-26 07:19:05,952 [INFO] ASTS 综合评分为 9.0，低于60分，不触发且不搜索新闻。
2026-08-26 07:19:06,152 [INFO] [36/64] AAOI
2026-08-26 07:19:06,355 [INFO] AAOI 综合评分为 13.0，低于60分，不触发且不搜索新闻。
2026-08-26 07:19:06,555 [INFO] [37/64] INOD
2026-08-26 07:19:06,793 [INFO] INOD 综合评分为 3.0，低于60分，不触发且不搜索新闻。
2026-08-26 07:19:06,993 [INFO] [38/64] SPCX
2026-08-26 07:19:07,700 [WARNING] SPCX 历史行情不足：51 行
2026-08-26 07:19:07,701 [INFO] SPCX 综合评分为 0.0，低于60分，不触发且不搜索新闻。
2026-08-26 07:19:07,901 [INFO] [39/64] RDW
2026-08-26 07:19:08,457 [INFO] RDW 综合评分为 22.0，低于60分，不触发且不搜索新闻。
2026-08-26 07:19:08,657 [INFO] [40/64] QCOM
2026-08-26 07:19:09,294 [INFO] QCOM 综合评分为 16.0，低于60分，不触发且不搜索新闻。
2026-08-26 07:19:09,495 [INFO] [41/64] COIN
2026-08-26 07:19:10,391 [INFO] [42/64] CORZ
2026-08-26 07:19:11,056 [INFO] CORZ 综合评分为 5.0，低于60分，不触发且不搜索新闻。
2026-08-26 07:19:11,256 [INFO] [43/64] IREN
2026-08-26 07:19:11,893 [INFO] IREN 综合评分为 38.0，低于60分，不触发且不搜索新闻。
2026-08-26 07:19:12,093 [INFO] [44/64] VELO
2026-08-26 07:19:12,791 [INFO] VELO 综合评分为 17.0，低于60分，不触发且不搜索新闻。
2026-08-26 07:19:12,991 [INFO] [45/64] MSFT
2026-08-26 07:19:13,644 [INFO] MSFT 综合评分为 52.0，低于60分，不触发且不搜索新闻。
2026-08-26 07:19:13,844 [INFO] [46/64] GOOG
2026-08-26 07:19:14,533 [INFO] GOOG 综合评分为 20.0，低于60分，不触发且不搜索新闻。
2026-08-26 07:19:14,733 [INFO] [47/64] AVGO
2026-08-26 07:19:15,403 [INFO] AVGO 综合评分为 0.0，低于60分，不触发且不搜索新闻。
2026-08-26 07:19:15,603 [INFO] [48/64] AMAT
2026-08-26 07:19:16,182 [INFO] AMAT 综合评分为 0.0，低于60分，不触发且不搜索新闻。
2026-08-26 07:19:16,382 [INFO] [49/64] AMKR
2026-08-26 07:19:17,083 [INFO] AMKR 综合评分为 4.0，低于60分，不触发且不搜索新闻。
2026-08-26 07:19:17,283 [INFO] [50/64] LRCX
2026-08-26 07:19:17,966 [INFO] LRCX 综合评分为 20.0，低于60分，不触发且不搜索新闻。
2026-08-26 07:19:18,167 [INFO] [51/64] SNDK
2026-08-26 07:19:19,153 [INFO] SNDK 综合评分为 16.0，低于60分，不触发且不搜索新闻。
2026-08-26 07:19:19,353 [INFO] [52/64] MU
2026-08-26 07:19:20,051 [INFO] MU 综合评分为 28.0，低于60分，不触发且不搜索新闻。
2026-08-26 07:19:20,251 [INFO] [53/64] VICR
2026-08-26 07:19:20,920 [INFO] VICR 综合评分为 4.0，低于60分，不触发且不搜索新闻。
2026-08-26 07:19:21,120 [INFO] [54/64] NNE
2026-08-26 07:19:21,735 [INFO] NNE 综合评分为 42.0，低于60分，不触发且不搜索新闻。
2026-08-26 07:19:21,936 [INFO] [55/64] CCJ
2026-08-26 07:19:22,983 [INFO] [56/64] VST
2026-08-26 07:19:23,772 [INFO] VST 综合评分为 8.0，低于60分，不触发且不搜索新闻。
2026-08-26 07:19:23,972 [INFO] [57/64] NEE
2026-08-26 07:19:24,771 [INFO] NEE 综合评分为 10.0，低于60分，不触发且不搜索新闻。
2026-08-26 07:19:24,971 [INFO] [58/64] BWAY
2026-08-26 07:19:25,740 [INFO] BWAY 综合评分为 10.0，低于60分，不触发且不搜索新闻。
2026-08-26 07:19:25,940 [INFO] [59/64] MANE
2026-08-26 07:19:26,535 [INFO] MANE 综合评分为 13.0，低于60分，不触发且不搜索新闻。
2026-08-26 07:19:26,735 [INFO] [60/64] QSI
2026-08-26 07:19:27,561 [INFO] [61/64] ERAS
2026-08-26 07:19:28,134 [INFO] ERAS 综合评分为 21.0，低于60分，不触发且不搜索新闻。
2026-08-26 07:19:28,335 [INFO] [62/64] CRSP
2026-08-26 07:19:29,193 [INFO] [63/64] IBRX
2026-08-26 07:19:30,137 [INFO] [64/64] INSP
2026-08-26 07:19:30,710 [INFO] INSP 综合评分为 31.0，低于60分，不触发且不搜索新闻。
2026-08-26 07:19:30,910 [INFO] SMR 达到 78.0 分，开始搜索新闻。
2026-08-26 07:19:31,620 [INFO] CRCL 达到 75.0 分，开始搜索新闻。
2026-08-26 07:19:32,267 [INFO] OKLO 达到 72.0 分，开始搜索新闻。
2026-08-26 07:19:32,927 [INFO] QSI 达到 72.0 分，开始搜索新闻。
2026-08-26 07:19:34,085 [INFO] CCJ 达到 70.0 分，开始搜索新闻。
2026-08-26 07:19:34,762 [INFO] IBRX 达到 64.0 分，开始搜索新闻。
2026-08-26 07:19:35,464 [INFO] LITE 达到 63.0 分，开始搜索新闻。
2026-08-26 07:19:36,163 [INFO] COIN 达到 63.0 分，开始搜索新闻。
2026-08-26 07:19:36,830 [INFO] CRSP 达到 63.0 分，开始搜索新闻。
2026-08-26 07:19:37,580 [INFO] 已写入 CROSS.txt：SMR, CRCL（4）, OKLO, QSI（2）, CCJ（3）, IBRX（2）, LITE, COIN（5）, CRSP（3）
2026-08-26 07:19:37,580 [INFO] 未配置 Google Sheets 授权，已跳过云端表格写入。可设置环境变量 GOOGLE_SERVICE_ACCOUNT_JSON，或把服务账号 JSON 放到：/home/runner/work/stock-monitor-cloud/stock-monitor-cloud/data/CROSS/google_service_account.json
2026-08-26 07:19:37,881 [INFO] 已更新 CCJ_1 跟踪 Excel：/home/runner/work/stock-monitor-cloud/stock-monitor-cloud/data/CROSS/EXCLE/CCJ_1_20260821.xlsx，记录 3/30 个交易日。
2026-08-26 07:19:38,129 [INFO] 已更新 COIN_1 跟踪 Excel：/home/runner/work/stock-monitor-cloud/stock-monitor-cloud/data/CROSS/EXCLE/COIN_1_20260819.xlsx，记录 5/30 个交易日。
2026-08-26 07:19:38,344 [INFO] 已更新 CRCL_1 跟踪 Excel：/home/runner/work/stock-monitor-cloud/stock-monitor-cloud/data/CROSS/EXCLE/CRCL_1_20260819.xlsx，记录 5/30 个交易日。
2026-08-26 07:19:38,537 [INFO] 已更新 CRSP_1 跟踪 Excel：/home/runner/work/stock-monitor-cloud/stock-monitor-cloud/data/CROSS/EXCLE/CRSP_1_20260819.xlsx，记录 5/30 个交易日。
2026-08-26 07:19:38,757 [INFO] 已更新 IBRX_1 跟踪 Excel：/home/runner/work/stock-monitor-cloud/stock-monitor-cloud/data/CROSS/EXCLE/IBRX_1_20260819.xlsx，记录 5/30 个交易日。
2026-08-26 07:19:38,959 [INFO] 已更新 INSP_1 跟踪 Excel：/home/runner/work/stock-monitor-cloud/stock-monitor-cloud/data/CROSS/EXCLE/INSP_1_20260819.xlsx，记录 5/30 个交易日。
2026-08-26 07:19:39,228 [INFO] 已更新 LITE_1 跟踪 Excel：/home/runner/work/stock-monitor-cloud/stock-monitor-cloud/data/CROSS/EXCLE/LITE_1_20260825.xlsx，记录 1/30 个交易日。
2026-08-26 07:19:39,478 [INFO] 已更新 MRVL_1 跟踪 Excel：/home/runner/work/stock-monitor-cloud/stock-monitor-cloud/data/CROSS/EXCLE/MRVL_1_20260819.xlsx，记录 5/30 个交易日。
2026-08-26 07:19:39,675 [INFO] 已更新 OKLO_1 跟踪 Excel：/home/runner/work/stock-monitor-cloud/stock-monitor-cloud/data/CROSS/EXCLE/OKLO_1_20260825.xlsx，记录 1/30 个交易日。
2026-08-26 07:19:39,853 [INFO] 已更新 QSI_1 跟踪 Excel：/home/runner/work/stock-monitor-cloud/stock-monitor-cloud/data/CROSS/EXCLE/QSI_1_20260821.xlsx，记录 3/30 个交易日。
2026-08-26 07:19:40,051 [INFO] 已更新 SMR_1 跟踪 Excel：/home/runner/work/stock-monitor-cloud/stock-monitor-cloud/data/CROSS/EXCLE/SMR_1_20260825.xlsx，记录 1/30 个交易日。
2026-08-26 07:19:40,051 [INFO] 报告生成完成：/home/runner/work/stock-monitor-cloud/stock-monitor-cloud/data/CROSS/强势金叉监控报告_2026-08-25.docx
2026-08-27 09:36:49,337 [INFO] 开始扫描 64 只股票，正式交易日：2026-08-26
2026-08-27 09:36:49,337 [INFO] [1/64] NOK
2026-08-27 09:36:49,713 [INFO] NOK 综合评分为 32.0，低于60分，不触发且不搜索新闻。
2026-08-27 09:36:49,913 [INFO] [2/64] XE
2026-08-27 09:36:50,151 [INFO] XE 综合评分为 18.0，低于60分，不触发且不搜索新闻。
2026-08-27 09:36:50,352 [INFO] [3/64] RKLB
2026-08-27 09:36:50,598 [INFO] RKLB 综合评分为 1.0，低于60分，不触发且不搜索新闻。
2026-08-27 09:36:50,798 [INFO] [4/64] NBIS
2026-08-27 09:36:51,044 [INFO] NBIS 综合评分为 15.0，低于60分，不触发且不搜索新闻。
2026-08-27 09:36:51,244 [INFO] [5/64] ARM
2026-08-27 09:36:51,489 [INFO] ARM 综合评分为 11.0，低于60分，不触发且不搜索新闻。
2026-08-27 09:36:51,689 [INFO] [6/64] OPTX
2026-08-27 09:36:51,941 [INFO] OPTX 综合评分为 42.0，低于60分，不触发且不搜索新闻。
2026-08-27 09:36:52,141 [INFO] [7/64] GLW
2026-08-27 09:36:52,856 [INFO] GLW 综合评分为 36.0，低于60分，不触发且不搜索新闻。
2026-08-27 09:36:53,056 [INFO] [8/64] COHR
2026-08-27 09:36:53,302 [INFO] COHR 综合评分为 29.0，低于60分，不触发且不搜索新闻。
2026-08-27 09:36:53,502 [INFO] [9/64] LITE
2026-08-27 09:36:54,350 [INFO] [10/64] MRVL
2026-08-27 09:36:54,891 [INFO] [11/64] INTC
2026-08-27 09:36:55,299 [INFO] INTC 综合评分为 1.0，低于60分，不触发且不搜索新闻。
2026-08-27 09:36:55,499 [INFO] [12/64] ALAB
2026-08-27 09:36:55,761 [INFO] ALAB 综合评分为 17.0，低于60分，不触发且不搜索新闻。
2026-08-27 09:36:55,961 [INFO] [13/64] FLNC
2026-08-27 09:36:56,227 [INFO] FLNC 综合评分为 4.0，低于60分，不触发且不搜索新闻。
2026-08-27 09:36:56,427 [INFO] [14/64] CRWV
2026-08-27 09:36:56,673 [INFO] CRWV 综合评分为 14.0，低于60分，不触发且不搜索新闻。
2026-08-27 09:36:56,873 [INFO] [15/64] ORCL
2026-08-27 09:36:57,345 [INFO] [16/64] NVTS
2026-08-27 09:36:57,581 [INFO] NVTS 综合评分为 18.0，低于60分，不触发且不搜索新闻。
2026-08-27 09:36:57,781 [INFO] [17/64] POET
2026-08-27 09:36:58,047 [INFO] POET 综合评分为 10.0，低于60分，不触发且不搜索新闻。
2026-08-27 09:36:58,247 [INFO] [18/64] DELL
2026-08-27 09:36:58,587 [INFO] DELL 综合评分为 39.0，低于60分，不触发且不搜索新闻。
2026-08-27 09:36:58,788 [INFO] [19/64] BB
2026-08-27 09:36:59,032 [INFO] BB 综合评分为 5.0，低于60分，不触发且不搜索新闻。
2026-08-27 09:36:59,232 [INFO] [20/64] ONDS
2026-08-27 09:36:59,464 [INFO] ONDS 综合评分为 19.0，低于60分，不触发且不搜索新闻。
2026-08-27 09:36:59,664 [INFO] [21/64] SMR
2026-08-27 09:36:59,929 [INFO] SMR 综合评分为 46.0，低于60分，不触发且不搜索新闻。
2026-08-27 09:37:00,129 [INFO] [22/64] OKLO
2026-08-27 09:37:00,379 [INFO] OKLO 综合评分为 42.0，低于60分，不触发且不搜索新闻。
2026-08-27 09:37:00,579 [INFO] [23/64] IONQ
2026-08-27 09:37:00,820 [INFO] IONQ 综合评分为 15.0，低于60分，不触发且不搜索新闻。
2026-08-27 09:37:01,021 [INFO] [24/64] QBTS
2026-08-27 09:37:01,266 [INFO] QBTS 综合评分为 19.0，低于60分，不触发且不搜索新闻。
2026-08-27 09:37:01,466 [INFO] [25/64] NVDA
2026-08-27 09:37:01,822 [INFO] NVDA 综合评分为 23.0，低于60分，不触发且不搜索新闻。
2026-08-27 09:37:02,023 [INFO] [26/64] AMZN
2026-08-27 09:37:02,255 [INFO] AMZN 综合评分为 34.0，低于60分，不触发且不搜索新闻。
2026-08-27 09:37:02,455 [INFO] [27/64] AMD
2026-08-27 09:37:02,704 [INFO] AMD 综合评分为 31.0，低于60分，不触发且不搜索新闻。
2026-08-27 09:37:02,904 [INFO] [28/64] CRCL
2026-08-27 09:37:03,145 [INFO] CRCL 综合评分为 53.0，低于60分，不触发且不搜索新闻。
2026-08-27 09:37:03,346 [INFO] [29/64] FLY
2026-08-27 09:37:03,595 [INFO] FLY 综合评分为 9.0，低于60分，不触发且不搜索新闻。
2026-08-27 09:37:03,795 [INFO] [30/64] CBRS
2026-08-27 09:37:04,010 [WARNING] CBRS 历史行情不足：72 行
2026-08-27 09:37:04,010 [INFO] CBRS 综合评分为 0.0，低于60分，不触发且不搜索新闻。
2026-08-27 09:37:04,211 [INFO] [31/64] CIEN
2026-08-27 09:37:04,476 [INFO] CIEN 综合评分为 34.0，低于60分，不触发且不搜索新闻。
2026-08-27 09:37:04,677 [INFO] [32/64] SIVEF
2026-08-27 09:37:04,960 [INFO] SIVEF 综合评分为 26.0，低于60分，不触发且不搜索新闻。
2026-08-27 09:37:05,161 [INFO] [33/64] SHAZ
2026-08-27 09:37:05,404 [INFO] SHAZ 综合评分为 11.0，低于60分，不触发且不搜索新闻。
2026-08-27 09:37:05,604 [INFO] [34/64] LUNR
2026-08-27 09:37:05,851 [INFO] LUNR 综合评分为 15.0，低于60分，不触发且不搜索新闻。
2026-08-27 09:37:06,052 [INFO] [35/64] ASTS
2026-08-27 09:37:06,294 [INFO] ASTS 综合评分为 3.0，低于60分，不触发且不搜索新闻。
2026-08-27 09:37:06,494 [INFO] [36/64] AAOI
2026-08-27 09:37:06,761 [INFO] AAOI 综合评分为 13.0，低于60分，不触发且不搜索新闻。
2026-08-27 09:37:06,961 [INFO] [37/64] INOD
2026-08-27 09:37:07,196 [INFO] INOD 综合评分为 0.0，低于60分，不触发且不搜索新闻。
2026-08-27 09:37:07,397 [INFO] [38/64] SPCX
2026-08-27 09:37:07,830 [WARNING] SPCX 历史行情不足：52 行
2026-08-27 09:37:07,830 [INFO] SPCX 综合评分为 0.0，低于60分，不触发且不搜索新闻。
2026-08-27 09:37:08,030 [INFO] [39/64] RDW
2026-08-27 09:37:08,447 [INFO] RDW 综合评分为 18.0，低于60分，不触发且不搜索新闻。
2026-08-27 09:37:08,647 [INFO] [40/64] QCOM
2026-08-27 09:37:09,172 [INFO] QCOM 综合评分为 47.0，低于60分，不触发且不搜索新闻。
2026-08-27 09:37:09,372 [INFO] [41/64] COIN
2026-08-27 09:37:09,821 [INFO] COIN 综合评分为 46.0，低于60分，不触发且不搜索新闻。
2026-08-27 09:37:10,022 [INFO] [42/64] CORZ
2026-08-27 09:37:10,462 [INFO] CORZ 综合评分为 4.0，低于60分，不触发且不搜索新闻。
2026-08-27 09:37:10,663 [INFO] [43/64] IREN
2026-08-27 09:37:11,127 [INFO] IREN 综合评分为 9.0，低于60分，不触发且不搜索新闻。
2026-08-27 09:37:11,328 [INFO] [44/64] VELO
2026-08-27 09:37:11,908 [INFO] VELO 综合评分为 6.0，低于60分，不触发且不搜索新闻。
2026-08-27 09:37:12,108 [INFO] [45/64] MSFT
2026-08-27 09:37:12,800 [INFO] [46/64] GOOG
2026-08-27 09:37:13,284 [INFO] GOOG 综合评分为 12.0，低于60分，不触发且不搜索新闻。
2026-08-27 09:37:13,485 [INFO] [47/64] AVGO
2026-08-27 09:37:13,957 [INFO] AVGO 综合评分为 5.0，低于60分，不触发且不搜索新闻。
2026-08-27 09:37:14,157 [INFO] [48/64] AMAT
2026-08-27 09:37:14,727 [INFO] AMAT 综合评分为 1.0，低于60分，不触发且不搜索新闻。
2026-08-27 09:37:14,927 [INFO] [49/64] AMKR
2026-08-27 09:37:15,413 [INFO] AMKR 综合评分为 1.0，低于60分，不触发且不搜索新闻。
2026-08-27 09:37:15,613 [INFO] [50/64] LRCX
2026-08-27 09:37:16,054 [INFO] LRCX 综合评分为 12.0，低于60分，不触发且不搜索新闻。
2026-08-27 09:37:16,255 [INFO] [51/64] SNDK
2026-08-27 09:37:16,668 [INFO] SNDK 综合评分为 22.0，低于60分，不触发且不搜索新闻。
2026-08-27 09:37:16,869 [INFO] [52/64] MU
2026-08-27 09:37:17,359 [INFO] MU 综合评分为 29.0，低于60分，不触发且不搜索新闻。
2026-08-27 09:37:17,559 [INFO] [53/64] VICR
2026-08-27 09:37:17,979 [INFO] VICR 综合评分为 4.0，低于60分，不触发且不搜索新闻。
2026-08-27 09:37:18,179 [INFO] [54/64] NNE
2026-08-27 09:37:18,625 [INFO] NNE 综合评分为 16.0，低于60分，不触发且不搜索新闻。
2026-08-27 09:37:18,826 [INFO] [55/64] CCJ
2026-08-27 09:37:19,319 [INFO] CCJ 综合评分为 58.0，低于60分，不触发且不搜索新闻。
2026-08-27 09:37:19,519 [INFO] [56/64] VST
2026-08-27 09:37:20,050 [INFO] VST 综合评分为 8.0，低于60分，不触发且不搜索新闻。
2026-08-27 09:37:20,250 [INFO] [57/64] NEE
2026-08-27 09:37:20,934 [INFO] NEE 综合评分为 10.0，低于60分，不触发且不搜索新闻。
2026-08-27 09:37:21,134 [INFO] [58/64] BWAY
2026-08-27 09:37:21,542 [INFO] BWAY 综合评分为 1.0，低于60分，不触发且不搜索新闻。
2026-08-27 09:37:21,743 [INFO] [59/64] MANE
2026-08-27 09:37:22,200 [INFO] MANE 综合评分为 13.0，低于60分，不触发且不搜索新闻。
2026-08-27 09:37:22,400 [INFO] [60/64] QSI
2026-08-27 09:37:22,852 [INFO] QSI 综合评分为 42.0，低于60分，不触发且不搜索新闻。
2026-08-27 09:37:23,053 [INFO] [61/64] ERAS
2026-08-27 09:37:23,674 [INFO] [62/64] CRSP
2026-08-27 09:37:24,100 [INFO] CRSP 综合评分为 34.0，低于60分，不触发且不搜索新闻。
2026-08-27 09:37:24,300 [INFO] [63/64] IBRX
2026-08-27 09:37:25,320 [INFO] [64/64] INSP
2026-08-27 09:37:25,936 [INFO] INSP 综合评分为 48.0，低于60分，不触发且不搜索新闻。
2026-08-27 09:37:26,136 [INFO] LITE 达到 81.0 分，开始搜索新闻。
2026-08-27 09:37:26,791 [INFO] ERAS 达到 73.0 分，开始搜索新闻。
2026-08-27 09:37:27,380 [INFO] IBRX 达到 72.0 分，开始搜索新闻。
2026-08-27 09:37:28,490 [INFO] ORCL 达到 66.0 分，开始搜索新闻。
2026-08-27 09:37:29,100 [INFO] MSFT 达到 64.0 分，开始搜索新闻。
2026-08-27 09:37:29,705 [INFO] MRVL 达到 62.0 分，开始搜索新闻。
2026-08-27 09:37:30,369 [INFO] 已写入 CROSS.txt：LITE（2）, ERAS, IBRX（3）, ORCL, MSFT, MRVL（3）
2026-08-27 09:37:30,369 [INFO] 未配置 Google Sheets 授权，已跳过云端表格写入。可设置环境变量 GOOGLE_SERVICE_ACCOUNT_JSON，或把服务账号 JSON 放到：/home/runner/work/stock-monitor-cloud/stock-monitor-cloud/data/CROSS/google_service_account.json
2026-08-27 09:37:30,557 [INFO] 已更新 CCJ_1 跟踪 Excel：/home/runner/work/stock-monitor-cloud/stock-monitor-cloud/data/CROSS/EXCLE/CCJ_1_20260821.xlsx，记录 4/30 个交易日。
2026-08-27 09:37:30,698 [INFO] 已更新 COIN_1 跟踪 Excel：/home/runner/work/stock-monitor-cloud/stock-monitor-cloud/data/CROSS/EXCLE/COIN_1_20260819.xlsx，记录 6/30 个交易日。
2026-08-27 09:37:30,839 [INFO] 已更新 CRCL_1 跟踪 Excel：/home/runner/work/stock-monitor-cloud/stock-monitor-cloud/data/CROSS/EXCLE/CRCL_1_20260819.xlsx，记录 6/30 个交易日。
2026-08-27 09:37:31,020 [INFO] 已更新 CRSP_1 跟踪 Excel：/home/runner/work/stock-monitor-cloud/stock-monitor-cloud/data/CROSS/EXCLE/CRSP_1_20260819.xlsx，记录 6/30 个交易日。
2026-08-27 09:37:31,170 [INFO] 已更新 ERAS_1 跟踪 Excel：/home/runner/work/stock-monitor-cloud/stock-monitor-cloud/data/CROSS/EXCLE/ERAS_1_20260826.xlsx，记录 1/30 个交易日。
2026-08-27 09:37:31,330 [INFO] 已更新 IBRX_1 跟踪 Excel：/home/runner/work/stock-monitor-cloud/stock-monitor-cloud/data/CROSS/EXCLE/IBRX_1_20260819.xlsx，记录 6/30 个交易日。
2026-08-27 09:37:31,524 [INFO] 已更新 INSP_1 跟踪 Excel：/home/runner/work/stock-monitor-cloud/stock-monitor-cloud/data/CROSS/EXCLE/INSP_1_20260819.xlsx，记录 6/30 个交易日。
2026-08-27 09:37:31,677 [INFO] 已更新 LITE_1 跟踪 Excel：/home/runner/work/stock-monitor-cloud/stock-monitor-cloud/data/CROSS/EXCLE/LITE_1_20260825.xlsx，记录 2/30 个交易日。
2026-08-27 09:37:31,850 [INFO] 已更新 MRVL_1 跟踪 Excel：/home/runner/work/stock-monitor-cloud/stock-monitor-cloud/data/CROSS/EXCLE/MRVL_1_20260819.xlsx，记录 6/30 个交易日。
2026-08-27 09:37:32,019 [INFO] 已更新 MSFT_1 跟踪 Excel：/home/runner/work/stock-monitor-cloud/stock-monitor-cloud/data/CROSS/EXCLE/MSFT_1_20260826.xlsx，记录 1/30 个交易日。
2026-08-27 09:37:32,161 [INFO] 已更新 OKLO_1 跟踪 Excel：/home/runner/work/stock-monitor-cloud/stock-monitor-cloud/data/CROSS/EXCLE/OKLO_1_20260825.xlsx，记录 2/30 个交易日。
2026-08-27 09:37:32,383 [INFO] 已更新 ORCL_1 跟踪 Excel：/home/runner/work/stock-monitor-cloud/stock-monitor-cloud/data/CROSS/EXCLE/ORCL_1_20260826.xlsx，记录 1/30 个交易日。
2026-08-27 09:37:32,520 [INFO] 已更新 QSI_1 跟踪 Excel：/home/runner/work/stock-monitor-cloud/stock-monitor-cloud/data/CROSS/EXCLE/QSI_1_20260821.xlsx，记录 4/30 个交易日。
2026-08-27 09:37:32,673 [INFO] 已更新 SMR_1 跟踪 Excel：/home/runner/work/stock-monitor-cloud/stock-monitor-cloud/data/CROSS/EXCLE/SMR_1_20260825.xlsx，记录 2/30 个交易日。
2026-08-27 09:37:32,673 [INFO] 报告生成完成：/home/runner/work/stock-monitor-cloud/stock-monitor-cloud/data/CROSS/强势金叉监控报告_2026-08-26.docx
2026-08-27 12:10:23,766 [INFO] 报告已存在，未覆盖：/home/runner/work/stock-monitor-cloud/stock-monitor-cloud/data/CROSS/强势金叉监控报告_2026-08-26.docx。若需覆盖请使用 --force
2026-08-27 12:10:24,048 [INFO] 已更新 CCJ_1 跟踪 Excel：/home/runner/work/stock-monitor-cloud/stock-monitor-cloud/data/CROSS/EXCLE/CCJ_1_20260821.xlsx，记录 4/30 个交易日。
2026-08-27 12:10:24,188 [INFO] 已更新 COIN_1 跟踪 Excel：/home/runner/work/stock-monitor-cloud/stock-monitor-cloud/data/CROSS/EXCLE/COIN_1_20260819.xlsx，记录 6/30 个交易日。
2026-08-27 12:10:24,733 [INFO] 已更新 CRCL_1 跟踪 Excel：/home/runner/work/stock-monitor-cloud/stock-monitor-cloud/data/CROSS/EXCLE/CRCL_1_20260819.xlsx，记录 6/30 个交易日。
2026-08-27 12:10:24,871 [INFO] 已更新 CRSP_1 跟踪 Excel：/home/runner/work/stock-monitor-cloud/stock-monitor-cloud/data/CROSS/EXCLE/CRSP_1_20260819.xlsx，记录 6/30 个交易日。
2026-08-27 12:10:25,080 [INFO] 已更新 ERAS_1 跟踪 Excel：/home/runner/work/stock-monitor-cloud/stock-monitor-cloud/data/CROSS/EXCLE/ERAS_1_20260826.xlsx，记录 1/30 个交易日。
2026-08-27 12:10:25,228 [INFO] 已更新 IBRX_1 跟踪 Excel：/home/runner/work/stock-monitor-cloud/stock-monitor-cloud/data/CROSS/EXCLE/IBRX_1_20260819.xlsx，记录 6/30 个交易日。
2026-08-27 12:10:25,777 [INFO] 已更新 INSP_1 跟踪 Excel：/home/runner/work/stock-monitor-cloud/stock-monitor-cloud/data/CROSS/EXCLE/INSP_1_20260819.xlsx，记录 6/30 个交易日。
2026-08-27 12:10:25,929 [INFO] 已更新 LITE_1 跟踪 Excel：/home/runner/work/stock-monitor-cloud/stock-monitor-cloud/data/CROSS/EXCLE/LITE_1_20260825.xlsx，记录 2/30 个交易日。
2026-08-27 12:10:26,103 [INFO] 已更新 MRVL_1 跟踪 Excel：/home/runner/work/stock-monitor-cloud/stock-monitor-cloud/data/CROSS/EXCLE/MRVL_1_20260819.xlsx，记录 6/30 个交易日。
2026-08-27 12:10:26,317 [INFO] 已更新 MSFT_1 跟踪 Excel：/home/runner/work/stock-monitor-cloud/stock-monitor-cloud/data/CROSS/EXCLE/MSFT_1_20260826.xlsx，记录 1/30 个交易日。
2026-08-27 12:10:26,460 [INFO] 已更新 OKLO_1 跟踪 Excel：/home/runner/work/stock-monitor-cloud/stock-monitor-cloud/data/CROSS/EXCLE/OKLO_1_20260825.xlsx，记录 2/30 个交易日。
2026-08-27 12:10:26,640 [INFO] 已更新 ORCL_1 跟踪 Excel：/home/runner/work/stock-monitor-cloud/stock-monitor-cloud/data/CROSS/EXCLE/ORCL_1_20260826.xlsx，记录 1/30 个交易日。
2026-08-27 12:10:26,778 [INFO] 已更新 QSI_1 跟踪 Excel：/home/runner/work/stock-monitor-cloud/stock-monitor-cloud/data/CROSS/EXCLE/QSI_1_20260821.xlsx，记录 4/30 个交易日。
2026-08-27 12:10:26,930 [INFO] 已更新 SMR_1 跟踪 Excel：/home/runner/work/stock-monitor-cloud/stock-monitor-cloud/data/CROSS/EXCLE/SMR_1_20260825.xlsx，记录 2/30 个交易日。
2026-08-28 09:31:38,639 [INFO] 开始扫描 61 只股票，正式交易日：2026-08-27
2026-08-28 09:31:38,639 [INFO] [1/61] NOK
2026-08-28 09:31:39,373 [INFO] NOK 综合评分为 49.0，低于60分，不触发且不搜索新闻。
2026-08-28 09:31:39,574 [INFO] [2/61] XE
2026-08-28 09:31:39,824 [INFO] XE 综合评分为 21.0，低于60分，不触发且不搜索新闻。
2026-08-28 09:31:40,024 [INFO] [3/61] RKLB
2026-08-28 09:31:40,220 [INFO] RKLB 综合评分为 1.0，低于60分，不触发且不搜索新闻。
2026-08-28 09:31:40,420 [INFO] [4/61] NBIS
2026-08-28 09:31:40,608 [INFO] NBIS 综合评分为 19.0，低于60分，不触发且不搜索新闻。
2026-08-28 09:31:40,808 [INFO] [5/61] ARM
2026-08-28 09:31:40,966 [INFO] ARM 综合评分为 41.0，低于60分，不触发且不搜索新闻。
2026-08-28 09:31:41,166 [INFO] [6/61] OPTX
2026-08-28 09:31:41,312 [INFO] OPTX 综合评分为 47.0，低于60分，不触发且不搜索新闻。
2026-08-28 09:31:41,512 [INFO] [7/61] GLW
2026-08-28 09:31:41,738 [INFO] GLW 综合评分为 39.0，低于60分，不触发且不搜索新闻。
2026-08-28 09:31:41,938 [INFO] [8/61] COHR
2026-08-28 09:31:42,096 [INFO] COHR 综合评分为 29.0，低于60分，不触发且不搜索新闻。
2026-08-28 09:31:42,297 [INFO] [9/61] LITE
2026-08-28 09:31:42,656 [INFO] [10/61] MRVL
2026-08-28 09:31:43,037 [INFO] [11/61] INTC
2026-08-28 09:31:43,227 [INFO] INTC 综合评分为 11.0，低于60分，不触发且不搜索新闻。
2026-08-28 09:31:43,427 [INFO] [12/61] ALAB
2026-08-28 09:31:43,630 [INFO] ALAB 综合评分为 39.0，低于60分，不触发且不搜索新闻。
2026-08-28 09:31:43,830 [INFO] [13/61] FLNC
2026-08-28 09:31:43,986 [INFO] FLNC 综合评分为 38.0，低于60分，不触发且不搜索新闻。
2026-08-28 09:31:44,187 [INFO] [14/61] CRWV
2026-08-28 09:31:44,339 [INFO] CRWV 综合评分为 11.0，低于60分，不触发且不搜索新闻。
2026-08-28 09:31:44,539 [INFO] [15/61] ORCL
2026-08-28 09:31:44,913 [INFO] [16/61] NVTS
2026-08-28 09:31:45,065 [INFO] NVTS 综合评分为 10.0，低于60分，不触发且不搜索新闻。
2026-08-28 09:31:45,265 [INFO] [17/61] POET
2026-08-28 09:31:45,429 [INFO] POET 综合评分为 17.0，低于60分，不触发且不搜索新闻。
2026-08-28 09:31:45,630 [INFO] [18/61] DELL
2026-08-28 09:31:46,036 [INFO] [19/61] BB
2026-08-28 09:31:46,175 [INFO] BB 综合评分为 51.0，低于60分，不触发且不搜索新闻。
2026-08-28 09:31:46,375 [INFO] [20/61] ONDS
2026-08-28 09:31:46,527 [INFO] ONDS 综合评分为 53.0，低于60分，不触发且不搜索新闻。
2026-08-28 09:31:46,727 [INFO] [21/61] SMR
2026-08-28 09:31:46,882 [INFO] SMR 综合评分为 57.0，低于60分，不触发且不搜索新闻。
2026-08-28 09:31:47,082 [INFO] [22/61] OKLO
2026-08-28 09:31:47,222 [INFO] OKLO 综合评分为 36.0，低于60分，不触发且不搜索新闻。
2026-08-28 09:31:47,422 [INFO] [23/61] IONQ
2026-08-28 09:31:47,581 [INFO] IONQ 综合评分为 26.0，低于60分，不触发且不搜索新闻。
2026-08-28 09:31:47,781 [INFO] [24/61] QBTS
2026-08-28 09:31:47,935 [INFO] QBTS 综合评分为 13.0，低于60分，不触发且不搜索新闻。
2026-08-28 09:31:48,136 [INFO] [25/61] NVDA
2026-08-28 09:31:48,517 [INFO] [26/61] AMZN
2026-08-28 09:31:48,682 [INFO] AMZN 综合评分为 18.0，低于60分，不触发且不搜索新闻。
2026-08-28 09:31:48,882 [INFO] [27/61] AMD
2026-08-28 09:31:49,026 [INFO] AMD 综合评分为 49.0，低于60分，不触发且不搜索新闻。
2026-08-28 09:31:49,226 [INFO] [28/61] CRCL
2026-08-28 09:31:49,396 [INFO] CRCL 综合评分为 55.0，低于60分，不触发且不搜索新闻。
2026-08-28 09:31:49,597 [INFO] [29/61] FLY
2026-08-28 09:31:49,742 [INFO] FLY 综合评分为 7.0，低于60分，不触发且不搜索新闻。
2026-08-28 09:31:49,943 [INFO] [30/61] CBRS
2026-08-28 09:31:50,062 [WARNING] CBRS 历史行情不足：73 行
2026-08-28 09:31:50,062 [INFO] CBRS 综合评分为 0.0，低于60分，不触发且不搜索新闻。
2026-08-28 09:31:50,262 [INFO] [31/61] CIEN
2026-08-28 09:31:50,408 [INFO] CIEN 综合评分为 56.0，低于60分，不触发且不搜索新闻。
2026-08-28 09:31:50,609 [INFO] [32/61] SIVEF
2026-08-28 09:31:50,742 [WARNING] SIVEF 数据日期滞后：最新行情日期为 2026-08-26，缺少 2026-08-27 的正式收盘数据
2026-08-28 09:31:50,742 [INFO] SIVEF 综合评分为 0.0，低于60分，不触发且不搜索新闻。
2026-08-28 09:31:50,942 [INFO] [33/61] SHAZ
2026-08-28 09:31:51,080 [INFO] SHAZ 综合评分为 10.0，低于60分，不触发且不搜索新闻。
2026-08-28 09:31:51,280 [INFO] [34/61] LUNR
2026-08-28 09:31:51,487 [INFO] LUNR 综合评分为 18.0，低于60分，不触发且不搜索新闻。
2026-08-28 09:31:51,688 [INFO] [35/61] ASTS
2026-08-28 09:31:51,866 [INFO] ASTS 综合评分为 1.0，低于60分，不触发且不搜索新闻。
2026-08-28 09:31:52,066 [INFO] [36/61] AAOI
2026-08-28 09:31:52,588 [INFO] AAOI 综合评分为 10.0，低于60分，不触发且不搜索新闻。
2026-08-28 09:31:52,788 [INFO] [37/61] INOD
2026-08-28 09:31:52,945 [INFO] INOD 综合评分为 5.0，低于60分，不触发且不搜索新闻。
2026-08-28 09:31:53,145 [INFO] [38/61] SPCX
2026-08-28 09:31:53,550 [WARNING] SPCX 历史行情不足：53 行
2026-08-28 09:31:53,550 [INFO] SPCX 综合评分为 0.0，低于60分，不触发且不搜索新闻。
2026-08-28 09:31:53,750 [INFO] [39/61] RDW
2026-08-28 09:31:54,196 [INFO] RDW 综合评分为 16.0，低于60分，不触发且不搜索新闻。
2026-08-28 09:31:54,397 [INFO] [40/61] QCOM
2026-08-28 09:31:55,065 [INFO] [41/61] COIN
2026-08-28 09:31:55,495 [INFO] COIN 综合评分为 54.0，低于60分，不触发且不搜索新闻。
2026-08-28 09:31:55,696 [INFO] [42/61] CORZ
2026-08-28 09:31:56,210 [INFO] CORZ 综合评分为 5.0，低于60分，不触发且不搜索新闻。
2026-08-28 09:31:56,410 [INFO] [43/61] IREN
2026-08-28 09:31:56,862 [INFO] IREN 综合评分为 13.0，低于60分，不触发且不搜索新闻。
2026-08-28 09:31:57,062 [INFO] [44/61] VELO
2026-08-28 09:31:57,584 [INFO] VELO 综合评分为 10.0，低于60分，不触发且不搜索新闻。
2026-08-28 09:31:57,785 [INFO] [45/61] MSFT
2026-08-28 09:31:58,205 [INFO] MSFT 综合评分为 54.0，低于60分，不触发且不搜索新闻。
2026-08-28 09:31:58,405 [INFO] [46/61] GOOG
2026-08-28 09:31:58,901 [INFO] GOOG 综合评分为 11.0，低于60分，不触发且不搜索新闻。
2026-08-28 09:31:59,102 [INFO] [47/61] AVGO
2026-08-28 09:31:59,558 [INFO] AVGO 综合评分为 20.0，低于60分，不触发且不搜索新闻。
2026-08-28 09:31:59,759 [INFO] [48/61] AMAT
2026-08-28 09:32:00,254 [INFO] AMAT 综合评分为 8.0，低于60分，不触发且不搜索新闻。
2026-08-28 09:32:00,455 [INFO] [49/61] AMKR
2026-08-28 09:32:00,931 [INFO] AMKR 综合评分为 33.0，低于60分，不触发且不搜索新闻。
2026-08-28 09:32:01,131 [INFO] [50/61] LRCX
2026-08-28 09:32:01,616 [INFO] LRCX 综合评分为 42.0，低于60分，不触发且不搜索新闻。
2026-08-28 09:32:01,816 [INFO] [51/61] SNDK
2026-08-28 09:32:02,311 [INFO] SNDK 综合评分为 16.0，低于60分，不触发且不搜索新闻。
2026-08-28 09:32:02,511 [INFO] [52/61] MU
2026-08-28 09:32:02,975 [INFO] MU 综合评分为 24.0，低于60分，不触发且不搜索新闻。
2026-08-28 09:32:03,176 [INFO] [53/61] VICR
2026-08-28 09:32:03,666 [INFO] VICR 综合评分为 8.0，低于60分，不触发且不搜索新闻。
2026-08-28 09:32:03,867 [INFO] [54/61] NNE
2026-08-28 09:32:04,518 [INFO] [55/61] CCJ
2026-08-28 09:32:04,965 [INFO] CCJ 综合评分为 43.0，低于60分，不触发且不搜索新闻。
2026-08-28 09:32:05,166 [INFO] [56/61] BWAY
2026-08-28 09:32:05,602 [INFO] BWAY 综合评分为 8.0，低于60分，不触发且不搜索新闻。
2026-08-28 09:32:05,802 [INFO] [57/61] MANE
2026-08-28 09:32:06,250 [INFO] MANE 综合评分为 10.0，低于60分，不触发且不搜索新闻。
2026-08-28 09:32:06,450 [INFO] [58/61] QSI
2026-08-28 09:32:06,925 [INFO] QSI 综合评分为 38.0，低于60分，不触发且不搜索新闻。
2026-08-28 09:32:07,125 [INFO] [59/61] CRSP
2026-08-28 09:32:07,581 [INFO] CRSP 综合评分为 41.0，低于60分，不触发且不搜索新闻。
2026-08-28 09:32:07,782 [INFO] [60/61] IBRX
2026-08-28 09:32:08,456 [INFO] [61/61] INSP
2026-08-28 09:32:08,925 [INFO] INSP 综合评分为 30.0，低于60分，不触发且不搜索新闻。
2026-08-28 09:32:09,125 [INFO] IBRX 达到 81.0 分，开始搜索新闻。
2026-08-28 09:32:09,797 [INFO] NVDA 达到 79.0 分，开始搜索新闻。
2026-08-28 09:32:10,432 [INFO] LITE 达到 74.0 分，开始搜索新闻。
2026-08-28 09:32:11,069 [INFO] ORCL 达到 71.0 分，开始搜索新闻。
2026-08-28 09:32:12,041 [INFO] MRVL 达到 65.0 分，开始搜索新闻。
2026-08-28 09:32:12,669 [INFO] DELL 达到 63.0 分，开始搜索新闻。
2026-08-28 09:32:13,290 [INFO] QCOM 达到 63.0 分，开始搜索新闻。
2026-08-28 09:32:13,925 [INFO] NNE 达到 61.0 分，开始搜索新闻。
2026-08-28 09:32:14,614 [INFO] 已写入 CROSS.txt：IBRX（4）, NVDA, LITE（3）, ORCL（2）, MRVL（4）, DELL, QCOM, NNE
2026-08-28 09:32:14,614 [INFO] 未配置 Google Sheets 授权，已跳过云端表格写入。可设置环境变量 GOOGLE_SERVICE_ACCOUNT_JSON，或把服务账号 JSON 放到：/home/runner/work/stock-monitor-cloud/stock-monitor-cloud/data/CROSS/google_service_account.json
2026-08-28 09:32:14,771 [INFO] 已更新 CCJ_1 跟踪 Excel：/home/runner/work/stock-monitor-cloud/stock-monitor-cloud/data/CROSS/EXCLE/CCJ_1_20260821.xlsx，记录 5/30 个交易日。
2026-08-28 09:32:14,862 [INFO] 已更新 COIN_1 跟踪 Excel：/home/runner/work/stock-monitor-cloud/stock-monitor-cloud/data/CROSS/EXCLE/COIN_1_20260819.xlsx，记录 7/30 个交易日。
2026-08-28 09:32:14,979 [INFO] 已更新 CRCL_1 跟踪 Excel：/home/runner/work/stock-monitor-cloud/stock-monitor-cloud/data/CROSS/EXCLE/CRCL_1_20260819.xlsx，记录 7/30 个交易日。
2026-08-28 09:32:15,110 [INFO] 已更新 CRSP_1 跟踪 Excel：/home/runner/work/stock-monitor-cloud/stock-monitor-cloud/data/CROSS/EXCLE/CRSP_1_20260819.xlsx，记录 7/30 个交易日。
2026-08-28 09:32:15,219 [INFO] 已更新 DELL_1 跟踪 Excel：/home/runner/work/stock-monitor-cloud/stock-monitor-cloud/data/CROSS/EXCLE/DELL_1_20260827.xlsx，记录 1/30 个交易日。
2026-08-28 09:32:15,366 [INFO] 已更新 ERAS_1 跟踪 Excel：/home/runner/work/stock-monitor-cloud/stock-monitor-cloud/data/CROSS/EXCLE/ERAS_1_20260826.xlsx，记录 2/30 个交易日。
2026-08-28 09:32:15,450 [INFO] 已更新 IBRX_1 跟踪 Excel：/home/runner/work/stock-monitor-cloud/stock-monitor-cloud/data/CROSS/EXCLE/IBRX_1_20260819.xlsx，记录 7/30 个交易日。
2026-08-28 09:32:15,593 [INFO] 已更新 INSP_1 跟踪 Excel：/home/runner/work/stock-monitor-cloud/stock-monitor-cloud/data/CROSS/EXCLE/INSP_1_20260819.xlsx，记录 7/30 个交易日。
2026-08-28 09:32:15,731 [INFO] 已更新 LITE_1 跟踪 Excel：/home/runner/work/stock-monitor-cloud/stock-monitor-cloud/data/CROSS/EXCLE/LITE_1_20260825.xlsx，记录 3/30 个交易日。
2026-08-28 09:32:15,851 [INFO] 已更新 MRVL_1 跟踪 Excel：/home/runner/work/stock-monitor-cloud/stock-monitor-cloud/data/CROSS/EXCLE/MRVL_1_20260819.xlsx，记录 7/30 个交易日。
2026-08-28 09:32:15,993 [INFO] 已更新 MSFT_1 跟踪 Excel：/home/runner/work/stock-monitor-cloud/stock-monitor-cloud/data/CROSS/EXCLE/MSFT_1_20260826.xlsx，记录 2/30 个交易日。
2026-08-28 09:32:16,077 [INFO] 已更新 NNE_1 跟踪 Excel：/home/runner/work/stock-monitor-cloud/stock-monitor-cloud/data/CROSS/EXCLE/NNE_1_20260827.xlsx，记录 1/30 个交易日。
2026-08-28 09:32:16,206 [INFO] 已更新 NVDA_1 跟踪 Excel：/home/runner/work/stock-monitor-cloud/stock-monitor-cloud/data/CROSS/EXCLE/NVDA_1_20260827.xlsx，记录 1/30 个交易日。
2026-08-28 09:32:16,297 [INFO] 已更新 OKLO_1 跟踪 Excel：/home/runner/work/stock-monitor-cloud/stock-monitor-cloud/data/CROSS/EXCLE/OKLO_1_20260825.xlsx，记录 3/30 个交易日。
2026-08-28 09:32:16,411 [INFO] 已更新 ORCL_1 跟踪 Excel：/home/runner/work/stock-monitor-cloud/stock-monitor-cloud/data/CROSS/EXCLE/ORCL_1_20260826.xlsx，记录 2/30 个交易日。
2026-08-28 09:32:16,543 [INFO] 已更新 QCOM_1 跟踪 Excel：/home/runner/work/stock-monitor-cloud/stock-monitor-cloud/data/CROSS/EXCLE/QCOM_1_20260827.xlsx，记录 1/30 个交易日。
2026-08-28 09:32:16,645 [INFO] 已更新 QSI_1 跟踪 Excel：/home/runner/work/stock-monitor-cloud/stock-monitor-cloud/data/CROSS/EXCLE/QSI_1_20260821.xlsx，记录 5/30 个交易日。
2026-08-28 09:32:16,737 [INFO] 已更新 SMR_1 跟踪 Excel：/home/runner/work/stock-monitor-cloud/stock-monitor-cloud/data/CROSS/EXCLE/SMR_1_20260825.xlsx，记录 3/30 个交易日。
2026-08-28 09:32:16,737 [INFO] 报告生成完成：/home/runner/work/stock-monitor-cloud/stock-monitor-cloud/data/CROSS/强势金叉监控报告_2026-08-27.docx
2026-08-31 09:24:39,018 [INFO] 开始扫描 61 只股票，正式交易日：2026-08-28
2026-08-31 09:24:39,018 [INFO] [1/61] NOK
2026-08-31 09:24:39,430 [INFO] NOK 综合评分为 15.0，低于60分，不触发且不搜索新闻。
2026-08-31 09:24:39,631 [INFO] [2/61] XE
2026-08-31 09:24:39,773 [INFO] XE 综合评分为 0.0，低于60分，不触发且不搜索新闻。
2026-08-31 09:24:39,974 [INFO] [3/61] RKLB
2026-08-31 09:24:40,120 [INFO] RKLB 综合评分为 1.0，低于60分，不触发且不搜索新闻。
2026-08-31 09:24:40,321 [INFO] [4/61] NBIS
2026-08-31 09:24:40,471 [INFO] NBIS 综合评分为 13.0，低于60分，不触发且不搜索新闻。
2026-08-31 09:24:40,671 [INFO] [5/61] ARM
2026-08-31 09:24:40,862 [INFO] ARM 综合评分为 14.0，低于60分，不触发且不搜索新闻。
2026-08-31 09:24:41,062 [INFO] [6/61] OPTX
2026-08-31 09:24:41,229 [INFO] OPTX 综合评分为 49.0，低于60分，不触发且不搜索新闻。
2026-08-31 09:24:41,430 [INFO] [7/61] GLW
2026-08-31 09:24:41,657 [INFO] GLW 综合评分为 4.0，低于60分，不触发且不搜索新闻。
2026-08-31 09:24:41,858 [INFO] [8/61] COHR
2026-08-31 09:24:42,054 [INFO] COHR 综合评分为 4.0，低于60分，不触发且不搜索新闻。
2026-08-31 09:24:42,254 [INFO] [9/61] LITE
2026-08-31 09:24:42,450 [INFO] LITE 综合评分为 31.0，低于60分，不触发且不搜索新闻。
2026-08-31 09:24:42,650 [INFO] [10/61] MRVL
2026-08-31 09:24:42,825 [INFO] MRVL 综合评分为 25.0，低于60分，不触发且不搜索新闻。
2026-08-31 09:24:43,026 [INFO] [11/61] INTC
2026-08-31 09:24:43,234 [INFO] INTC 综合评分为 20.0，低于60分，不触发且不搜索新闻。
2026-08-31 09:24:43,434 [INFO] [12/61] ALAB
2026-08-31 09:24:43,610 [INFO] ALAB 综合评分为 30.0，低于60分，不触发且不搜索新闻。
2026-08-31 09:24:43,811 [INFO] [13/61] FLNC
2026-08-31 09:24:44,089 [INFO] FLNC 综合评分为 25.0，低于60分，不触发且不搜索新闻。
2026-08-31 09:24:44,289 [INFO] [14/61] CRWV
2026-08-31 09:24:44,459 [INFO] CRWV 综合评分为 10.0，低于60分，不触发且不搜索新闻。
2026-08-31 09:24:44,659 [INFO] [15/61] ORCL
2026-08-31 09:24:44,829 [INFO] ORCL 综合评分为 59.0，低于60分，不触发且不搜索新闻。
2026-08-31 09:24:45,030 [INFO] [16/61] NVTS
2026-08-31 09:24:45,206 [INFO] NVTS 综合评分为 5.0，低于60分，不触发且不搜索新闻。
2026-08-31 09:24:45,406 [INFO] [17/61] POET
2026-08-31 09:24:45,565 [INFO] POET 综合评分为 6.0，低于60分，不触发且不搜索新闻。
2026-08-31 09:24:45,766 [INFO] [18/61] DELL
2026-08-31 09:24:45,924 [INFO] DELL 综合评分为 36.0，低于60分，不触发且不搜索新闻。
2026-08-31 09:24:46,124 [INFO] [19/61] BB
2026-08-31 09:24:46,265 [INFO] BB 综合评分为 32.0，低于60分，不触发且不搜索新闻。
2026-08-31 09:24:46,465 [INFO] [20/61] ONDS
2026-08-31 09:24:46,811 [INFO] ONDS 综合评分为 13.0，低于60分，不触发且不搜索新闻。
2026-08-31 09:24:47,011 [INFO] [21/61] SMR
2026-08-31 09:24:47,157 [INFO] SMR 综合评分为 26.0，低于60分，不触发且不搜索新闻。
2026-08-31 09:24:47,357 [INFO] [22/61] OKLO
2026-08-31 09:24:47,501 [INFO] OKLO 综合评分为 9.0，低于60分，不触发且不搜索新闻。
2026-08-31 09:24:47,702 [INFO] [23/61] IONQ
2026-08-31 09:24:47,848 [INFO] IONQ 综合评分为 9.0，低于60分，不触发且不搜索新闻。
2026-08-31 09:24:48,048 [INFO] [24/61] QBTS
2026-08-31 09:24:48,231 [INFO] QBTS 综合评分为 0.0，低于60分，不触发且不搜索新闻。
2026-08-31 09:24:48,432 [INFO] [25/61] NVDA
2026-08-31 09:24:48,618 [INFO] NVDA 综合评分为 46.0，低于60分，不触发且不搜索新闻。
2026-08-31 09:24:48,818 [INFO] [26/61] AMZN
2026-08-31 09:24:49,162 [INFO] [27/61] AMD
2026-08-31 09:24:49,317 [INFO] AMD 综合评分为 12.0，低于60分，不触发且不搜索新闻。
2026-08-31 09:24:49,518 [INFO] [28/61] CRCL
2026-08-31 09:24:49,657 [INFO] CRCL 综合评分为 26.0，低于60分，不触发且不搜索新闻。
2026-08-31 09:24:49,858 [INFO] [29/61] FLY
2026-08-31 09:24:50,030 [INFO] FLY 综合评分为 7.0，低于60分，不触发且不搜索新闻。
2026-08-31 09:24:50,230 [INFO] [30/61] CBRS
2026-08-31 09:24:50,351 [WARNING] CBRS 历史行情不足：74 行
2026-08-31 09:24:50,351 [INFO] CBRS 综合评分为 0.0，低于60分，不触发且不搜索新闻。
2026-08-31 09:24:50,552 [INFO] [31/61] CIEN
2026-08-31 09:24:50,699 [INFO] CIEN 综合评分为 11.0，低于60分，不触发且不搜索新闻。
2026-08-31 09:24:50,900 [INFO] [32/61] SIVEF
2026-08-31 09:24:51,040 [WARNING] SIVEF 数据日期滞后：最新行情日期为 2026-08-27，缺少 2026-08-28 的正式收盘数据
2026-08-31 09:24:51,040 [INFO] SIVEF 综合评分为 0.0，低于60分，不触发且不搜索新闻。
2026-08-31 09:24:51,241 [INFO] [33/61] SHAZ
2026-08-31 09:24:51,388 [INFO] SHAZ 综合评分为 17.0，低于60分，不触发且不搜索新闻。
2026-08-31 09:24:51,588 [INFO] [34/61] LUNR
2026-08-31 09:24:51,779 [INFO] LUNR 综合评分为 9.0，低于60分，不触发且不搜索新闻。
2026-08-31 09:24:51,979 [INFO] [35/61] ASTS
2026-08-31 09:24:52,133 [INFO] ASTS 综合评分为 0.0，低于60分，不触发且不搜索新闻。
2026-08-31 09:24:52,333 [INFO] [36/61] AAOI
2026-08-31 09:24:52,535 [INFO] AAOI 综合评分为 6.0，低于60分，不触发且不搜索新闻。
2026-08-31 09:24:52,735 [INFO] [37/61] INOD
2026-08-31 09:24:52,926 [INFO] INOD 综合评分为 0.0，低于60分，不触发且不搜索新闻。
2026-08-31 09:24:53,126 [INFO] [38/61] SPCX
2026-08-31 09:24:53,546 [WARNING] SPCX 历史行情不足：54 行
2026-08-31 09:24:53,546 [INFO] SPCX 综合评分为 0.0，低于60分，不触发且不搜索新闻。
2026-08-31 09:24:53,746 [INFO] [39/61] RDW
2026-08-31 09:24:54,185 [INFO] RDW 综合评分为 11.0，低于60分，不触发且不搜索新闻。
2026-08-31 09:24:54,385 [INFO] [40/61] QCOM
2026-08-31 09:24:54,822 [INFO] QCOM 综合评分为 40.0，低于60分，不触发且不搜索新闻。
2026-08-31 09:24:55,022 [INFO] [41/61] COIN
2026-08-31 09:24:55,474 [INFO] COIN 综合评分为 27.0，低于60分，不触发且不搜索新闻。
2026-08-31 09:24:55,674 [INFO] [42/61] CORZ
2026-08-31 09:24:56,104 [INFO] CORZ 综合评分为 0.0，低于60分，不触发且不搜索新闻。
2026-08-31 09:24:56,305 [INFO] [43/61] IREN
2026-08-31 09:24:56,701 [INFO] IREN 综合评分为 16.0，低于60分，不触发且不搜索新闻。
2026-08-31 09:24:56,901 [INFO] [44/61] VELO
2026-08-31 09:24:57,333 [INFO] VELO 综合评分为 6.0，低于60分，不触发且不搜索新闻。
2026-08-31 09:24:57,533 [INFO] [45/61] MSFT
2026-08-31 09:24:58,079 [INFO] MSFT 综合评分为 54.0，低于60分，不触发且不搜索新闻。
2026-08-31 09:24:58,280 [INFO] [46/61] GOOG
2026-08-31 09:24:58,757 [INFO] GOOG 综合评分为 43.0，低于60分，不触发且不搜索新闻。
2026-08-31 09:24:58,957 [INFO] [47/61] AVGO
2026-08-31 09:24:59,397 [INFO] AVGO 综合评分为 22.0，低于60分，不触发且不搜索新闻。
2026-08-31 09:24:59,597 [INFO] [48/61] AMAT
2026-08-31 09:25:00,069 [INFO] AMAT 综合评分为 0.0，低于60分，不触发且不搜索新闻。
2026-08-31 09:25:00,270 [INFO] [49/61] AMKR
2026-08-31 09:25:00,749 [INFO] AMKR 综合评分为 15.0，低于60分，不触发且不搜索新闻。
2026-08-31 09:25:00,949 [INFO] [50/61] LRCX
2026-08-31 09:25:01,451 [INFO] LRCX 综合评分为 11.0，低于60分，不触发且不搜索新闻。
2026-08-31 09:25:01,651 [INFO] [51/61] SNDK
2026-08-31 09:25:02,071 [INFO] SNDK 综合评分为 20.0，低于60分，不触发且不搜索新闻。
2026-08-31 09:25:02,272 [INFO] [52/61] MU
2026-08-31 09:25:02,777 [INFO] MU 综合评分为 24.0，低于60分，不触发且不搜索新闻。
2026-08-31 09:25:02,978 [INFO] [53/61] VICR
2026-08-31 09:25:03,391 [INFO] VICR 综合评分为 0.0，低于60分，不触发且不搜索新闻。
2026-08-31 09:25:03,591 [INFO] [54/61] NNE
2026-08-31 09:25:04,060 [INFO] NNE 综合评分为 11.0，低于60分，不触发且不搜索新闻。
2026-08-31 09:25:04,261 [INFO] [55/61] CCJ
2026-08-31 09:25:04,755 [INFO] CCJ 综合评分为 36.0，低于60分，不触发且不搜索新闻。
2026-08-31 09:25:04,955 [INFO] [56/61] BWAY
2026-08-31 09:25:05,359 [INFO] BWAY 综合评分为 17.0，低于60分，不触发且不搜索新闻。
2026-08-31 09:25:05,560 [INFO] [57/61] MANE
2026-08-31 09:25:05,959 [INFO] MANE 综合评分为 5.0，低于60分，不触发且不搜索新闻。
2026-08-31 09:25:06,159 [INFO] [58/61] QSI
2026-08-31 09:25:06,582 [INFO] QSI 综合评分为 11.0，低于60分，不触发且不搜索新闻。
2026-08-31 09:25:06,782 [INFO] [59/61] CRSP
2026-08-31 09:25:07,187 [INFO] CRSP 综合评分为 30.0，低于60分，不触发且不搜索新闻。
2026-08-31 09:25:07,388 [INFO] [60/61] IBRX
2026-08-31 09:25:07,825 [INFO] IBRX 综合评分为 29.0，低于60分，不触发且不搜索新闻。
2026-08-31 09:25:08,025 [INFO] [61/61] INSP
2026-08-31 09:25:08,502 [INFO] INSP 综合评分为 36.0，低于60分，不触发且不搜索新闻。
2026-08-31 09:25:08,703 [INFO] AMZN 达到 63.0 分，开始搜索新闻。
2026-08-31 09:25:09,387 [INFO] 已写入 CROSS.txt：AMZN
2026-08-31 09:25:09,387 [INFO] 未配置 Google Sheets 授权，已跳过云端表格写入。可设置环境变量 GOOGLE_SERVICE_ACCOUNT_JSON，或把服务账号 JSON 放到：/home/runner/work/stock-monitor-cloud/stock-monitor-cloud/data/CROSS/google_service_account.json
2026-08-31 09:25:09,498 [INFO] 已更新 AMZN_1 跟踪 Excel：/home/runner/work/stock-monitor-cloud/stock-monitor-cloud/data/CROSS/EXCLE/AMZN_1_20260828.xlsx，记录 1/30 个交易日。
2026-08-31 09:25:09,632 [INFO] 已更新 CCJ_1 跟踪 Excel：/home/runner/work/stock-monitor-cloud/stock-monitor-cloud/data/CROSS/EXCLE/CCJ_1_20260821.xlsx，记录 6/30 个交易日。
2026-08-31 09:25:09,737 [INFO] 已更新 COIN_1 跟踪 Excel：/home/runner/work/stock-monitor-cloud/stock-monitor-cloud/data/CROSS/EXCLE/COIN_1_20260819.xlsx，记录 8/30 个交易日。
2026-08-31 09:25:09,830 [INFO] 已更新 CRCL_1 跟踪 Excel：/home/runner/work/stock-monitor-cloud/stock-monitor-cloud/data/CROSS/EXCLE/CRCL_1_20260819.xlsx，记录 8/30 个交易日。
2026-08-31 09:25:09,929 [INFO] 已更新 CRSP_1 跟踪 Excel：/home/runner/work/stock-monitor-cloud/stock-monitor-cloud/data/CROSS/EXCLE/CRSP_1_20260819.xlsx，记录 8/30 个交易日。
2026-08-31 09:25:10,035 [INFO] 已更新 DELL_1 跟踪 Excel：/home/runner/work/stock-monitor-cloud/stock-monitor-cloud/data/CROSS/EXCLE/DELL_1_20260827.xlsx，记录 2/30 个交易日。
2026-08-31 09:25:10,199 [INFO] 已更新 ERAS_1 跟踪 Excel：/home/runner/work/stock-monitor-cloud/stock-monitor-cloud/data/CROSS/EXCLE/ERAS_1_20260826.xlsx，记录 3/30 个交易日。
2026-08-31 09:25:10,296 [INFO] 已更新 IBRX_1 跟踪 Excel：/home/runner/work/stock-monitor-cloud/stock-monitor-cloud/data/CROSS/EXCLE/IBRX_1_20260819.xlsx，记录 8/30 个交易日。
2026-08-31 09:25:10,385 [INFO] 已更新 INSP_1 跟踪 Excel：/home/runner/work/stock-monitor-cloud/stock-monitor-cloud/data/CROSS/EXCLE/INSP_1_20260819.xlsx，记录 8/30 个交易日。
2026-08-31 09:25:10,485 [INFO] 已更新 LITE_1 跟踪 Excel：/home/runner/work/stock-monitor-cloud/stock-monitor-cloud/data/CROSS/EXCLE/LITE_1_20260825.xlsx，记录 4/30 个交易日。
2026-08-31 09:25:10,676 [INFO] 已更新 MRVL_1 跟踪 Excel：/home/runner/work/stock-monitor-cloud/stock-monitor-cloud/data/CROSS/EXCLE/MRVL_1_20260819.xlsx，记录 8/30 个交易日。
2026-08-31 09:25:10,794 [INFO] 已更新 MSFT_1 跟踪 Excel：/home/runner/work/stock-monitor-cloud/stock-monitor-cloud/data/CROSS/EXCLE/MSFT_1_20260826.xlsx，记录 3/30 个交易日。
2026-08-31 09:25:11,044 [INFO] 已更新 NNE_1 跟踪 Excel：/home/runner/work/stock-monitor-cloud/stock-monitor-cloud/data/CROSS/EXCLE/NNE_1_20260827.xlsx，记录 2/30 个交易日。
2026-08-31 09:25:11,204 [INFO] 已更新 NVDA_1 跟踪 Excel：/home/runner/work/stock-monitor-cloud/stock-monitor-cloud/data/CROSS/EXCLE/NVDA_1_20260827.xlsx，记录 2/30 个交易日。
2026-08-31 09:25:11,304 [INFO] 已更新 OKLO_1 跟踪 Excel：/home/runner/work/stock-monitor-cloud/stock-monitor-cloud/data/CROSS/EXCLE/OKLO_1_20260825.xlsx，记录 4/30 个交易日。
2026-08-31 09:25:11,442 [INFO] 已更新 ORCL_1 跟踪 Excel：/home/runner/work/stock-monitor-cloud/stock-monitor-cloud/data/CROSS/EXCLE/ORCL_1_20260826.xlsx，记录 3/30 个交易日。
2026-08-31 09:25:11,561 [INFO] 已更新 QCOM_1 跟踪 Excel：/home/runner/work/stock-monitor-cloud/stock-monitor-cloud/data/CROSS/EXCLE/QCOM_1_20260827.xlsx，记录 2/30 个交易日。
2026-08-31 09:25:11,716 [INFO] 已更新 QSI_1 跟踪 Excel：/home/runner/work/stock-monitor-cloud/stock-monitor-cloud/data/CROSS/EXCLE/QSI_1_20260821.xlsx，记录 6/30 个交易日。
2026-08-31 09:25:11,859 [INFO] 已更新 SMR_1 跟踪 Excel：/home/runner/work/stock-monitor-cloud/stock-monitor-cloud/data/CROSS/EXCLE/SMR_1_20260825.xlsx，记录 4/30 个交易日。
2026-08-31 09:25:11,859 [INFO] 报告生成完成：/home/runner/work/stock-monitor-cloud/stock-monitor-cloud/data/CROSS/强势金叉监控报告_2026-08-28.docx
2026-08-31 09:30:40,241 [INFO] 报告已存在，未覆盖：/home/runner/work/stock-monitor-cloud/stock-monitor-cloud/data/CROSS/强势金叉监控报告_2026-08-28.docx。若需覆盖请使用 --force
2026-08-31 09:30:40,512 [INFO] 已更新 AMZN_1 跟踪 Excel：/home/runner/work/stock-monitor-cloud/stock-monitor-cloud/data/CROSS/EXCLE/AMZN_1_20260828.xlsx，记录 1/30 个交易日。
2026-08-31 09:30:40,712 [INFO] 已更新 CCJ_1 跟踪 Excel：/home/runner/work/stock-monitor-cloud/stock-monitor-cloud/data/CROSS/EXCLE/CCJ_1_20260821.xlsx，记录 6/30 个交易日。
2026-08-31 09:30:40,866 [INFO] 已更新 COIN_1 跟踪 Excel：/home/runner/work/stock-monitor-cloud/stock-monitor-cloud/data/CROSS/EXCLE/COIN_1_20260819.xlsx，记录 8/30 个交易日。
2026-08-31 09:30:40,996 [INFO] 已更新 CRCL_1 跟踪 Excel：/home/runner/work/stock-monitor-cloud/stock-monitor-cloud/data/CROSS/EXCLE/CRCL_1_20260819.xlsx，记录 8/30 个交易日。
2026-08-31 09:30:41,228 [INFO] 已更新 CRSP_1 跟踪 Excel：/home/runner/work/stock-monitor-cloud/stock-monitor-cloud/data/CROSS/EXCLE/CRSP_1_20260819.xlsx，记录 8/30 个交易日。
2026-08-31 09:30:41,411 [INFO] 已更新 DELL_1 跟踪 Excel：/home/runner/work/stock-monitor-cloud/stock-monitor-cloud/data/CROSS/EXCLE/DELL_1_20260827.xlsx，记录 2/30 个交易日。
2026-08-31 09:30:41,546 [INFO] 已更新 ERAS_1 跟踪 Excel：/home/runner/work/stock-monitor-cloud/stock-monitor-cloud/data/CROSS/EXCLE/ERAS_1_20260826.xlsx，记录 3/30 个交易日。
2026-08-31 09:30:41,713 [INFO] 已更新 IBRX_1 跟踪 Excel：/home/runner/work/stock-monitor-cloud/stock-monitor-cloud/data/CROSS/EXCLE/IBRX_1_20260819.xlsx，记录 8/30 个交易日。
2026-08-31 09:30:41,864 [INFO] 已更新 INSP_1 跟踪 Excel：/home/runner/work/stock-monitor-cloud/stock-monitor-cloud/data/CROSS/EXCLE/INSP_1_20260819.xlsx，记录 8/30 个交易日。
2026-08-31 09:30:42,156 [INFO] 已更新 LITE_1 跟踪 Excel：/home/runner/work/stock-monitor-cloud/stock-monitor-cloud/data/CROSS/EXCLE/LITE_1_20260825.xlsx，记录 4/30 个交易日。
2026-08-31 09:30:42,359 [INFO] 已更新 MRVL_1 跟踪 Excel：/home/runner/work/stock-monitor-cloud/stock-monitor-cloud/data/CROSS/EXCLE/MRVL_1_20260819.xlsx，记录 8/30 个交易日。
2026-08-31 09:30:42,552 [INFO] 已更新 MSFT_1 跟踪 Excel：/home/runner/work/stock-monitor-cloud/stock-monitor-cloud/data/CROSS/EXCLE/MSFT_1_20260826.xlsx，记录 3/30 个交易日。
2026-08-31 09:30:42,715 [INFO] 已更新 NNE_1 跟踪 Excel：/home/runner/work/stock-monitor-cloud/stock-monitor-cloud/data/CROSS/EXCLE/NNE_1_20260827.xlsx，记录 2/30 个交易日。
2026-08-31 09:30:42,898 [INFO] 已更新 NVDA_1 跟踪 Excel：/home/runner/work/stock-monitor-cloud/stock-monitor-cloud/data/CROSS/EXCLE/NVDA_1_20260827.xlsx，记录 2/30 个交易日。
2026-08-31 09:30:43,044 [INFO] 已更新 OKLO_1 跟踪 Excel：/home/runner/work/stock-monitor-cloud/stock-monitor-cloud/data/CROSS/EXCLE/OKLO_1_20260825.xlsx，记录 4/30 个交易日。
2026-08-31 09:30:43,227 [INFO] 已更新 ORCL_1 跟踪 Excel：/home/runner/work/stock-monitor-cloud/stock-monitor-cloud/data/CROSS/EXCLE/ORCL_1_20260826.xlsx，记录 3/30 个交易日。
2026-08-31 09:30:43,415 [INFO] 已更新 QCOM_1 跟踪 Excel：/home/runner/work/stock-monitor-cloud/stock-monitor-cloud/data/CROSS/EXCLE/QCOM_1_20260827.xlsx，记录 2/30 个交易日。
2026-08-31 09:30:43,578 [INFO] 已更新 QSI_1 跟踪 Excel：/home/runner/work/stock-monitor-cloud/stock-monitor-cloud/data/CROSS/EXCLE/QSI_1_20260821.xlsx，记录 6/30 个交易日。
2026-08-31 09:30:44,210 [INFO] 已更新 SMR_1 跟踪 Excel：/home/runner/work/stock-monitor-cloud/stock-monitor-cloud/data/CROSS/EXCLE/SMR_1_20260825.xlsx，记录 4/30 个交易日。
2026-09-01 09:52:11,975 [INFO] 开始扫描 61 只股票，正式交易日：2026-08-31
2026-09-01 09:52:11,975 [INFO] [1/61] NOK
2026-09-01 09:52:12,221 [INFO] NOK 综合评分为 10.0，低于60分，不触发且不搜索新闻。
2026-09-01 09:52:12,421 [INFO] [2/61] XE
2026-09-01 09:52:12,526 [INFO] XE 综合评分为 40.0，低于60分，不触发且不搜索新闻。
2026-09-01 09:52:12,726 [INFO] [3/61] RKLB
2026-09-01 09:52:12,855 [INFO] RKLB 综合评分为 1.0，低于60分，不触发且不搜索新闻。
2026-09-01 09:52:13,056 [INFO] [4/61] NBIS
2026-09-01 09:52:13,278 [INFO] NBIS 综合评分为 14.0，低于60分，不触发且不搜索新闻。
2026-09-01 09:52:13,479 [INFO] [5/61] ARM
2026-09-01 09:52:13,639 [INFO] ARM 综合评分为 10.0，低于60分，不触发且不搜索新闻。
2026-09-01 09:52:13,839 [INFO] [6/61] OPTX
2026-09-01 09:52:13,942 [INFO] OPTX 综合评分为 11.0，低于60分，不触发且不搜索新闻。
2026-09-01 09:52:14,143 [INFO] [7/61] GLW
2026-09-01 09:52:14,362 [INFO] GLW 综合评分为 16.0，低于60分，不触发且不搜索新闻。
2026-09-01 09:52:14,563 [INFO] [8/61] COHR
2026-09-01 09:52:14,671 [INFO] COHR 综合评分为 6.0，低于60分，不触发且不搜索新闻。
2026-09-01 09:52:14,871 [INFO] [9/61] LITE
2026-09-01 09:52:14,978 [INFO] LITE 综合评分为 38.0，低于60分，不触发且不搜索新闻。
2026-09-01 09:52:15,178 [INFO] [10/61] MRVL
2026-09-01 09:52:15,326 [INFO] MRVL 综合评分为 15.0，低于60分，不触发且不搜索新闻。
2026-09-01 09:52:15,526 [INFO] [11/61] INTC
2026-09-01 09:52:15,696 [INFO] INTC 综合评分为 20.0，低于60分，不触发且不搜索新闻。
2026-09-01 09:52:15,896 [INFO] [12/61] ALAB
2026-09-01 09:52:16,415 [INFO] ALAB 综合评分为 44.0，低于60分，不触发且不搜索新闻。
2026-09-01 09:52:16,615 [INFO] [13/61] FLNC
2026-09-01 09:52:16,720 [INFO] FLNC 综合评分为 15.0，低于60分，不触发且不搜索新闻。
2026-09-01 09:52:16,920 [INFO] [14/61] CRWV
2026-09-01 09:52:17,437 [INFO] CRWV 综合评分为 10.0，低于60分，不触发且不搜索新闻。
2026-09-01 09:52:17,638 [INFO] [15/61] ORCL
2026-09-01 09:52:17,959 [INFO] ORCL 综合评分为 47.0，低于60分，不触发且不搜索新闻。
2026-09-01 09:52:18,160 [INFO] [16/61] NVTS
2026-09-01 09:52:18,270 [INFO] NVTS 综合评分为 1.0，低于60分，不触发且不搜索新闻。
2026-09-01 09:52:18,470 [INFO] [17/61] POET
2026-09-01 09:52:18,578 [INFO] POET 综合评分为 0.0，低于60分，不触发且不搜索新闻。
2026-09-01 09:52:18,778 [INFO] [18/61] DELL
2026-09-01 09:52:18,912 [INFO] DELL 综合评分为 36.0，低于60分，不触发且不搜索新闻。
2026-09-01 09:52:19,112 [INFO] [19/61] BB
2026-09-01 09:52:19,242 [INFO] BB 综合评分为 33.0，低于60分，不触发且不搜索新闻。
2026-09-01 09:52:19,442 [INFO] [20/61] ONDS
2026-09-01 09:52:19,547 [INFO] ONDS 综合评分为 6.0，低于60分，不触发且不搜索新闻。
2026-09-01 09:52:19,747 [INFO] [21/61] SMR
2026-09-01 09:52:19,856 [INFO] SMR 综合评分为 20.0，低于60分，不触发且不搜索新闻。
2026-09-01 09:52:20,056 [INFO] [22/61] OKLO
2026-09-01 09:52:20,157 [INFO] OKLO 综合评分为 9.0，低于60分，不触发且不搜索新闻。
2026-09-01 09:52:20,357 [INFO] [23/61] IONQ
2026-09-01 09:52:20,469 [INFO] IONQ 综合评分为 23.0，低于60分，不触发且不搜索新闻。
2026-09-01 09:52:20,670 [INFO] [24/61] QBTS
2026-09-01 09:52:20,786 [INFO] QBTS 综合评分为 1.0，低于60分，不触发且不搜索新闻。
2026-09-01 09:52:20,986 [INFO] [25/61] NVDA
2026-09-01 09:52:21,128 [INFO] NVDA 综合评分为 52.0，低于60分，不触发且不搜索新闻。
2026-09-01 09:52:21,329 [INFO] [26/61] AMZN
2026-09-01 09:52:21,441 [INFO] AMZN 综合评分为 38.0，低于60分，不触发且不搜索新闻。
2026-09-01 09:52:21,641 [INFO] [27/61] AMD
2026-09-01 09:52:21,776 [INFO] AMD 综合评分为 21.0，低于60分，不触发且不搜索新闻。
2026-09-01 09:52:21,976 [INFO] [28/61] CRCL
2026-09-01 09:52:22,278 [INFO] [29/61] FLY
2026-09-01 09:52:22,382 [INFO] FLY 综合评分为 7.0，低于60分，不触发且不搜索新闻。
2026-09-01 09:52:22,582 [INFO] [30/61] CBRS
2026-09-01 09:52:22,668 [WARNING] CBRS 历史行情不足：75 行
2026-09-01 09:52:22,668 [INFO] CBRS 综合评分为 0.0，低于60分，不触发且不搜索新闻。
2026-09-01 09:52:22,868 [INFO] [31/61] CIEN
2026-09-01 09:52:22,970 [INFO] CIEN 综合评分为 27.0，低于60分，不触发且不搜索新闻。
2026-09-01 09:52:23,170 [INFO] [32/61] SIVEF
2026-09-01 09:52:23,270 [INFO] SIVEF 综合评分为 13.0，低于60分，不触发且不搜索新闻。
2026-09-01 09:52:23,471 [INFO] [33/61] SHAZ
2026-09-01 09:52:23,571 [INFO] SHAZ 综合评分为 13.0，低于60分，不触发且不搜索新闻。
2026-09-01 09:52:23,771 [INFO] [34/61] LUNR
2026-09-01 09:52:23,884 [INFO] LUNR 综合评分为 10.0，低于60分，不触发且不搜索新闻。
2026-09-01 09:52:24,084 [INFO] [35/61] ASTS
2026-09-01 09:52:24,201 [INFO] ASTS 综合评分为 1.0，低于60分，不触发且不搜索新闻。
2026-09-01 09:52:24,401 [INFO] [36/61] AAOI
2026-09-01 09:52:24,509 [INFO] AAOI 综合评分为 10.0，低于60分，不触发且不搜索新闻。
2026-09-01 09:52:24,709 [INFO] [37/61] INOD
2026-09-01 09:52:24,831 [INFO] INOD 综合评分为 0.0，低于60分，不触发且不搜索新闻。
2026-09-01 09:52:25,031 [INFO] [38/61] SPCX
2026-09-01 09:52:25,320 [WARNING] SPCX 历史行情不足：55 行
2026-09-01 09:52:25,320 [INFO] SPCX 综合评分为 0.0，低于60分，不触发且不搜索新闻。
2026-09-01 09:52:25,520 [INFO] [39/61] RDW
2026-09-01 09:52:25,831 [INFO] RDW 综合评分为 11.0，低于60分，不触发且不搜索新闻。
2026-09-01 09:52:26,031 [INFO] [40/61] QCOM
2026-09-01 09:52:26,574 [INFO] [41/61] COIN
2026-09-01 09:52:26,868 [INFO] COIN 综合评分为 50.0，低于60分，不触发且不搜索新闻。
2026-09-01 09:52:27,068 [INFO] [42/61] CORZ
2026-09-01 09:52:27,391 [INFO] CORZ 综合评分为 0.0，低于60分，不触发且不搜索新闻。
2026-09-01 09:52:27,591 [INFO] [43/61] IREN
2026-09-01 09:52:27,935 [INFO] IREN 综合评分为 10.0，低于60分，不触发且不搜索新闻。
2026-09-01 09:52:28,136 [INFO] [44/61] VELO
2026-09-01 09:52:28,428 [INFO] VELO 综合评分为 10.0，低于60分，不触发且不搜索新闻。
2026-09-01 09:52:28,628 [INFO] [45/61] MSFT
2026-09-01 09:52:28,960 [INFO] MSFT 综合评分为 47.0，低于60分，不触发且不搜索新闻。
2026-09-01 09:52:29,160 [INFO] [46/61] GOOG
2026-09-01 09:52:29,486 [INFO] GOOG 综合评分为 19.0，低于60分，不触发且不搜索新闻。
2026-09-01 09:52:29,686 [INFO] [47/61] AVGO
2026-09-01 09:52:30,005 [INFO] AVGO 综合评分为 17.0，低于60分，不触发且不搜索新闻。
2026-09-01 09:52:30,205 [INFO] [48/61] AMAT
2026-09-01 09:52:30,531 [INFO] AMAT 综合评分为 1.0，低于60分，不触发且不搜索新闻。
2026-09-01 09:52:30,731 [INFO] [49/61] AMKR
2026-09-01 09:52:31,038 [INFO] AMKR 综合评分为 0.0，低于60分，不触发且不搜索新闻。
2026-09-01 09:52:31,238 [INFO] [50/61] LRCX
2026-09-01 09:52:31,590 [INFO] LRCX 综合评分为 9.0，低于60分，不触发且不搜索新闻。
2026-09-01 09:52:31,790 [INFO] [51/61] SNDK
2026-09-01 09:52:32,084 [INFO] SNDK 综合评分为 58.0，低于60分，不触发且不搜索新闻。
2026-09-01 09:52:32,285 [INFO] [52/61] MU
2026-09-01 09:52:32,851 [INFO] [53/61] VICR
2026-09-01 09:52:33,168 [INFO] VICR 综合评分为 1.0，低于60分，不触发且不搜索新闻。
2026-09-01 09:52:33,368 [INFO] [54/61] NNE
2026-09-01 09:52:33,752 [INFO] NNE 综合评分为 14.0，低于60分，不触发且不搜索新闻。
2026-09-01 09:52:33,952 [INFO] [55/61] CCJ
2026-09-01 09:52:34,341 [INFO] CCJ 综合评分为 20.0，低于60分，不触发且不搜索新闻。
2026-09-01 09:52:34,541 [INFO] [56/61] BWAY
2026-09-01 09:52:34,854 [INFO] BWAY 综合评分为 23.0，低于60分，不触发且不搜索新闻。
2026-09-01 09:52:35,055 [INFO] [57/61] MANE
2026-09-01 09:52:35,349 [INFO] MANE 综合评分为 3.0，低于60分，不触发且不搜索新闻。
2026-09-01 09:52:35,549 [INFO] [58/61] QSI
2026-09-01 09:52:35,849 [INFO] QSI 综合评分为 11.0，低于60分，不触发且不搜索新闻。
2026-09-01 09:52:36,049 [INFO] [59/61] CRSP
2026-09-01 09:52:36,366 [INFO] CRSP 综合评分为 28.0，低于60分，不触发且不搜索新闻。
2026-09-01 09:52:36,567 [INFO] [60/61] IBRX
2026-09-01 09:52:36,882 [INFO] IBRX 综合评分为 28.0，低于60分，不触发且不搜索新闻。
2026-09-01 09:52:37,082 [INFO] [61/61] INSP
2026-09-01 09:52:37,364 [INFO] INSP 综合评分为 49.0，低于60分，不触发且不搜索新闻。
2026-09-01 09:52:37,565 [INFO] CRCL 达到 72.0 分，开始搜索新闻。
2026-09-01 09:52:38,278 [INFO] MU 达到 67.0 分，开始搜索新闻。
2026-09-01 09:52:38,862 [INFO] QCOM 达到 60.0 分，开始搜索新闻。
2026-09-01 09:52:39,520 [INFO] 已写入 CROSS.txt：CRCL（5）, MU, QCOM（2）
2026-09-01 09:52:39,520 [INFO] 未配置 Google Sheets 授权，已跳过云端表格写入。可设置环境变量 GOOGLE_SERVICE_ACCOUNT_JSON，或把服务账号 JSON 放到：/home/runner/work/stock-monitor-cloud/stock-monitor-cloud/data/CROSS/google_service_account.json
2026-09-01 09:52:39,616 [INFO] 已更新 AMZN_1 跟踪 Excel：/home/runner/work/stock-monitor-cloud/stock-monitor-cloud/data/CROSS/EXCLE/AMZN_1_20260828.xlsx，记录 2/30 个交易日。
2026-09-01 09:52:39,722 [INFO] 已更新 CCJ_1 跟踪 Excel：/home/runner/work/stock-monitor-cloud/stock-monitor-cloud/data/CROSS/EXCLE/CCJ_1_20260821.xlsx，记录 7/30 个交易日。
2026-09-01 09:52:39,808 [INFO] 已更新 COIN_1 跟踪 Excel：/home/runner/work/stock-monitor-cloud/stock-monitor-cloud/data/CROSS/EXCLE/COIN_1_20260819.xlsx，记录 9/30 个交易日。
2026-09-01 09:52:39,874 [INFO] 已更新 CRCL_1 跟踪 Excel：/home/runner/work/stock-monitor-cloud/stock-monitor-cloud/data/CROSS/EXCLE/CRCL_1_20260819.xlsx，记录 9/30 个交易日。
2026-09-01 09:52:39,956 [INFO] 已更新 CRSP_1 跟踪 Excel：/home/runner/work/stock-monitor-cloud/stock-monitor-cloud/data/CROSS/EXCLE/CRSP_1_20260819.xlsx，记录 9/30 个交易日。
2026-09-01 09:52:40,053 [INFO] 已更新 DELL_1 跟踪 Excel：/home/runner/work/stock-monitor-cloud/stock-monitor-cloud/data/CROSS/EXCLE/DELL_1_20260827.xlsx，记录 3/30 个交易日。
2026-09-01 09:52:40,181 [INFO] 已更新 ERAS_1 跟踪 Excel：/home/runner/work/stock-monitor-cloud/stock-monitor-cloud/data/CROSS/EXCLE/ERAS_1_20260826.xlsx，记录 4/30 个交易日。
2026-09-01 09:52:40,661 [INFO] 已更新 IBRX_1 跟踪 Excel：/home/runner/work/stock-monitor-cloud/stock-monitor-cloud/data/CROSS/EXCLE/IBRX_1_20260819.xlsx，记录 9/30 个交易日。
2026-09-01 09:52:41,347 [INFO] 已更新 INSP_1 跟踪 Excel：/home/runner/work/stock-monitor-cloud/stock-monitor-cloud/data/CROSS/EXCLE/INSP_1_20260819.xlsx，记录 9/30 个交易日。
2026-09-01 09:52:41,455 [INFO] 已更新 LITE_1 跟踪 Excel：/home/runner/work/stock-monitor-cloud/stock-monitor-cloud/data/CROSS/EXCLE/LITE_1_20260825.xlsx，记录 5/30 个交易日。
2026-09-01 09:52:41,556 [INFO] 已更新 MRVL_1 跟踪 Excel：/home/runner/work/stock-monitor-cloud/stock-monitor-cloud/data/CROSS/EXCLE/MRVL_1_20260819.xlsx，记录 9/30 个交易日。
2026-09-01 09:52:41,677 [INFO] 已更新 MSFT_1 跟踪 Excel：/home/runner/work/stock-monitor-cloud/stock-monitor-cloud/data/CROSS/EXCLE/MSFT_1_20260826.xlsx，记录 4/30 个交易日。
2026-09-01 09:52:41,787 [INFO] 已更新 MU_1 跟踪 Excel：/home/runner/work/stock-monitor-cloud/stock-monitor-cloud/data/CROSS/EXCLE/MU_1_20260831.xlsx，记录 1/30 个交易日。
2026-09-01 09:52:41,854 [INFO] 已更新 NNE_1 跟踪 Excel：/home/runner/work/stock-monitor-cloud/stock-monitor-cloud/data/CROSS/EXCLE/NNE_1_20260827.xlsx，记录 3/30 个交易日。
2026-09-01 09:52:41,941 [INFO] 已更新 NVDA_1 跟踪 Excel：/home/runner/work/stock-monitor-cloud/stock-monitor-cloud/data/CROSS/EXCLE/NVDA_1_20260827.xlsx，记录 3/30 个交易日。
2026-09-01 09:52:42,023 [INFO] 已更新 OKLO_1 跟踪 Excel：/home/runner/work/stock-monitor-cloud/stock-monitor-cloud/data/CROSS/EXCLE/OKLO_1_20260825.xlsx，记录 5/30 个交易日。
2026-09-01 09:52:42,188 [INFO] 已更新 ORCL_1 跟踪 Excel：/home/runner/work/stock-monitor-cloud/stock-monitor-cloud/data/CROSS/EXCLE/ORCL_1_20260826.xlsx，记录 4/30 个交易日。
2026-09-01 09:52:42,294 [INFO] 已更新 QCOM_1 跟踪 Excel：/home/runner/work/stock-monitor-cloud/stock-monitor-cloud/data/CROSS/EXCLE/QCOM_1_20260827.xlsx，记录 3/30 个交易日。
2026-09-01 09:52:42,370 [INFO] 已更新 QSI_1 跟踪 Excel：/home/runner/work/stock-monitor-cloud/stock-monitor-cloud/data/CROSS/EXCLE/QSI_1_20260821.xlsx，记录 7/30 个交易日。
2026-09-01 09:52:42,451 [INFO] 已更新 SMR_1 跟踪 Excel：/home/runner/work/stock-monitor-cloud/stock-monitor-cloud/data/CROSS/EXCLE/SMR_1_20260825.xlsx，记录 5/30 个交易日。
2026-09-01 09:52:42,451 [INFO] 报告生成完成：/home/runner/work/stock-monitor-cloud/stock-monitor-cloud/data/CROSS/强势金叉监控报告_2026-08-31.docx
2026-09-02 09:05:08,835 [INFO] 开始扫描 61 只股票，正式交易日：2026-09-01
2026-09-02 09:05:08,835 [INFO] [1/61] NOK
2026-09-02 09:05:09,231 [INFO] NOK 综合评分为 5.0，低于60分，不触发且不搜索新闻。
2026-09-02 09:05:09,432 [INFO] [2/61] XE
2026-09-02 09:05:09,570 [INFO] XE 综合评分为 41.0，低于60分，不触发且不搜索新闻。
2026-09-02 09:05:09,770 [INFO] [3/61] RKLB
2026-09-02 09:05:09,875 [INFO] RKLB 综合评分为 1.0，低于60分，不触发且不搜索新闻。
2026-09-02 09:05:10,075 [INFO] [4/61] NBIS
2026-09-02 09:05:10,181 [INFO] NBIS 综合评分为 7.0，低于60分，不触发且不搜索新闻。
2026-09-02 09:05:10,381 [INFO] [5/61] ARM
2026-09-02 09:05:10,559 [INFO] ARM 综合评分为 3.0，低于60分，不触发且不搜索新闻。
2026-09-02 09:05:10,760 [INFO] [6/61] OPTX
2026-09-02 09:05:10,894 [INFO] OPTX 综合评分为 11.0，低于60分，不触发且不搜索新闻。
2026-09-02 09:05:11,094 [INFO] [7/61] GLW
2026-09-02 09:05:11,310 [INFO] GLW 综合评分为 3.0，低于60分，不触发且不搜索新闻。
2026-09-02 09:05:11,510 [INFO] [8/61] COHR
2026-09-02 09:05:11,752 [INFO] COHR 综合评分为 3.0，低于60分，不触发且不搜索新闻。
2026-09-02 09:05:11,952 [INFO] [9/61] LITE
2026-09-02 09:05:12,108 [INFO] LITE 综合评分为 26.0，低于60分，不触发且不搜索新闻。
2026-09-02 09:05:12,308 [INFO] [10/61] MRVL
2026-09-02 09:05:12,472 [INFO] MRVL 综合评分为 15.0，低于60分，不触发且不搜索新闻。
2026-09-02 09:05:12,673 [INFO] [11/61] INTC
2026-09-02 09:05:12,857 [INFO] INTC 综合评分为 10.0，低于60分，不触发且不搜索新闻。
2026-09-02 09:05:13,057 [INFO] [12/61] ALAB
2026-09-02 09:05:13,195 [INFO] ALAB 综合评分为 24.0，低于60分，不触发且不搜索新闻。
2026-09-02 09:05:13,396 [INFO] [13/61] FLNC
2026-09-02 09:05:13,582 [INFO] FLNC 综合评分为 0.0，低于60分，不触发且不搜索新闻。
2026-09-02 09:05:13,782 [INFO] [14/61] CRWV
2026-09-02 09:05:13,898 [INFO] CRWV 综合评分为 6.0，低于60分，不触发且不搜索新闻。
2026-09-02 09:05:14,098 [INFO] [15/61] ORCL
2026-09-02 09:05:14,691 [INFO] ORCL 综合评分为 20.0，低于60分，不触发且不搜索新闻。
2026-09-02 09:05:14,892 [INFO] [16/61] NVTS
2026-09-02 09:05:15,097 [INFO] NVTS 综合评分为 0.0，低于60分，不触发且不搜索新闻。
2026-09-02 09:05:15,298 [INFO] [17/61] POET
2026-09-02 09:05:15,559 [INFO] POET 综合评分为 0.0，低于60分，不触发且不搜索新闻。
2026-09-02 09:05:15,759 [INFO] [18/61] DELL
2026-09-02 09:05:15,898 [INFO] DELL 综合评分为 25.0，低于60分，不触发且不搜索新闻。
2026-09-02 09:05:16,098 [INFO] [19/61] BB
2026-09-02 09:05:16,217 [INFO] BB 综合评分为 6.0，低于60分，不触发且不搜索新闻。
2026-09-02 09:05:16,417 [INFO] [20/61] ONDS
2026-09-02 09:05:16,568 [INFO] ONDS 综合评分为 6.0，低于60分，不触发且不搜索新闻。
2026-09-02 09:05:16,769 [INFO] [21/61] SMR
2026-09-02 09:05:16,912 [INFO] SMR 综合评分为 20.0，低于60分，不触发且不搜索新闻。
2026-09-02 09:05:17,112 [INFO] [22/61] OKLO
2026-09-02 09:05:17,215 [INFO] OKLO 综合评分为 9.0，低于60分，不触发且不搜索新闻。
2026-09-02 09:05:17,415 [INFO] [23/61] IONQ
2026-09-02 09:05:17,589 [INFO] IONQ 综合评分为 6.0，低于60分，不触发且不搜索新闻。
2026-09-02 09:05:17,790 [INFO] [24/61] QBTS
2026-09-02 09:05:18,049 [INFO] QBTS 综合评分为 0.0，低于60分，不触发且不搜索新闻。
2026-09-02 09:05:18,249 [INFO] [25/61] NVDA
2026-09-02 09:05:18,456 [INFO] NVDA 综合评分为 26.0，低于60分，不触发且不搜索新闻。
2026-09-02 09:05:18,656 [INFO] [26/61] AMZN
2026-09-02 09:05:19,044 [INFO] AMZN 综合评分为 21.0，低于60分，不触发且不搜索新闻。
2026-09-02 09:05:19,244 [INFO] [27/61] AMD
2026-09-02 09:05:19,379 [INFO] AMD 综合评分为 11.0，低于60分，不触发且不搜索新闻。
2026-09-02 09:05:19,579 [INFO] [28/61] CRCL
2026-09-02 09:05:19,727 [INFO] CRCL 综合评分为 25.0，低于60分，不触发且不搜索新闻。
2026-09-02 09:05:19,927 [INFO] [29/61] FLY
2026-09-02 09:05:20,047 [INFO] FLY 综合评分为 7.0，低于60分，不触发且不搜索新闻。
2026-09-02 09:05:20,247 [INFO] [30/61] CBRS
2026-09-02 09:05:20,344 [WARNING] CBRS 历史行情不足：76 行
2026-09-02 09:05:20,344 [INFO] CBRS 综合评分为 0.0，低于60分，不触发且不搜索新闻。
2026-09-02 09:05:20,544 [INFO] [31/61] CIEN
2026-09-02 09:05:20,800 [INFO] CIEN 综合评分为 9.0，低于60分，不触发且不搜索新闻。
2026-09-02 09:05:21,001 [INFO] [32/61] SIVEF
2026-09-02 09:05:21,135 [INFO] SIVEF 综合评分为 0.0，低于60分，不触发且不搜索新闻。
2026-09-02 09:05:21,335 [INFO] [33/61] SHAZ
2026-09-02 09:05:21,444 [INFO] SHAZ 综合评分为 10.0，低于60分，不触发且不搜索新闻。
2026-09-02 09:05:21,645 [INFO] [34/61] LUNR
2026-09-02 09:05:21,764 [INFO] LUNR 综合评分为 6.0，低于60分，不触发且不搜索新闻。
2026-09-02 09:05:21,964 [INFO] [35/61] ASTS
2026-09-02 09:05:22,107 [INFO] ASTS 综合评分为 0.0，低于60分，不触发且不搜索新闻。
2026-09-02 09:05:22,307 [INFO] [36/61] AAOI
2026-09-02 09:05:22,482 [INFO] AAOI 综合评分为 6.0，低于60分，不触发且不搜索新闻。
2026-09-02 09:05:22,682 [INFO] [37/61] INOD
2026-09-02 09:05:22,785 [INFO] INOD 综合评分为 0.0，低于60分，不触发且不搜索新闻。
2026-09-02 09:05:22,985 [INFO] [38/61] SPCX
2026-09-02 09:05:23,511 [WARNING] SPCX 历史行情不足：56 行
2026-09-02 09:05:23,511 [INFO] SPCX 综合评分为 0.0，低于60分，不触发且不搜索新闻。
2026-09-02 09:05:23,711 [INFO] [39/61] RDW
2026-09-02 09:05:24,156 [INFO] RDW 综合评分为 6.0，低于60分，不触发且不搜索新闻。
2026-09-02 09:05:24,357 [INFO] [40/61] QCOM
2026-09-02 09:05:24,815 [INFO] QCOM 综合评分为 31.0，低于60分，不触发且不搜索新闻。
2026-09-02 09:05:25,015 [INFO] [41/61] COIN
2026-09-02 09:05:25,391 [INFO] COIN 综合评分为 27.0，低于60分，不触发且不搜索新闻。
2026-09-02 09:05:25,591 [INFO] [42/61] CORZ
2026-09-02 09:05:25,956 [INFO] CORZ 综合评分为 1.0，低于60分，不触发且不搜索新闻。
2026-09-02 09:05:26,156 [INFO] [43/61] IREN
2026-09-02 09:05:26,535 [INFO] IREN 综合评分为 7.0，低于60分，不触发且不搜索新闻。
2026-09-02 09:05:26,735 [INFO] [44/61] VELO
2026-09-02 09:05:27,176 [INFO] VELO 综合评分为 6.0，低于60分，不触发且不搜索新闻。
2026-09-02 09:05:27,376 [INFO] [45/61] MSFT
2026-09-02 09:05:27,894 [INFO] MSFT 综合评分为 33.0，低于60分，不触发且不搜索新闻。
2026-09-02 09:05:28,095 [INFO] [46/61] GOOG
2026-09-02 09:05:28,694 [INFO] GOOG 综合评分为 9.0，低于60分，不触发且不搜索新闻。
2026-09-02 09:05:28,894 [INFO] [47/61] AVGO
2026-09-02 09:05:29,328 [INFO] AVGO 综合评分为 14.0，低于60分，不触发且不搜索新闻。
2026-09-02 09:05:29,529 [INFO] [48/61] AMAT
2026-09-02 09:05:30,291 [INFO] AMAT 综合评分为 0.0，低于60分，不触发且不搜索新闻。
2026-09-02 09:05:30,491 [INFO] [49/61] AMKR
2026-09-02 09:05:30,899 [INFO] AMKR 综合评分为 0.0，低于60分，不触发且不搜索新闻。
2026-09-02 09:05:31,100 [INFO] [50/61] LRCX
2026-09-02 09:05:31,542 [INFO] LRCX 综合评分为 9.0，低于60分，不触发且不搜索新闻。
2026-09-02 09:05:31,743 [INFO] [51/61] SNDK
2026-09-02 09:05:32,197 [INFO] SNDK 综合评分为 51.0，低于60分，不触发且不搜索新闻。
2026-09-02 09:05:32,398 [INFO] [52/61] MU
2026-09-02 09:05:32,880 [INFO] MU 综合评分为 36.0，低于60分，不触发且不搜索新闻。
2026-09-02 09:05:33,080 [INFO] [53/61] VICR
2026-09-02 09:05:33,486 [INFO] VICR 综合评分为 0.0，低于60分，不触发且不搜索新闻。
2026-09-02 09:05:33,687 [INFO] [54/61] NNE
2026-09-02 09:05:34,134 [INFO] NNE 综合评分为 11.0，低于60分，不触发且不搜索新闻。
2026-09-02 09:05:34,335 [INFO] [55/61] CCJ
2026-09-02 09:05:35,138 [INFO] CCJ 综合评分为 20.0，低于60分，不触发且不搜索新闻。
2026-09-02 09:05:35,338 [INFO] [56/61] BWAY
2026-09-02 09:05:35,895 [INFO] BWAY 综合评分为 15.0，低于60分，不触发且不搜索新闻。
2026-09-02 09:05:36,096 [INFO] [57/61] MANE
2026-09-02 09:05:36,581 [INFO] MANE 综合评分为 3.0，低于60分，不触发且不搜索新闻。
2026-09-02 09:05:36,781 [INFO] [58/61] QSI
2026-09-02 09:05:37,251 [INFO] QSI 综合评分为 11.0，低于60分，不触发且不搜索新闻。
2026-09-02 09:05:37,451 [INFO] [59/61] CRSP
2026-09-02 09:05:37,831 [INFO] CRSP 综合评分为 28.0，低于60分，不触发且不搜索新闻。
2026-09-02 09:05:38,031 [INFO] [60/61] IBRX
2026-09-02 09:05:38,500 [INFO] IBRX 综合评分为 28.0，低于60分，不触发且不搜索新闻。
2026-09-02 09:05:38,701 [INFO] [61/61] INSP
2026-09-02 09:05:39,138 [INFO] INSP 综合评分为 27.0，低于60分，不触发且不搜索新闻。
2026-09-02 09:05:39,457 [INFO] 已更新 AMZN_1 跟踪 Excel：/home/runner/work/stock-monitor-cloud/stock-monitor-cloud/data/CROSS/EXCLE/AMZN_1_20260828.xlsx，记录 3/30 个交易日。
2026-09-02 09:05:39,549 [INFO] 已更新 CCJ_1 跟踪 Excel：/home/runner/work/stock-monitor-cloud/stock-monitor-cloud/data/CROSS/EXCLE/CCJ_1_20260821.xlsx，记录 7/30 个交易日。
2026-09-02 09:05:39,622 [INFO] 已更新 COIN_1 跟踪 Excel：/home/runner/work/stock-monitor-cloud/stock-monitor-cloud/data/CROSS/EXCLE/COIN_1_20260819.xlsx，记录 10/30 个交易日。
2026-09-02 09:05:39,763 [INFO] 已更新 CRCL_1 跟踪 Excel：/home/runner/work/stock-monitor-cloud/stock-monitor-cloud/data/CROSS/EXCLE/CRCL_1_20260819.xlsx，记录 10/30 个交易日。
2026-09-02 09:05:39,833 [INFO] 已更新 CRSP_1 跟踪 Excel：/home/runner/work/stock-monitor-cloud/stock-monitor-cloud/data/CROSS/EXCLE/CRSP_1_20260819.xlsx，记录 9/30 个交易日。
2026-09-02 09:05:39,909 [INFO] 已更新 DELL_1 跟踪 Excel：/home/runner/work/stock-monitor-cloud/stock-monitor-cloud/data/CROSS/EXCLE/DELL_1_20260827.xlsx，记录 4/30 个交易日。
2026-09-02 09:05:40,061 [INFO] 已更新 ERAS_1 跟踪 Excel：/home/runner/work/stock-monitor-cloud/stock-monitor-cloud/data/CROSS/EXCLE/ERAS_1_20260826.xlsx，记录 4/30 个交易日。
2026-09-02 09:05:40,129 [INFO] 已更新 IBRX_1 跟踪 Excel：/home/runner/work/stock-monitor-cloud/stock-monitor-cloud/data/CROSS/EXCLE/IBRX_1_20260819.xlsx，记录 10/30 个交易日。
2026-09-02 09:05:40,199 [INFO] 已更新 INSP_1 跟踪 Excel：/home/runner/work/stock-monitor-cloud/stock-monitor-cloud/data/CROSS/EXCLE/INSP_1_20260819.xlsx，记录 9/30 个交易日。
2026-09-02 09:05:40,279 [INFO] 已更新 LITE_1 跟踪 Excel：/home/runner/work/stock-monitor-cloud/stock-monitor-cloud/data/CROSS/EXCLE/LITE_1_20260825.xlsx，记录 5/30 个交易日。
2026-09-02 09:05:40,408 [INFO] 已更新 MRVL_1 跟踪 Excel：/home/runner/work/stock-monitor-cloud/stock-monitor-cloud/data/CROSS/EXCLE/MRVL_1_20260819.xlsx，记录 10/30 个交易日。
2026-09-02 09:05:40,510 [INFO] 已更新 MSFT_1 跟踪 Excel：/home/runner/work/stock-monitor-cloud/stock-monitor-cloud/data/CROSS/EXCLE/MSFT_1_20260826.xlsx，记录 5/30 个交易日。
2026-09-02 09:05:40,622 [INFO] 已更新 MU_1 跟踪 Excel：/home/runner/work/stock-monitor-cloud/stock-monitor-cloud/data/CROSS/EXCLE/MU_1_20260831.xlsx，记录 2/30 个交易日。
2026-09-02 09:05:40,694 [INFO] 已更新 NNE_1 跟踪 Excel：/home/runner/work/stock-monitor-cloud/stock-monitor-cloud/data/CROSS/EXCLE/NNE_1_20260827.xlsx，记录 3/30 个交易日。
2026-09-02 09:05:40,793 [INFO] 已更新 NVDA_1 跟踪 Excel：/home/runner/work/stock-monitor-cloud/stock-monitor-cloud/data/CROSS/EXCLE/NVDA_1_20260827.xlsx，记录 4/30 个交易日。
2026-09-02 09:05:40,945 [INFO] 已更新 OKLO_1 跟踪 Excel：/home/runner/work/stock-monitor-cloud/stock-monitor-cloud/data/CROSS/EXCLE/OKLO_1_20260825.xlsx，记录 6/30 个交易日。
2026-09-02 09:05:41,045 [INFO] 已更新 ORCL_1 跟踪 Excel：/home/runner/work/stock-monitor-cloud/stock-monitor-cloud/data/CROSS/EXCLE/ORCL_1_20260826.xlsx，记录 5/30 个交易日。
2026-09-02 09:05:41,189 [INFO] 已更新 QCOM_1 跟踪 Excel：/home/runner/work/stock-monitor-cloud/stock-monitor-cloud/data/CROSS/EXCLE/QCOM_1_20260827.xlsx，记录 3/30 个交易日。
2026-09-02 09:05:41,301 [INFO] 已更新 QSI_1 跟踪 Excel：/home/runner/work/stock-monitor-cloud/stock-monitor-cloud/data/CROSS/EXCLE/QSI_1_20260821.xlsx，记录 7/30 个交易日。
2026-09-02 09:05:41,373 [INFO] 已更新 SMR_1 跟踪 Excel：/home/runner/work/stock-monitor-cloud/stock-monitor-cloud/data/CROSS/EXCLE/SMR_1_20260825.xlsx，记录 6/30 个交易日。
2026-09-02 09:05:41,374 [INFO] 报告生成完成：/home/runner/work/stock-monitor-cloud/stock-monitor-cloud/data/CROSS/强势金叉监控报告_2026-09-01.docx
2026-09-03 09:10:42,323 [INFO] 开始扫描 61 只股票，正式交易日：2026-09-02
2026-09-03 09:10:42,323 [INFO] [1/61] NOK
2026-09-03 09:10:43,010 [WARNING] NOK 数据日期滞后：最新行情日期为 2026-09-01，缺少 2026-09-02 的正式收盘数据
2026-09-03 09:10:43,010 [INFO] NOK 综合评分为 0.0，低于60分，不触发且不搜索新闻。
2026-09-03 09:10:43,211 [INFO] [2/61] XE
2026-09-03 09:10:43,340 [WARNING] XE 数据日期滞后：最新行情日期为 2026-09-01，缺少 2026-09-02 的正式收盘数据
2026-09-03 09:10:43,340 [INFO] XE 综合评分为 0.0，低于60分，不触发且不搜索新闻。
2026-09-03 09:10:43,540 [INFO] [3/61] RKLB
2026-09-03 09:10:43,668 [WARNING] RKLB 数据日期滞后：最新行情日期为 2026-09-01，缺少 2026-09-02 的正式收盘数据
2026-09-03 09:10:43,668 [INFO] RKLB 综合评分为 0.0，低于60分，不触发且不搜索新闻。
2026-09-03 09:10:43,869 [INFO] [4/61] NBIS
2026-09-03 09:10:44,009 [WARNING] NBIS 数据日期滞后：最新行情日期为 2026-09-01，缺少 2026-09-02 的正式收盘数据
2026-09-03 09:10:44,009 [INFO] NBIS 综合评分为 0.0，低于60分，不触发且不搜索新闻。
2026-09-03 09:10:44,209 [INFO] [5/61] ARM
2026-09-03 09:10:44,336 [WARNING] ARM 数据日期滞后：最新行情日期为 2026-09-01，缺少 2026-09-02 的正式收盘数据
2026-09-03 09:10:44,336 [INFO] ARM 综合评分为 0.0，低于60分，不触发且不搜索新闻。
2026-09-03 09:10:44,537 [INFO] [6/61] OPTX
2026-09-03 09:10:44,717 [WARNING] OPTX 数据日期滞后：最新行情日期为 2026-09-01，缺少 2026-09-02 的正式收盘数据
2026-09-03 09:10:44,717 [INFO] OPTX 综合评分为 0.0，低于60分，不触发且不搜索新闻。
2026-09-03 09:10:44,917 [INFO] [7/61] GLW
2026-09-03 09:10:45,132 [WARNING] GLW 数据日期滞后：最新行情日期为 2026-09-01，缺少 2026-09-02 的正式收盘数据
2026-09-03 09:10:45,132 [INFO] GLW 综合评分为 0.0，低于60分，不触发且不搜索新闻。
2026-09-03 09:10:45,332 [INFO] [8/61] COHR
2026-09-03 09:10:45,533 [WARNING] COHR 数据日期滞后：最新行情日期为 2026-09-01，缺少 2026-09-02 的正式收盘数据
2026-09-03 09:10:45,533 [INFO] COHR 综合评分为 0.0，低于60分，不触发且不搜索新闻。
2026-09-03 09:10:45,733 [INFO] [9/61] LITE
2026-09-03 09:10:45,987 [WARNING] LITE 数据日期滞后：最新行情日期为 2026-09-01，缺少 2026-09-02 的正式收盘数据
2026-09-03 09:10:45,988 [INFO] LITE 综合评分为 0.0，低于60分，不触发且不搜索新闻。
2026-09-03 09:10:46,188 [INFO] [10/61] MRVL
2026-09-03 09:10:46,354 [WARNING] MRVL 数据日期滞后：最新行情日期为 2026-09-01，缺少 2026-09-02 的正式收盘数据
2026-09-03 09:10:46,354 [INFO] MRVL 综合评分为 0.0，低于60分，不触发且不搜索新闻。
2026-09-03 09:10:46,555 [INFO] [11/61] INTC
2026-09-03 09:10:46,719 [WARNING] INTC 数据日期滞后：最新行情日期为 2026-09-01，缺少 2026-09-02 的正式收盘数据
2026-09-03 09:10:46,719 [INFO] INTC 综合评分为 0.0，低于60分，不触发且不搜索新闻。
2026-09-03 09:10:46,920 [INFO] [12/61] ALAB
2026-09-03 09:10:47,051 [WARNING] ALAB 数据日期滞后：最新行情日期为 2026-09-01，缺少 2026-09-02 的正式收盘数据
2026-09-03 09:10:47,051 [INFO] ALAB 综合评分为 0.0，低于60分，不触发且不搜索新闻。
2026-09-03 09:10:47,251 [INFO] [13/61] FLNC
2026-09-03 09:10:47,390 [WARNING] FLNC 数据日期滞后：最新行情日期为 2026-09-01，缺少 2026-09-02 的正式收盘数据
2026-09-03 09:10:47,390 [INFO] FLNC 综合评分为 0.0，低于60分，不触发且不搜索新闻。
2026-09-03 09:10:47,590 [INFO] [14/61] CRWV
2026-09-03 09:10:47,708 [WARNING] CRWV 数据日期滞后：最新行情日期为 2026-09-01，缺少 2026-09-02 的正式收盘数据
2026-09-03 09:10:47,708 [INFO] CRWV 综合评分为 0.0，低于60分，不触发且不搜索新闻。
2026-09-03 09:10:47,909 [INFO] [15/61] ORCL
2026-09-03 09:10:48,112 [WARNING] ORCL 数据日期滞后：最新行情日期为 2026-09-01，缺少 2026-09-02 的正式收盘数据
2026-09-03 09:10:48,113 [INFO] ORCL 综合评分为 0.0，低于60分，不触发且不搜索新闻。
2026-09-03 09:10:48,313 [INFO] [16/61] NVTS
2026-09-03 09:10:48,431 [WARNING] NVTS 数据日期滞后：最新行情日期为 2026-09-01，缺少 2026-09-02 的正式收盘数据
2026-09-03 09:10:48,431 [INFO] NVTS 综合评分为 0.0，低于60分，不触发且不搜索新闻。
2026-09-03 09:10:48,631 [INFO] [17/61] POET
2026-09-03 09:10:48,759 [WARNING] POET 数据日期滞后：最新行情日期为 2026-09-01，缺少 2026-09-02 的正式收盘数据
2026-09-03 09:10:48,759 [INFO] POET 综合评分为 0.0，低于60分，不触发且不搜索新闻。
2026-09-03 09:10:48,960 [INFO] [18/61] DELL
2026-09-03 09:10:49,103 [WARNING] DELL 数据日期滞后：最新行情日期为 2026-09-01，缺少 2026-09-02 的正式收盘数据
2026-09-03 09:10:49,103 [INFO] DELL 综合评分为 0.0，低于60分，不触发且不搜索新闻。
2026-09-03 09:10:49,303 [INFO] [19/61] BB
2026-09-03 09:10:49,449 [WARNING] BB 数据日期滞后：最新行情日期为 2026-09-01，缺少 2026-09-02 的正式收盘数据
2026-09-03 09:10:49,449 [INFO] BB 综合评分为 0.0，低于60分，不触发且不搜索新闻。
2026-09-03 09:10:49,649 [INFO] [20/61] ONDS
2026-09-03 09:10:49,783 [WARNING] ONDS 数据日期滞后：最新行情日期为 2026-09-01，缺少 2026-09-02 的正式收盘数据
2026-09-03 09:10:49,784 [INFO] ONDS 综合评分为 0.0，低于60分，不触发且不搜索新闻。
2026-09-03 09:10:49,984 [INFO] [21/61] SMR
2026-09-03 09:10:50,106 [WARNING] SMR 数据日期滞后：最新行情日期为 2026-09-01，缺少 2026-09-02 的正式收盘数据
2026-09-03 09:10:50,106 [INFO] SMR 综合评分为 0.0，低于60分，不触发且不搜索新闻。
2026-09-03 09:10:50,306 [INFO] [22/61] OKLO
2026-09-03 09:10:50,490 [WARNING] OKLO 数据日期滞后：最新行情日期为 2026-09-01，缺少 2026-09-02 的正式收盘数据
2026-09-03 09:10:50,490 [INFO] OKLO 综合评分为 0.0，低于60分，不触发且不搜索新闻。
2026-09-03 09:10:50,691 [INFO] [23/61] IONQ
2026-09-03 09:10:50,824 [WARNING] IONQ 数据日期滞后：最新行情日期为 2026-09-01，缺少 2026-09-02 的正式收盘数据
2026-09-03 09:10:50,825 [INFO] IONQ 综合评分为 0.0，低于60分，不触发且不搜索新闻。
2026-09-03 09:10:51,025 [INFO] [24/61] QBTS
2026-09-03 09:10:51,159 [WARNING] QBTS 数据日期滞后：最新行情日期为 2026-09-01，缺少 2026-09-02 的正式收盘数据
2026-09-03 09:10:51,159 [INFO] QBTS 综合评分为 0.0，低于60分，不触发且不搜索新闻。
2026-09-03 09:10:51,359 [INFO] [25/61] NVDA
2026-09-03 09:10:51,518 [WARNING] NVDA 数据日期滞后：最新行情日期为 2026-09-01，缺少 2026-09-02 的正式收盘数据
2026-09-03 09:10:51,518 [INFO] NVDA 综合评分为 0.0，低于60分，不触发且不搜索新闻。
2026-09-03 09:10:51,719 [INFO] [26/61] AMZN
2026-09-03 09:10:51,838 [WARNING] AMZN 数据日期滞后：最新行情日期为 2026-09-01，缺少 2026-09-02 的正式收盘数据
2026-09-03 09:10:51,838 [INFO] AMZN 综合评分为 0.0，低于60分，不触发且不搜索新闻。
2026-09-03 09:10:52,038 [INFO] [27/61] AMD
2026-09-03 09:10:52,193 [WARNING] AMD 数据日期滞后：最新行情日期为 2026-09-01，缺少 2026-09-02 的正式收盘数据
2026-09-03 09:10:52,193 [INFO] AMD 综合评分为 0.0，低于60分，不触发且不搜索新闻。
2026-09-03 09:10:52,393 [INFO] [28/61] CRCL
2026-09-03 09:10:52,557 [WARNING] CRCL 数据日期滞后：最新行情日期为 2026-09-01，缺少 2026-09-02 的正式收盘数据
2026-09-03 09:10:52,557 [INFO] CRCL 综合评分为 0.0，低于60分，不触发且不搜索新闻。
2026-09-03 09:10:52,757 [INFO] [29/61] FLY
2026-09-03 09:10:52,879 [WARNING] FLY 数据日期滞后：最新行情日期为 2026-09-01，缺少 2026-09-02 的正式收盘数据
2026-09-03 09:10:52,879 [INFO] FLY 综合评分为 0.0，低于60分，不触发且不搜索新闻。
2026-09-03 09:10:53,080 [INFO] [30/61] CBRS
2026-09-03 09:10:53,496 [WARNING] CBRS 历史行情不足：76 行
2026-09-03 09:10:53,496 [INFO] CBRS 综合评分为 0.0，低于60分，不触发且不搜索新闻。
2026-09-03 09:10:53,696 [INFO] [31/61] CIEN
2026-09-03 09:10:53,860 [WARNING] CIEN 数据日期滞后：最新行情日期为 2026-09-01，缺少 2026-09-02 的正式收盘数据
2026-09-03 09:10:53,860 [INFO] CIEN 综合评分为 0.0，低于60分，不触发且不搜索新闻。
2026-09-03 09:10:54,061 [INFO] [32/61] SIVEF
2026-09-03 09:10:54,186 [INFO] SIVEF 综合评分为 10.0，低于60分，不触发且不搜索新闻。
2026-09-03 09:10:54,386 [INFO] [33/61] SHAZ
2026-09-03 09:10:54,528 [WARNING] SHAZ 数据日期滞后：最新行情日期为 2026-09-01，缺少 2026-09-02 的正式收盘数据
2026-09-03 09:10:54,529 [INFO] SHAZ 综合评分为 0.0，低于60分，不触发且不搜索新闻。
2026-09-03 09:10:54,729 [INFO] [34/61] LUNR
2026-09-03 09:10:54,878 [WARNING] LUNR 数据日期滞后：最新行情日期为 2026-09-01，缺少 2026-09-02 的正式收盘数据
2026-09-03 09:10:54,878 [INFO] LUNR 综合评分为 0.0，低于60分，不触发且不搜索新闻。
2026-09-03 09:10:55,078 [INFO] [35/61] ASTS
2026-09-03 09:10:55,250 [WARNING] ASTS 数据日期滞后：最新行情日期为 2026-09-01，缺少 2026-09-02 的正式收盘数据
2026-09-03 09:10:55,251 [INFO] ASTS 综合评分为 0.0，低于60分，不触发且不搜索新闻。
2026-09-03 09:10:55,451 [INFO] [36/61] AAOI
2026-09-03 09:10:55,596 [WARNING] AAOI 数据日期滞后：最新行情日期为 2026-09-01，缺少 2026-09-02 的正式收盘数据
2026-09-03 09:10:55,596 [INFO] AAOI 综合评分为 0.0，低于60分，不触发且不搜索新闻。
2026-09-03 09:10:55,796 [INFO] [37/61] INOD
2026-09-03 09:10:55,936 [WARNING] INOD 数据日期滞后：最新行情日期为 2026-09-01，缺少 2026-09-02 的正式收盘数据
2026-09-03 09:10:55,937 [INFO] INOD 综合评分为 0.0，低于60分，不触发且不搜索新闻。
2026-09-03 09:10:56,137 [INFO] [38/61] SPCX
2026-09-03 09:10:56,563 [WARNING] SPCX 历史行情不足：56 行
2026-09-03 09:10:56,563 [INFO] SPCX 综合评分为 0.0，低于60分，不触发且不搜索新闻。
2026-09-03 09:10:56,763 [INFO] [39/61] RDW
2026-09-03 09:10:57,208 [WARNING] RDW 数据日期滞后：最新行情日期为 2026-09-01，缺少 2026-09-02 的正式收盘数据
2026-09-03 09:10:57,208 [INFO] RDW 综合评分为 0.0，低于60分，不触发且不搜索新闻。
2026-09-03 09:10:57,409 [INFO] [40/61] QCOM
2026-09-03 09:10:57,914 [WARNING] QCOM 数据日期滞后：最新行情日期为 2026-09-01，缺少 2026-09-02 的正式收盘数据
2026-09-03 09:10:57,914 [INFO] QCOM 综合评分为 0.0，低于60分，不触发且不搜索新闻。
2026-09-03 09:10:58,114 [INFO] [41/61] COIN
2026-09-03 09:10:58,641 [WARNING] COIN 数据日期滞后：最新行情日期为 2026-09-01，缺少 2026-09-02 的正式收盘数据
2026-09-03 09:10:58,641 [INFO] COIN 综合评分为 0.0，低于60分，不触发且不搜索新闻。
2026-09-03 09:10:58,841 [INFO] [42/61] CORZ
2026-09-03 09:10:59,247 [WARNING] CORZ 数据日期滞后：最新行情日期为 2026-09-01，缺少 2026-09-02 的正式收盘数据
2026-09-03 09:10:59,247 [INFO] CORZ 综合评分为 0.0，低于60分，不触发且不搜索新闻。
2026-09-03 09:10:59,447 [INFO] [43/61] IREN
2026-09-03 09:10:59,887 [WARNING] IREN 数据日期滞后：最新行情日期为 2026-09-01，缺少 2026-09-02 的正式收盘数据
2026-09-03 09:10:59,887 [INFO] IREN 综合评分为 0.0，低于60分，不触发且不搜索新闻。
2026-09-03 09:11:00,087 [INFO] [44/61] VELO
2026-09-03 09:11:00,533 [WARNING] VELO 数据日期滞后：最新行情日期为 2026-09-01，缺少 2026-09-02 的正式收盘数据
2026-09-03 09:11:00,533 [INFO] VELO 综合评分为 0.0，低于60分，不触发且不搜索新闻。
2026-09-03 09:11:00,733 [INFO] [45/61] MSFT
2026-09-03 09:11:01,203 [WARNING] MSFT 数据日期滞后：最新行情日期为 2026-09-01，缺少 2026-09-02 的正式收盘数据
2026-09-03 09:11:01,203 [INFO] MSFT 综合评分为 0.0，低于60分，不触发且不搜索新闻。
2026-09-03 09:11:01,404 [INFO] [46/61] GOOG
2026-09-03 09:11:01,834 [WARNING] GOOG 数据日期滞后：最新行情日期为 2026-09-01，缺少 2026-09-02 的正式收盘数据
2026-09-03 09:11:01,834 [INFO] GOOG 综合评分为 0.0，低于60分，不触发且不搜索新闻。
2026-09-03 09:11:02,034 [INFO] [47/61] AVGO
2026-09-03 09:11:02,511 [WARNING] AVGO 数据日期滞后：最新行情日期为 2026-09-01，缺少 2026-09-02 的正式收盘数据
2026-09-03 09:11:02,511 [INFO] AVGO 综合评分为 0.0，低于60分，不触发且不搜索新闻。
2026-09-03 09:11:02,711 [INFO] [48/61] AMAT
2026-09-03 09:11:03,326 [WARNING] AMAT 数据日期滞后：最新行情日期为 2026-09-01，缺少 2026-09-02 的正式收盘数据
2026-09-03 09:11:03,326 [INFO] AMAT 综合评分为 0.0，低于60分，不触发且不搜索新闻。
2026-09-03 09:11:03,526 [INFO] [49/61] AMKR
2026-09-03 09:11:03,998 [WARNING] AMKR 数据日期滞后：最新行情日期为 2026-09-01，缺少 2026-09-02 的正式收盘数据
2026-09-03 09:11:03,998 [INFO] AMKR 综合评分为 0.0，低于60分，不触发且不搜索新闻。
2026-09-03 09:11:04,198 [INFO] [50/61] LRCX
2026-09-03 09:11:04,666 [WARNING] LRCX 数据日期滞后：最新行情日期为 2026-09-01，缺少 2026-09-02 的正式收盘数据
2026-09-03 09:11:04,666 [INFO] LRCX 综合评分为 0.0，低于60分，不触发且不搜索新闻。
2026-09-03 09:11:04,866 [INFO] [51/61] SNDK
2026-09-03 09:11:05,301 [WARNING] SNDK 数据日期滞后：最新行情日期为 2026-09-01，缺少 2026-09-02 的正式收盘数据
2026-09-03 09:11:05,302 [INFO] SNDK 综合评分为 0.0，低于60分，不触发且不搜索新闻。
2026-09-03 09:11:05,502 [INFO] [52/61] MU
2026-09-03 09:11:06,081 [WARNING] MU 数据日期滞后：最新行情日期为 2026-09-01，缺少 2026-09-02 的正式收盘数据
2026-09-03 09:11:06,081 [INFO] MU 综合评分为 0.0，低于60分，不触发且不搜索新闻。
2026-09-03 09:11:06,281 [INFO] [53/61] VICR
2026-09-03 09:11:06,827 [WARNING] VICR 数据日期滞后：最新行情日期为 2026-09-01，缺少 2026-09-02 的正式收盘数据
2026-09-03 09:11:06,827 [INFO] VICR 综合评分为 0.0，低于60分，不触发且不搜索新闻。
2026-09-03 09:11:07,027 [INFO] [54/61] NNE
2026-09-03 09:11:07,437 [WARNING] NNE 数据日期滞后：最新行情日期为 2026-09-01，缺少 2026-09-02 的正式收盘数据
2026-09-03 09:11:07,437 [INFO] NNE 综合评分为 0.0，低于60分，不触发且不搜索新闻。
2026-09-03 09:11:07,637 [INFO] [55/61] CCJ
2026-09-03 09:11:08,198 [WARNING] CCJ 数据日期滞后：最新行情日期为 2026-09-01，缺少 2026-09-02 的正式收盘数据
2026-09-03 09:11:08,198 [INFO] CCJ 综合评分为 0.0，低于60分，不触发且不搜索新闻。
2026-09-03 09:11:08,398 [INFO] [56/61] BWAY
2026-09-03 09:11:08,915 [WARNING] BWAY 数据日期滞后：最新行情日期为 2026-09-01，缺少 2026-09-02 的正式收盘数据
2026-09-03 09:11:08,915 [INFO] BWAY 综合评分为 0.0，低于60分，不触发且不搜索新闻。
2026-09-03 09:11:09,115 [INFO] [57/61] MANE
2026-09-03 09:11:09,564 [WARNING] MANE 数据日期滞后：最新行情日期为 2026-09-01，缺少 2026-09-02 的正式收盘数据
2026-09-03 09:11:09,564 [INFO] MANE 综合评分为 0.0，低于60分，不触发且不搜索新闻。
2026-09-03 09:11:09,764 [INFO] [58/61] QSI
2026-09-03 09:11:10,219 [WARNING] QSI 数据日期滞后：最新行情日期为 2026-09-01，缺少 2026-09-02 的正式收盘数据
2026-09-03 09:11:10,219 [INFO] QSI 综合评分为 0.0，低于60分，不触发且不搜索新闻。
2026-09-03 09:11:10,419 [INFO] [59/61] CRSP
2026-09-03 09:11:10,895 [WARNING] CRSP 数据日期滞后：最新行情日期为 2026-09-01，缺少 2026-09-02 的正式收盘数据
2026-09-03 09:11:10,896 [INFO] CRSP 综合评分为 0.0，低于60分，不触发且不搜索新闻。
2026-09-03 09:11:11,096 [INFO] [60/61] IBRX
2026-09-03 09:11:11,534 [WARNING] IBRX 数据日期滞后：最新行情日期为 2026-09-01，缺少 2026-09-02 的正式收盘数据
2026-09-03 09:11:11,535 [INFO] IBRX 综合评分为 0.0，低于60分，不触发且不搜索新闻。
2026-09-03 09:11:11,735 [INFO] [61/61] INSP
2026-09-03 09:11:12,164 [WARNING] INSP 数据日期滞后：最新行情日期为 2026-09-01，缺少 2026-09-02 的正式收盘数据
2026-09-03 09:11:12,164 [INFO] INSP 综合评分为 0.0，低于60分，不触发且不搜索新闻。
2026-09-03 09:11:12,492 [INFO] 已更新 AMZN_1 跟踪 Excel：/home/runner/work/stock-monitor-cloud/stock-monitor-cloud/data/CROSS/EXCLE/AMZN_1_20260828.xlsx，记录 3/30 个交易日。
2026-09-03 09:11:12,610 [INFO] 已更新 CCJ_1 跟踪 Excel：/home/runner/work/stock-monitor-cloud/stock-monitor-cloud/data/CROSS/EXCLE/CCJ_1_20260821.xlsx，记录 7/30 个交易日。
2026-09-03 09:11:12,745 [INFO] 已更新 COIN_1 跟踪 Excel：/home/runner/work/stock-monitor-cloud/stock-monitor-cloud/data/CROSS/EXCLE/COIN_1_20260819.xlsx，记录 10/30 个交易日。
2026-09-03 09:11:12,835 [INFO] 已更新 CRCL_1 跟踪 Excel：/home/runner/work/stock-monitor-cloud/stock-monitor-cloud/data/CROSS/EXCLE/CRCL_1_20260819.xlsx，记录 10/30 个交易日。
2026-09-03 09:11:12,921 [INFO] 已更新 CRSP_1 跟踪 Excel：/home/runner/work/stock-monitor-cloud/stock-monitor-cloud/data/CROSS/EXCLE/CRSP_1_20260819.xlsx，记录 9/30 个交易日。
2026-09-03 09:11:13,031 [INFO] 已更新 DELL_1 跟踪 Excel：/home/runner/work/stock-monitor-cloud/stock-monitor-cloud/data/CROSS/EXCLE/DELL_1_20260827.xlsx，记录 4/30 个交易日。
2026-09-03 09:11:13,156 [INFO] 已更新 ERAS_1 跟踪 Excel：/home/runner/work/stock-monitor-cloud/stock-monitor-cloud/data/CROSS/EXCLE/ERAS_1_20260826.xlsx，记录 4/30 个交易日。
2026-09-03 09:11:13,253 [INFO] 已更新 IBRX_1 跟踪 Excel：/home/runner/work/stock-monitor-cloud/stock-monitor-cloud/data/CROSS/EXCLE/IBRX_1_20260819.xlsx，记录 10/30 个交易日。
2026-09-03 09:11:13,380 [INFO] 已更新 INSP_1 跟踪 Excel：/home/runner/work/stock-monitor-cloud/stock-monitor-cloud/data/CROSS/EXCLE/INSP_1_20260819.xlsx，记录 9/30 个交易日。
2026-09-03 09:11:13,514 [INFO] 已更新 LITE_1 跟踪 Excel：/home/runner/work/stock-monitor-cloud/stock-monitor-cloud/data/CROSS/EXCLE/LITE_1_20260825.xlsx，记录 5/30 个交易日。
2026-09-03 09:11:13,677 [INFO] 已更新 MRVL_1 跟踪 Excel：/home/runner/work/stock-monitor-cloud/stock-monitor-cloud/data/CROSS/EXCLE/MRVL_1_20260819.xlsx，记录 10/30 个交易日。
2026-09-03 09:11:14,201 [INFO] 已更新 MSFT_1 跟踪 Excel：/home/runner/work/stock-monitor-cloud/stock-monitor-cloud/data/CROSS/EXCLE/MSFT_1_20260826.xlsx，记录 5/30 个交易日。
2026-09-03 09:11:14,345 [INFO] 已更新 MU_1 跟踪 Excel：/home/runner/work/stock-monitor-cloud/stock-monitor-cloud/data/CROSS/EXCLE/MU_1_20260831.xlsx，记录 2/30 个交易日。
2026-09-03 09:11:14,428 [INFO] 已更新 NNE_1 跟踪 Excel：/home/runner/work/stock-monitor-cloud/stock-monitor-cloud/data/CROSS/EXCLE/NNE_1_20260827.xlsx，记录 3/30 个交易日。
2026-09-03 09:11:14,543 [INFO] 已更新 NVDA_1 跟踪 Excel：/home/runner/work/stock-monitor-cloud/stock-monitor-cloud/data/CROSS/EXCLE/NVDA_1_20260827.xlsx，记录 4/30 个交易日。
2026-09-03 09:11:14,639 [INFO] 已更新 OKLO_1 跟踪 Excel：/home/runner/work/stock-monitor-cloud/stock-monitor-cloud/data/CROSS/EXCLE/OKLO_1_20260825.xlsx，记录 6/30 个交易日。
2026-09-03 09:11:14,801 [INFO] 已更新 ORCL_1 跟踪 Excel：/home/runner/work/stock-monitor-cloud/stock-monitor-cloud/data/CROSS/EXCLE/ORCL_1_20260826.xlsx，记录 5/30 个交易日。
2026-09-03 09:11:14,923 [INFO] 已更新 QCOM_1 跟踪 Excel：/home/runner/work/stock-monitor-cloud/stock-monitor-cloud/data/CROSS/EXCLE/QCOM_1_20260827.xlsx，记录 3/30 个交易日。
2026-09-03 09:11:15,409 [INFO] 已更新 QSI_1 跟踪 Excel：/home/runner/work/stock-monitor-cloud/stock-monitor-cloud/data/CROSS/EXCLE/QSI_1_20260821.xlsx，记录 7/30 个交易日。
2026-09-03 09:11:15,498 [INFO] 已更新 SMR_1 跟踪 Excel：/home/runner/work/stock-monitor-cloud/stock-monitor-cloud/data/CROSS/EXCLE/SMR_1_20260825.xlsx，记录 6/30 个交易日。
2026-09-03 09:11:15,498 [INFO] 报告生成完成：/home/runner/work/stock-monitor-cloud/stock-monitor-cloud/data/CROSS/强势金叉监控报告_2026-09-02.docx
2026-09-04 09:03:56,562 [INFO] 开始扫描 61 只股票，正式交易日：2026-09-03
2026-09-04 09:03:56,562 [INFO] [1/61] NOK
2026-09-04 09:03:56,809 [WARNING] NOK 数据日期滞后：最新行情日期为 2026-09-02，缺少 2026-09-03 的正式收盘数据
2026-09-04 09:03:56,809 [INFO] NOK 综合评分为 0.0，低于60分，不触发且不搜索新闻。
2026-09-04 09:03:57,009 [INFO] [2/61] XE
2026-09-04 09:03:57,128 [WARNING] XE 数据日期滞后：最新行情日期为 2026-09-02，缺少 2026-09-03 的正式收盘数据
2026-09-04 09:03:57,128 [INFO] XE 综合评分为 0.0，低于60分，不触发且不搜索新闻。
2026-09-04 09:03:57,328 [INFO] [3/61] RKLB
2026-09-04 09:03:57,450 [WARNING] RKLB 数据日期滞后：最新行情日期为 2026-09-02，缺少 2026-09-03 的正式收盘数据
2026-09-04 09:03:57,450 [INFO] RKLB 综合评分为 0.0，低于60分，不触发且不搜索新闻。
2026-09-04 09:03:57,650 [INFO] [4/61] NBIS
2026-09-04 09:03:57,819 [WARNING] NBIS 数据日期滞后：最新行情日期为 2026-09-02，缺少 2026-09-03 的正式收盘数据
2026-09-04 09:03:57,819 [INFO] NBIS 综合评分为 0.0，低于60分，不触发且不搜索新闻。
2026-09-04 09:03:58,020 [INFO] [5/61] ARM
2026-09-04 09:03:58,177 [WARNING] ARM 数据日期滞后：最新行情日期为 2026-09-02，缺少 2026-09-03 的正式收盘数据
2026-09-04 09:03:58,177 [INFO] ARM 综合评分为 0.0，低于60分，不触发且不搜索新闻。
2026-09-04 09:03:58,377 [INFO] [6/61] OPTX
2026-09-04 09:03:58,508 [WARNING] OPTX 数据日期滞后：最新行情日期为 2026-09-02，缺少 2026-09-03 的正式收盘数据
2026-09-04 09:03:58,508 [INFO] OPTX 综合评分为 0.0，低于60分，不触发且不搜索新闻。
2026-09-04 09:03:58,708 [INFO] [7/61] GLW
2026-09-04 09:03:58,913 [WARNING] GLW 数据日期滞后：最新行情日期为 2026-09-02，缺少 2026-09-03 的正式收盘数据
2026-09-04 09:03:58,913 [INFO] GLW 综合评分为 0.0，低于60分，不触发且不搜索新闻。
2026-09-04 09:03:59,114 [INFO] [8/61] COHR
2026-09-04 09:03:59,275 [WARNING] COHR 数据日期滞后：最新行情日期为 2026-09-02，缺少 2026-09-03 的正式收盘数据
2026-09-04 09:03:59,275 [INFO] COHR 综合评分为 0.0，低于60分，不触发且不搜索新闻。
2026-09-04 09:03:59,475 [INFO] [9/61] LITE
2026-09-04 09:03:59,597 [WARNING] LITE 数据日期滞后：最新行情日期为 2026-09-02，缺少 2026-09-03 的正式收盘数据
2026-09-04 09:03:59,597 [INFO] LITE 综合评分为 0.0，低于60分，不触发且不搜索新闻。
2026-09-04 09:03:59,797 [INFO] [10/61] MRVL
2026-09-04 09:03:59,962 [WARNING] MRVL 数据日期滞后：最新行情日期为 2026-09-02，缺少 2026-09-03 的正式收盘数据
2026-09-04 09:03:59,962 [INFO] MRVL 综合评分为 0.0，低于60分，不触发且不搜索新闻。
2026-09-04 09:04:00,162 [INFO] [11/61] INTC
2026-09-04 09:04:00,346 [WARNING] INTC 数据日期滞后：最新行情日期为 2026-09-02，缺少 2026-09-03 的正式收盘数据
2026-09-04 09:04:00,346 [INFO] INTC 综合评分为 0.0，低于60分，不触发且不搜索新闻。
2026-09-04 09:04:00,546 [INFO] [12/61] ALAB
2026-09-04 09:04:00,683 [WARNING] ALAB 数据日期滞后：最新行情日期为 2026-09-02，缺少 2026-09-03 的正式收盘数据
2026-09-04 09:04:00,684 [INFO] ALAB 综合评分为 0.0，低于60分，不触发且不搜索新闻。
2026-09-04 09:04:00,884 [INFO] [13/61] FLNC
2026-09-04 09:04:01,025 [WARNING] FLNC 数据日期滞后：最新行情日期为 2026-09-02，缺少 2026-09-03 的正式收盘数据
2026-09-04 09:04:01,025 [INFO] FLNC 综合评分为 0.0，低于60分，不触发且不搜索新闻。
2026-09-04 09:04:01,225 [INFO] [14/61] CRWV
2026-09-04 09:04:02,370 [WARNING] CRWV 数据日期滞后：最新行情日期为 2026-09-02，缺少 2026-09-03 的正式收盘数据
2026-09-04 09:04:02,370 [INFO] CRWV 综合评分为 0.0，低于60分，不触发且不搜索新闻。
2026-09-04 09:04:02,571 [INFO] [15/61] ORCL
2026-09-04 09:04:02,751 [WARNING] ORCL 数据日期滞后：最新行情日期为 2026-09-02，缺少 2026-09-03 的正式收盘数据
2026-09-04 09:04:02,751 [INFO] ORCL 综合评分为 0.0，低于60分，不触发且不搜索新闻。
2026-09-04 09:04:02,951 [INFO] [16/61] NVTS
2026-09-04 09:04:03,063 [WARNING] NVTS 数据日期滞后：最新行情日期为 2026-09-02，缺少 2026-09-03 的正式收盘数据
2026-09-04 09:04:03,063 [INFO] NVTS 综合评分为 0.0，低于60分，不触发且不搜索新闻。
2026-09-04 09:04:03,264 [INFO] [17/61] POET
2026-09-04 09:04:03,378 [WARNING] POET 数据日期滞后：最新行情日期为 2026-09-02，缺少 2026-09-03 的正式收盘数据
2026-09-04 09:04:03,378 [INFO] POET 综合评分为 0.0，低于60分，不触发且不搜索新闻。
2026-09-04 09:04:03,579 [INFO] [18/61] DELL
2026-09-04 09:04:03,747 [WARNING] DELL 数据日期滞后：最新行情日期为 2026-09-02，缺少 2026-09-03 的正式收盘数据
2026-09-04 09:04:03,747 [INFO] DELL 综合评分为 0.0，低于60分，不触发且不搜索新闻。
2026-09-04 09:04:03,947 [INFO] [19/61] BB
2026-09-04 09:04:04,056 [WARNING] BB 数据日期滞后：最新行情日期为 2026-09-02，缺少 2026-09-03 的正式收盘数据
2026-09-04 09:04:04,057 [INFO] BB 综合评分为 0.0，低于60分，不触发且不搜索新闻。
2026-09-04 09:04:04,257 [INFO] [20/61] ONDS
2026-09-04 09:04:04,369 [WARNING] ONDS 数据日期滞后：最新行情日期为 2026-09-02，缺少 2026-09-03 的正式收盘数据
2026-09-04 09:04:04,369 [INFO] ONDS 综合评分为 0.0，低于60分，不触发且不搜索新闻。
2026-09-04 09:04:04,570 [INFO] [21/61] SMR
2026-09-04 09:04:04,696 [WARNING] SMR 数据日期滞后：最新行情日期为 2026-09-02，缺少 2026-09-03 的正式收盘数据
2026-09-04 09:04:04,696 [INFO] SMR 综合评分为 0.0，低于60分，不触发且不搜索新闻。
2026-09-04 09:04:04,896 [INFO] [22/61] OKLO
2026-09-04 09:04:05,012 [WARNING] OKLO 数据日期滞后：最新行情日期为 2026-09-02，缺少 2026-09-03 的正式收盘数据
2026-09-04 09:04:05,012 [INFO] OKLO 综合评分为 0.0，低于60分，不触发且不搜索新闻。
2026-09-04 09:04:05,212 [INFO] [23/61] IONQ
2026-09-04 09:04:05,334 [WARNING] IONQ 数据日期滞后：最新行情日期为 2026-09-02，缺少 2026-09-03 的正式收盘数据
2026-09-04 09:04:05,334 [INFO] IONQ 综合评分为 0.0，低于60分，不触发且不搜索新闻。
2026-09-04 09:04:05,534 [INFO] [24/61] QBTS
2026-09-04 09:04:05,643 [WARNING] QBTS 数据日期滞后：最新行情日期为 2026-09-02，缺少 2026-09-03 的正式收盘数据
2026-09-04 09:04:05,643 [INFO] QBTS 综合评分为 0.0，低于60分，不触发且不搜索新闻。
2026-09-04 09:04:05,844 [INFO] [25/61] NVDA
2026-09-04 09:04:05,986 [WARNING] NVDA 数据日期滞后：最新行情日期为 2026-09-02，缺少 2026-09-03 的正式收盘数据
2026-09-04 09:04:05,986 [INFO] NVDA 综合评分为 0.0，低于60分，不触发且不搜索新闻。
2026-09-04 09:04:06,186 [INFO] [26/61] AMZN
2026-09-04 09:04:06,312 [WARNING] AMZN 数据日期滞后：最新行情日期为 2026-09-02，缺少 2026-09-03 的正式收盘数据
2026-09-04 09:04:06,312 [INFO] AMZN 综合评分为 0.0，低于60分，不触发且不搜索新闻。
2026-09-04 09:04:06,512 [INFO] [27/61] AMD
2026-09-04 09:04:06,691 [WARNING] AMD 数据日期滞后：最新行情日期为 2026-09-02，缺少 2026-09-03 的正式收盘数据
2026-09-04 09:04:06,691 [INFO] AMD 综合评分为 0.0，低于60分，不触发且不搜索新闻。
2026-09-04 09:04:06,892 [INFO] [28/61] CRCL
2026-09-04 09:04:06,998 [WARNING] CRCL 数据日期滞后：最新行情日期为 2026-09-02，缺少 2026-09-03 的正式收盘数据
2026-09-04 09:04:06,998 [INFO] CRCL 综合评分为 0.0，低于60分，不触发且不搜索新闻。
2026-09-04 09:04:07,198 [INFO] [29/61] FLY
2026-09-04 09:04:07,313 [WARNING] FLY 数据日期滞后：最新行情日期为 2026-09-02，缺少 2026-09-03 的正式收盘数据
2026-09-04 09:04:07,313 [INFO] FLY 综合评分为 0.0，低于60分，不触发且不搜索新闻。
2026-09-04 09:04:07,514 [INFO] [30/61] CBRS
2026-09-04 09:04:07,610 [WARNING] CBRS 历史行情不足：77 行
2026-09-04 09:04:07,610 [INFO] CBRS 综合评分为 0.0，低于60分，不触发且不搜索新闻。
2026-09-04 09:04:07,811 [INFO] [31/61] CIEN
2026-09-04 09:04:07,971 [WARNING] CIEN 数据日期滞后：最新行情日期为 2026-09-02，缺少 2026-09-03 的正式收盘数据
2026-09-04 09:04:07,971 [INFO] CIEN 综合评分为 0.0，低于60分，不触发且不搜索新闻。
2026-09-04 09:04:08,171 [INFO] [32/61] SIVEF
2026-09-04 09:04:08,607 [INFO] SIVEF 综合评分为 17.0，低于60分，不触发且不搜索新闻。
2026-09-04 09:04:08,808 [INFO] [33/61] SHAZ
2026-09-04 09:04:08,916 [WARNING] SHAZ 数据日期滞后：最新行情日期为 2026-09-02，缺少 2026-09-03 的正式收盘数据
2026-09-04 09:04:08,916 [INFO] SHAZ 综合评分为 0.0，低于60分，不触发且不搜索新闻。
2026-09-04 09:04:09,116 [INFO] [34/61] LUNR
2026-09-04 09:04:09,259 [WARNING] LUNR 数据日期滞后：最新行情日期为 2026-09-02，缺少 2026-09-03 的正式收盘数据
2026-09-04 09:04:09,259 [INFO] LUNR 综合评分为 0.0，低于60分，不触发且不搜索新闻。
2026-09-04 09:04:09,459 [INFO] [35/61] ASTS
2026-09-04 09:04:09,603 [WARNING] ASTS 数据日期滞后：最新行情日期为 2026-09-02，缺少 2026-09-03 的正式收盘数据
2026-09-04 09:04:09,603 [INFO] ASTS 综合评分为 0.0，低于60分，不触发且不搜索新闻。
2026-09-04 09:04:09,804 [INFO] [36/61] AAOI
2026-09-04 09:04:09,940 [WARNING] AAOI 数据日期滞后：最新行情日期为 2026-09-02，缺少 2026-09-03 的正式收盘数据
2026-09-04 09:04:09,940 [INFO] AAOI 综合评分为 0.0，低于60分，不触发且不搜索新闻。
2026-09-04 09:04:10,140 [INFO] [37/61] INOD
2026-09-04 09:04:10,254 [WARNING] INOD 数据日期滞后：最新行情日期为 2026-09-02，缺少 2026-09-03 的正式收盘数据
2026-09-04 09:04:10,254 [INFO] INOD 综合评分为 0.0，低于60分，不触发且不搜索新闻。
2026-09-04 09:04:10,454 [INFO] [38/61] SPCX
2026-09-04 09:04:10,852 [WARNING] SPCX 历史行情不足：57 行
2026-09-04 09:04:10,852 [INFO] SPCX 综合评分为 0.0，低于60分，不触发且不搜索新闻。
2026-09-04 09:04:11,052 [INFO] [39/61] RDW
2026-09-04 09:04:11,478 [WARNING] RDW 数据日期滞后：最新行情日期为 2026-09-02，缺少 2026-09-03 的正式收盘数据
2026-09-04 09:04:11,478 [INFO] RDW 综合评分为 0.0，低于60分，不触发且不搜索新闻。
2026-09-04 09:04:11,678 [INFO] [40/61] QCOM
2026-09-04 09:04:12,358 [WARNING] QCOM 数据日期滞后：最新行情日期为 2026-09-02，缺少 2026-09-03 的正式收盘数据
2026-09-04 09:04:12,358 [INFO] QCOM 综合评分为 0.0，低于60分，不触发且不搜索新闻。
2026-09-04 09:04:12,558 [INFO] [41/61] COIN
2026-09-04 09:04:12,909 [WARNING] COIN 数据日期滞后：最新行情日期为 2026-09-02，缺少 2026-09-03 的正式收盘数据
2026-09-04 09:04:12,909 [INFO] COIN 综合评分为 0.0，低于60分，不触发且不搜索新闻。
2026-09-04 09:04:13,110 [INFO] [42/61] CORZ
2026-09-04 09:04:13,606 [WARNING] CORZ 数据日期滞后：最新行情日期为 2026-09-02，缺少 2026-09-03 的正式收盘数据
2026-09-04 09:04:13,606 [INFO] CORZ 综合评分为 0.0，低于60分，不触发且不搜索新闻。
2026-09-04 09:04:13,807 [INFO] [43/61] IREN
2026-09-04 09:04:14,190 [WARNING] IREN 数据日期滞后：最新行情日期为 2026-09-02，缺少 2026-09-03 的正式收盘数据
2026-09-04 09:04:14,191 [INFO] IREN 综合评分为 0.0，低于60分，不触发且不搜索新闻。
2026-09-04 09:04:14,391 [INFO] [44/61] VELO
2026-09-04 09:04:14,877 [WARNING] VELO 数据日期滞后：最新行情日期为 2026-09-02，缺少 2026-09-03 的正式收盘数据
2026-09-04 09:04:14,877 [INFO] VELO 综合评分为 0.0，低于60分，不触发且不搜索新闻。
2026-09-04 09:04:15,078 [INFO] [45/61] MSFT
2026-09-04 09:04:15,501 [WARNING] MSFT 数据日期滞后：最新行情日期为 2026-09-02，缺少 2026-09-03 的正式收盘数据
2026-09-04 09:04:15,501 [INFO] MSFT 综合评分为 0.0，低于60分，不触发且不搜索新闻。
2026-09-04 09:04:15,701 [INFO] [46/61] GOOG
2026-09-04 09:04:16,092 [WARNING] GOOG 数据日期滞后：最新行情日期为 2026-09-02，缺少 2026-09-03 的正式收盘数据
2026-09-04 09:04:16,092 [INFO] GOOG 综合评分为 0.0，低于60分，不触发且不搜索新闻。
2026-09-04 09:04:16,293 [INFO] [47/61] AVGO
2026-09-04 09:04:16,709 [WARNING] AVGO 数据日期滞后：最新行情日期为 2026-09-02，缺少 2026-09-03 的正式收盘数据
2026-09-04 09:04:16,709 [INFO] AVGO 综合评分为 0.0，低于60分，不触发且不搜索新闻。
2026-09-04 09:04:16,910 [INFO] [48/61] AMAT
2026-09-04 09:04:17,366 [WARNING] AMAT 数据日期滞后：最新行情日期为 2026-09-02，缺少 2026-09-03 的正式收盘数据
2026-09-04 09:04:17,366 [INFO] AMAT 综合评分为 0.0，低于60分，不触发且不搜索新闻。
2026-09-04 09:04:17,566 [INFO] [49/61] AMKR
2026-09-04 09:04:18,004 [WARNING] AMKR 数据日期滞后：最新行情日期为 2026-09-02，缺少 2026-09-03 的正式收盘数据
2026-09-04 09:04:18,004 [INFO] AMKR 综合评分为 0.0，低于60分，不触发且不搜索新闻。
2026-09-04 09:04:18,204 [INFO] [50/61] LRCX
2026-09-04 09:04:18,739 [WARNING] LRCX 数据日期滞后：最新行情日期为 2026-09-02，缺少 2026-09-03 的正式收盘数据
2026-09-04 09:04:18,739 [INFO] LRCX 综合评分为 0.0，低于60分，不触发且不搜索新闻。
2026-09-04 09:04:18,939 [INFO] [51/61] SNDK
2026-09-04 09:04:19,349 [WARNING] SNDK 数据日期滞后：最新行情日期为 2026-09-02，缺少 2026-09-03 的正式收盘数据
2026-09-04 09:04:19,349 [INFO] SNDK 综合评分为 0.0，低于60分，不触发且不搜索新闻。
2026-09-04 09:04:19,549 [INFO] [52/61] MU
2026-09-04 09:04:20,090 [WARNING] MU 数据日期滞后：最新行情日期为 2026-09-02，缺少 2026-09-03 的正式收盘数据
2026-09-04 09:04:20,090 [INFO] MU 综合评分为 0.0，低于60分，不触发且不搜索新闻。
2026-09-04 09:04:20,290 [INFO] [53/61] VICR
2026-09-04 09:04:20,693 [WARNING] VICR 数据日期滞后：最新行情日期为 2026-09-02，缺少 2026-09-03 的正式收盘数据
2026-09-04 09:04:20,693 [INFO] VICR 综合评分为 0.0，低于60分，不触发且不搜索新闻。
2026-09-04 09:04:20,894 [INFO] [54/61] NNE
2026-09-04 09:04:21,312 [WARNING] NNE 数据日期滞后：最新行情日期为 2026-09-02，缺少 2026-09-03 的正式收盘数据
2026-09-04 09:04:21,312 [INFO] NNE 综合评分为 0.0，低于60分，不触发且不搜索新闻。
2026-09-04 09:04:21,512 [INFO] [55/61] CCJ
2026-09-04 09:04:22,018 [WARNING] CCJ 数据日期滞后：最新行情日期为 2026-09-02，缺少 2026-09-03 的正式收盘数据
2026-09-04 09:04:22,018 [INFO] CCJ 综合评分为 0.0，低于60分，不触发且不搜索新闻。
2026-09-04 09:04:22,218 [INFO] [56/61] BWAY
2026-09-04 09:04:22,767 [WARNING] BWAY 数据日期滞后：最新行情日期为 2026-09-02，缺少 2026-09-03 的正式收盘数据
2026-09-04 09:04:22,767 [INFO] BWAY 综合评分为 0.0，低于60分，不触发且不搜索新闻。
2026-09-04 09:04:22,967 [INFO] [57/61] MANE
2026-09-04 09:04:23,447 [WARNING] MANE 数据日期滞后：最新行情日期为 2026-09-02，缺少 2026-09-03 的正式收盘数据
2026-09-04 09:04:23,447 [INFO] MANE 综合评分为 0.0，低于60分，不触发且不搜索新闻。
2026-09-04 09:04:23,647 [INFO] [58/61] QSI
2026-09-04 09:04:24,081 [WARNING] QSI 数据日期滞后：最新行情日期为 2026-09-02，缺少 2026-09-03 的正式收盘数据
2026-09-04 09:04:24,081 [INFO] QSI 综合评分为 0.0，低于60分，不触发且不搜索新闻。
2026-09-04 09:04:24,281 [INFO] [59/61] CRSP
2026-09-04 09:04:24,685 [WARNING] CRSP 数据日期滞后：最新行情日期为 2026-09-02，缺少 2026-09-03 的正式收盘数据
2026-09-04 09:04:24,685 [INFO] CRSP 综合评分为 0.0，低于60分，不触发且不搜索新闻。
2026-09-04 09:04:24,886 [INFO] [60/61] IBRX
2026-09-04 09:04:25,283 [WARNING] IBRX 数据日期滞后：最新行情日期为 2026-09-02，缺少 2026-09-03 的正式收盘数据
2026-09-04 09:04:25,283 [INFO] IBRX 综合评分为 0.0，低于60分，不触发且不搜索新闻。
2026-09-04 09:04:25,483 [INFO] [61/61] INSP
2026-09-04 09:04:25,911 [WARNING] INSP 数据日期滞后：最新行情日期为 2026-09-02，缺少 2026-09-03 的正式收盘数据
2026-09-04 09:04:25,911 [INFO] INSP 综合评分为 0.0，低于60分，不触发且不搜索新闻。
2026-09-04 09:04:26,263 [INFO] 已更新 AMZN_1 跟踪 Excel：/home/runner/work/stock-monitor-cloud/stock-monitor-cloud/data/CROSS/EXCLE/AMZN_1_20260828.xlsx，记录 4/30 个交易日。
2026-09-04 09:04:26,779 [INFO] 已更新 CCJ_1 跟踪 Excel：/home/runner/work/stock-monitor-cloud/stock-monitor-cloud/data/CROSS/EXCLE/CCJ_1_20260821.xlsx，记录 9/30 个交易日。
2026-09-04 09:04:26,902 [INFO] 已更新 COIN_1 跟踪 Excel：/home/runner/work/stock-monitor-cloud/stock-monitor-cloud/data/CROSS/EXCLE/COIN_1_20260819.xlsx，记录 11/30 个交易日。
2026-09-04 09:04:26,978 [INFO] 已更新 CRCL_1 跟踪 Excel：/home/runner/work/stock-monitor-cloud/stock-monitor-cloud/data/CROSS/EXCLE/CRCL_1_20260819.xlsx，记录 11/30 个交易日。
2026-09-04 09:04:27,456 [INFO] 已更新 CRSP_1 跟踪 Excel：/home/runner/work/stock-monitor-cloud/stock-monitor-cloud/data/CROSS/EXCLE/CRSP_1_20260819.xlsx，记录 11/30 个交易日。
2026-09-04 09:04:27,959 [INFO] 已更新 DELL_1 跟踪 Excel：/home/runner/work/stock-monitor-cloud/stock-monitor-cloud/data/CROSS/EXCLE/DELL_1_20260827.xlsx，记录 5/30 个交易日。
2026-09-04 09:04:28,160 [INFO] 已更新 ERAS_1 跟踪 Excel：/home/runner/work/stock-monitor-cloud/stock-monitor-cloud/data/CROSS/EXCLE/ERAS_1_20260826.xlsx，记录 6/30 个交易日。
2026-09-04 09:04:28,240 [INFO] 已更新 IBRX_1 跟踪 Excel：/home/runner/work/stock-monitor-cloud/stock-monitor-cloud/data/CROSS/EXCLE/IBRX_1_20260819.xlsx，记录 11/30 个交易日。
2026-09-04 09:04:28,330 [INFO] 已更新 INSP_1 跟踪 Excel：/home/runner/work/stock-monitor-cloud/stock-monitor-cloud/data/CROSS/EXCLE/INSP_1_20260819.xlsx，记录 11/30 个交易日。
2026-09-04 09:04:28,421 [INFO] 已更新 LITE_1 跟踪 Excel：/home/runner/work/stock-monitor-cloud/stock-monitor-cloud/data/CROSS/EXCLE/LITE_1_20260825.xlsx，记录 7/30 个交易日。
2026-09-04 09:04:28,969 [INFO] 已更新 MRVL_1 跟踪 Excel：/home/runner/work/stock-monitor-cloud/stock-monitor-cloud/data/CROSS/EXCLE/MRVL_1_20260819.xlsx，记录 11/30 个交易日。
2026-09-04 09:04:29,473 [INFO] 已更新 MSFT_1 跟踪 Excel：/home/runner/work/stock-monitor-cloud/stock-monitor-cloud/data/CROSS/EXCLE/MSFT_1_20260826.xlsx，记录 6/30 个交易日。
2026-09-04 09:04:29,594 [INFO] 已更新 MU_1 跟踪 Excel：/home/runner/work/stock-monitor-cloud/stock-monitor-cloud/data/CROSS/EXCLE/MU_1_20260831.xlsx，记录 3/30 个交易日。
2026-09-04 09:04:30,038 [INFO] 已更新 NNE_1 跟踪 Excel：/home/runner/work/stock-monitor-cloud/stock-monitor-cloud/data/CROSS/EXCLE/NNE_1_20260827.xlsx，记录 5/30 个交易日。
2026-09-04 09:04:30,141 [INFO] 已更新 NVDA_1 跟踪 Excel：/home/runner/work/stock-monitor-cloud/stock-monitor-cloud/data/CROSS/EXCLE/NVDA_1_20260827.xlsx，记录 5/30 个交易日。
2026-09-04 09:04:30,249 [INFO] 已更新 OKLO_1 跟踪 Excel：/home/runner/work/stock-monitor-cloud/stock-monitor-cloud/data/CROSS/EXCLE/OKLO_1_20260825.xlsx，记录 7/30 个交易日。
2026-09-04 09:04:30,753 [INFO] 已更新 ORCL_1 跟踪 Excel：/home/runner/work/stock-monitor-cloud/stock-monitor-cloud/data/CROSS/EXCLE/ORCL_1_20260826.xlsx，记录 6/30 个交易日。
2026-09-04 09:04:30,865 [INFO] 已更新 QCOM_1 跟踪 Excel：/home/runner/work/stock-monitor-cloud/stock-monitor-cloud/data/CROSS/EXCLE/QCOM_1_20260827.xlsx，记录 5/30 个交易日。
2026-09-04 09:04:30,936 [INFO] 已更新 QSI_1 跟踪 Excel：/home/runner/work/stock-monitor-cloud/stock-monitor-cloud/data/CROSS/EXCLE/QSI_1_20260821.xlsx，记录 9/30 个交易日。
2026-09-04 09:04:31,022 [INFO] 已更新 SMR_1 跟踪 Excel：/home/runner/work/stock-monitor-cloud/stock-monitor-cloud/data/CROSS/EXCLE/SMR_1_20260825.xlsx，记录 7/30 个交易日。
2026-09-04 09:04:31,023 [INFO] 报告生成完成：/home/runner/work/stock-monitor-cloud/stock-monitor-cloud/data/CROSS/强势金叉监控报告_2026-09-03.docx
2026-09-07 09:05:41,412 [INFO] 开始扫描 61 只股票，正式交易日：2026-09-04
2026-09-07 09:05:41,412 [INFO] [1/61] NOK
2026-09-07 09:05:41,770 [INFO] NOK 综合评分为 28.0，低于60分，不触发且不搜索新闻。
2026-09-07 09:05:41,970 [INFO] [2/61] XE
2026-09-07 09:05:42,085 [INFO] XE 综合评分为 7.0，低于60分，不触发且不搜索新闻。
2026-09-07 09:05:42,285 [INFO] [3/61] RKLB
2026-09-07 09:05:42,396 [INFO] RKLB 综合评分为 17.0，低于60分，不触发且不搜索新闻。
2026-09-07 09:05:42,596 [INFO] [4/61] NBIS
2026-09-07 09:05:42,720 [INFO] NBIS 综合评分为 58.0，低于60分，不触发且不搜索新闻。
2026-09-07 09:05:42,921 [INFO] [5/61] ARM
2026-09-07 09:05:43,031 [INFO] ARM 综合评分为 55.0，低于60分，不触发且不搜索新闻。
2026-09-07 09:05:43,231 [INFO] [6/61] OPTX
2026-09-07 09:05:43,340 [INFO] OPTX 综合评分为 11.0，低于60分，不触发且不搜索新闻。
2026-09-07 09:05:43,540 [INFO] [7/61] GLW
2026-09-07 09:05:43,988 [INFO] [8/61] COHR
2026-09-07 09:05:44,104 [INFO] COHR 综合评分为 23.0，低于60分，不触发且不搜索新闻。
2026-09-07 09:05:44,305 [INFO] [9/61] LITE
2026-09-07 09:05:44,827 [INFO] LITE 综合评分为 32.0，低于60分，不触发且不搜索新闻。
2026-09-07 09:05:45,027 [INFO] [10/61] MRVL
2026-09-07 09:05:45,175 [INFO] MRVL 综合评分为 37.0，低于60分，不触发且不搜索新闻。
2026-09-07 09:05:45,376 [INFO] [11/61] INTC
2026-09-07 09:05:45,565 [INFO] INTC 综合评分为 56.0，低于60分，不触发且不搜索新闻。
2026-09-07 09:05:45,765 [INFO] [12/61] ALAB
2026-09-07 09:05:46,090 [INFO] [13/61] FLNC
2026-09-07 09:05:46,242 [INFO] FLNC 综合评分为 12.0，低于60分，不触发且不搜索新闻。
2026-09-07 09:05:46,442 [INFO] [14/61] CRWV
2026-09-07 09:05:46,954 [INFO] CRWV 综合评分为 53.0，低于60分，不触发且不搜索新闻。
2026-09-07 09:05:47,154 [INFO] [15/61] ORCL
2026-09-07 09:05:47,503 [INFO] [16/61] NVTS
2026-09-07 09:05:47,617 [INFO] NVTS 综合评分为 27.0，低于60分，不触发且不搜索新闻。
2026-09-07 09:05:47,817 [INFO] [17/61] POET
2026-09-07 09:05:47,965 [INFO] POET 综合评分为 35.0，低于60分，不触发且不搜索新闻。
2026-09-07 09:05:48,165 [INFO] [18/61] DELL
2026-09-07 09:05:48,498 [INFO] [19/61] BB
2026-09-07 09:05:48,617 [INFO] BB 综合评分为 4.0，低于60分，不触发且不搜索新闻。
2026-09-07 09:05:48,817 [INFO] [20/61] ONDS
2026-09-07 09:05:48,934 [INFO] ONDS 综合评分为 16.0，低于60分，不触发且不搜索新闻。
2026-09-07 09:05:49,135 [INFO] [21/61] SMR
2026-09-07 09:05:49,442 [INFO] [22/61] OKLO
2026-09-07 09:05:49,569 [INFO] OKLO 综合评分为 39.0，低于60分，不触发且不搜索新闻。
2026-09-07 09:05:49,769 [INFO] [23/61] IONQ
2026-09-07 09:05:49,905 [INFO] IONQ 综合评分为 29.0，低于60分，不触发且不搜索新闻。
2026-09-07 09:05:50,105 [INFO] [24/61] QBTS
2026-09-07 09:05:50,216 [INFO] QBTS 综合评分为 5.0，低于60分，不触发且不搜索新闻。
2026-09-07 09:05:50,416 [INFO] [25/61] NVDA
2026-09-07 09:05:50,765 [INFO] [26/61] AMZN
2026-09-07 09:05:50,885 [INFO] AMZN 综合评分为 37.0，低于60分，不触发且不搜索新闻。
2026-09-07 09:05:51,085 [INFO] [27/61] AMD
2026-09-07 09:05:51,399 [INFO] [28/61] CRCL
2026-09-07 09:05:51,708 [INFO] [29/61] FLY
2026-09-07 09:05:51,829 [INFO] FLY 综合评分为 23.0，低于60分，不触发且不搜索新闻。
2026-09-07 09:05:52,030 [INFO] [30/61] CBRS
2026-09-07 09:05:52,120 [WARNING] CBRS 历史行情不足：79 行
2026-09-07 09:05:52,120 [INFO] CBRS 综合评分为 0.0，低于60分，不触发且不搜索新闻。
2026-09-07 09:05:52,320 [INFO] [31/61] CIEN
2026-09-07 09:05:52,433 [INFO] CIEN 综合评分为 9.0，低于60分，不触发且不搜索新闻。
2026-09-07 09:05:52,634 [INFO] [32/61] SIVEF
2026-09-07 09:05:52,738 [INFO] SIVEF 综合评分为 20.0，低于60分，不触发且不搜索新闻。
2026-09-07 09:05:52,938 [INFO] [33/61] SHAZ
2026-09-07 09:05:53,045 [INFO] SHAZ 综合评分为 23.0，低于60分，不触发且不搜索新闻。
2026-09-07 09:05:53,245 [INFO] [34/61] LUNR
2026-09-07 09:05:53,360 [INFO] LUNR 综合评分为 11.0，低于60分，不触发且不搜索新闻。
2026-09-07 09:05:53,560 [INFO] [35/61] ASTS
2026-09-07 09:05:53,675 [INFO] ASTS 综合评分为 27.0，低于60分，不触发且不搜索新闻。
2026-09-07 09:05:53,875 [INFO] [36/61] AAOI
2026-09-07 09:05:53,987 [INFO] AAOI 综合评分为 20.0，低于60分，不触发且不搜索新闻。
2026-09-07 09:05:54,187 [INFO] [37/61] INOD
2026-09-07 09:05:54,295 [INFO] INOD 综合评分为 20.0，低于60分，不触发且不搜索新闻。
2026-09-07 09:05:54,495 [INFO] [38/61] SPCX
2026-09-07 09:05:54,876 [WARNING] SPCX 历史行情不足：59 行
2026-09-07 09:05:54,876 [INFO] SPCX 综合评分为 0.0，低于60分，不触发且不搜索新闻。
2026-09-07 09:05:55,077 [INFO] [39/61] RDW
2026-09-07 09:05:55,449 [INFO] RDW 综合评分为 26.0，低于60分，不触发且不搜索新闻。
2026-09-07 09:05:55,649 [INFO] [40/61] QCOM
2026-09-07 09:05:56,139 [INFO] QCOM 综合评分为 41.0，低于60分，不触发且不搜索新闻。
2026-09-07 09:05:56,340 [INFO] [41/61] COIN
2026-09-07 09:05:56,715 [INFO] COIN 综合评分为 30.0，低于60分，不触发且不搜索新闻。
2026-09-07 09:05:56,915 [INFO] [42/61] CORZ
2026-09-07 09:05:57,557 [INFO] CORZ 综合评分为 45.0，低于60分，不触发且不搜索新闻。
2026-09-07 09:05:57,757 [INFO] [43/61] IREN
2026-09-07 09:05:58,345 [INFO] [44/61] VELO
2026-09-07 09:05:58,727 [INFO] VELO 综合评分为 20.0，低于60分，不触发且不搜索新闻。
2026-09-07 09:05:58,927 [INFO] [45/61] MSFT
2026-09-07 09:05:59,372 [INFO] MSFT 综合评分为 30.0，低于60分，不触发且不搜索新闻。
2026-09-07 09:05:59,573 [INFO] [46/61] GOOG
2026-09-07 09:05:59,963 [INFO] GOOG 综合评分为 26.0，低于60分，不触发且不搜索新闻。
2026-09-07 09:06:00,163 [INFO] [47/61] AVGO
2026-09-07 09:06:00,607 [INFO] AVGO 综合评分为 20.0，低于60分，不触发且不搜索新闻。
2026-09-07 09:06:00,808 [INFO] [48/61] AMAT
2026-09-07 09:06:01,302 [INFO] AMAT 综合评分为 17.0，低于60分，不触发且不搜索新闻。
2026-09-07 09:06:01,502 [INFO] [49/61] AMKR
2026-09-07 09:06:01,869 [INFO] AMKR 综合评分为 38.0，低于60分，不触发且不搜索新闻。
2026-09-07 09:06:02,069 [INFO] [50/61] LRCX
2026-09-07 09:06:02,550 [INFO] LRCX 综合评分为 37.0，低于60分，不触发且不搜索新闻。
2026-09-07 09:06:02,750 [INFO] [51/61] SNDK
2026-09-07 09:06:03,347 [INFO] [52/61] MU
2026-09-07 09:06:04,062 [INFO] [53/61] VICR
2026-09-07 09:06:04,441 [INFO] VICR 综合评分为 20.0，低于60分，不触发且不搜索新闻。
2026-09-07 09:06:04,641 [INFO] [54/61] NNE
2026-09-07 09:06:05,255 [INFO] NNE 综合评分为 17.0，低于60分，不触发且不搜索新闻。
2026-09-07 09:06:05,455 [INFO] [55/61] CCJ
2026-09-07 09:06:05,914 [INFO] CCJ 综合评分为 38.0，低于60分，不触发且不搜索新闻。
2026-09-07 09:06:06,115 [INFO] [56/61] BWAY
2026-09-07 09:06:06,513 [INFO] BWAY 综合评分为 8.0，低于60分，不触发且不搜索新闻。
2026-09-07 09:06:06,713 [INFO] [57/61] MANE
2026-09-07 09:06:07,051 [INFO] MANE 综合评分为 23.0，低于60分，不触发且不搜索新闻。
2026-09-07 09:06:07,251 [INFO] [58/61] QSI
2026-09-07 09:06:07,673 [INFO] QSI 综合评分为 15.0，低于60分，不触发且不搜索新闻。
2026-09-07 09:06:07,873 [INFO] [59/61] CRSP
2026-09-07 09:06:08,382 [INFO] CRSP 综合评分为 18.0，低于60分，不触发且不搜索新闻。
2026-09-07 09:06:08,582 [INFO] [60/61] IBRX
2026-09-07 09:06:09,012 [INFO] IBRX 综合评分为 28.0，低于60分，不触发且不搜索新闻。
2026-09-07 09:06:09,212 [INFO] [61/61] INSP
2026-09-07 09:06:10,072 [INFO] INSP 综合评分为 42.0，低于60分，不触发且不搜索新闻。
2026-09-07 09:06:10,273 [INFO] DELL 达到 83.0 分，开始搜索新闻。
2026-09-07 09:06:10,902 [INFO] ORCL 达到 82.0 分，开始搜索新闻。
2026-09-07 09:06:11,532 [INFO] ALAB 达到 81.0 分，开始搜索新闻。
2026-09-07 09:06:12,147 [INFO] NVDA 达到 75.0 分，开始搜索新闻。
2026-09-07 09:06:12,771 [INFO] IREN 达到 70.0 分，开始搜索新闻。
2026-09-07 09:06:13,389 [INFO] MU 达到 70.0 分，开始搜索新闻。
2026-09-07 09:06:14,016 [INFO] SMR 达到 68.0 分，开始搜索新闻。
2026-09-07 09:06:14,635 [INFO] AMD 达到 66.0 分，开始搜索新闻。
2026-09-07 09:06:15,263 [INFO] SNDK 达到 64.0 分，开始搜索新闻。
2026-09-07 09:06:15,939 [INFO] GLW 达到 63.0 分，开始搜索新闻。
2026-09-07 09:06:16,601 [INFO] CRCL 达到 62.0 分，开始搜索新闻。
2026-09-07 09:06:17,330 [INFO] 已写入 CROSS.txt：DELL（2）, ORCL（3）, ALAB, NVDA（2）, IREN, MU（2）, SMR（2）, AMD, SNDK, GLW, CRCL（6）
2026-09-07 09:06:17,330 [INFO] 未配置 Google Sheets 授权，已跳过云端表格写入。可设置环境变量 GOOGLE_SERVICE_ACCOUNT_JSON，或把服务账号 JSON 放到：/home/runner/work/stock-monitor-cloud/stock-monitor-cloud/data/CROSS/google_service_account.json
2026-09-07 09:06:17,409 [INFO] 已更新 ALAB_1 跟踪 Excel：/home/runner/work/stock-monitor-cloud/stock-monitor-cloud/data/CROSS/EXCLE/ALAB_1_20260904.xlsx，记录 1/30 个交易日。
2026-09-07 09:06:17,500 [INFO] 已更新 AMD_1 跟踪 Excel：/home/runner/work/stock-monitor-cloud/stock-monitor-cloud/data/CROSS/EXCLE/AMD_1_20260904.xlsx，记录 1/30 个交易日。
2026-09-07 09:06:17,579 [INFO] 已更新 AMZN_1 跟踪 Excel：/home/runner/work/stock-monitor-cloud/stock-monitor-cloud/data/CROSS/EXCLE/AMZN_1_20260828.xlsx，记录 6/30 个交易日。
2026-09-07 09:06:17,691 [INFO] 已更新 CCJ_1 跟踪 Excel：/home/runner/work/stock-monitor-cloud/stock-monitor-cloud/data/CROSS/EXCLE/CCJ_1_20260821.xlsx，记录 11/30 个交易日。
2026-09-07 09:06:17,805 [INFO] 已更新 COIN_1 跟踪 Excel：/home/runner/work/stock-monitor-cloud/stock-monitor-cloud/data/CROSS/EXCLE/COIN_1_20260819.xlsx，记录 13/30 个交易日。
2026-09-07 09:06:17,874 [INFO] 已更新 CRCL_1 跟踪 Excel：/home/runner/work/stock-monitor-cloud/stock-monitor-cloud/data/CROSS/EXCLE/CRCL_1_20260819.xlsx，记录 13/30 个交易日。
2026-09-07 09:06:17,962 [INFO] 已更新 CRSP_1 跟踪 Excel：/home/runner/work/stock-monitor-cloud/stock-monitor-cloud/data/CROSS/EXCLE/CRSP_1_20260819.xlsx，记录 13/30 个交易日。
2026-09-07 09:06:18,052 [INFO] 已更新 DELL_1 跟踪 Excel：/home/runner/work/stock-monitor-cloud/stock-monitor-cloud/data/CROSS/EXCLE/DELL_1_20260827.xlsx，记录 7/30 个交易日。
2026-09-07 09:06:18,163 [INFO] 已更新 ERAS_1 跟踪 Excel：/home/runner/work/stock-monitor-cloud/stock-monitor-cloud/data/CROSS/EXCLE/ERAS_1_20260826.xlsx，记录 8/30 个交易日。
2026-09-07 09:06:18,316 [INFO] 已更新 GLW_1 跟踪 Excel：/home/runner/work/stock-monitor-cloud/stock-monitor-cloud/data/CROSS/EXCLE/GLW_1_20260904.xlsx，记录 1/30 个交易日。
2026-09-07 09:06:18,594 [INFO] 已更新 IBRX_1 跟踪 Excel：/home/runner/work/stock-monitor-cloud/stock-monitor-cloud/data/CROSS/EXCLE/IBRX_1_20260819.xlsx，记录 13/30 个交易日。
2026-09-07 09:06:18,679 [INFO] 已更新 INSP_1 跟踪 Excel：/home/runner/work/stock-monitor-cloud/stock-monitor-cloud/data/CROSS/EXCLE/INSP_1_20260819.xlsx，记录 13/30 个交易日。
2026-09-07 09:06:18,753 [INFO] 已更新 IREN_1 跟踪 Excel：/home/runner/work/stock-monitor-cloud/stock-monitor-cloud/data/CROSS/EXCLE/IREN_1_20260904.xlsx，记录 1/30 个交易日。
2026-09-07 09:06:18,847 [INFO] 已更新 LITE_1 跟踪 Excel：/home/runner/work/stock-monitor-cloud/stock-monitor-cloud/data/CROSS/EXCLE/LITE_1_20260825.xlsx，记录 9/30 个交易日。
2026-09-07 09:06:18,936 [INFO] 已更新 MRVL_1 跟踪 Excel：/home/runner/work/stock-monitor-cloud/stock-monitor-cloud/data/CROSS/EXCLE/MRVL_1_20260819.xlsx，记录 13/30 个交易日。
2026-09-07 09:06:19,048 [INFO] 已更新 MSFT_1 跟踪 Excel：/home/runner/work/stock-monitor-cloud/stock-monitor-cloud/data/CROSS/EXCLE/MSFT_1_20260826.xlsx，记录 8/30 个交易日。
2026-09-07 09:06:19,160 [INFO] 已更新 MU_1 跟踪 Excel：/home/runner/work/stock-monitor-cloud/stock-monitor-cloud/data/CROSS/EXCLE/MU_1_20260831.xlsx，记录 5/30 个交易日。
2026-09-07 09:06:19,230 [INFO] 已更新 NNE_1 跟踪 Excel：/home/runner/work/stock-monitor-cloud/stock-monitor-cloud/data/CROSS/EXCLE/NNE_1_20260827.xlsx，记录 7/30 个交易日。
2026-09-07 09:06:19,319 [INFO] 已更新 NVDA_1 跟踪 Excel：/home/runner/work/stock-monitor-cloud/stock-monitor-cloud/data/CROSS/EXCLE/NVDA_1_20260827.xlsx，记录 7/30 个交易日。
2026-09-07 09:06:19,395 [INFO] 已更新 OKLO_1 跟踪 Excel：/home/runner/work/stock-monitor-cloud/stock-monitor-cloud/data/CROSS/EXCLE/OKLO_1_20260825.xlsx，记录 9/30 个交易日。
2026-09-07 09:06:19,498 [INFO] 已更新 ORCL_1 跟踪 Excel：/home/runner/work/stock-monitor-cloud/stock-monitor-cloud/data/CROSS/EXCLE/ORCL_1_20260826.xlsx，记录 8/30 个交易日。
2026-09-07 09:06:19,619 [INFO] 已更新 QCOM_1 跟踪 Excel：/home/runner/work/stock-monitor-cloud/stock-monitor-cloud/data/CROSS/EXCLE/QCOM_1_20260827.xlsx，记录 7/30 个交易日。
2026-09-07 09:06:19,691 [INFO] 已更新 QSI_1 跟踪 Excel：/home/runner/work/stock-monitor-cloud/stock-monitor-cloud/data/CROSS/EXCLE/QSI_1_20260821.xlsx，记录 11/30 个交易日。
2026-09-07 09:06:19,763 [INFO] 已更新 SMR_1 跟踪 Excel：/home/runner/work/stock-monitor-cloud/stock-monitor-cloud/data/CROSS/EXCLE/SMR_1_20260825.xlsx，记录 9/30 个交易日。
2026-09-07 09:06:19,828 [INFO] 已更新 SNDK_1 跟踪 Excel：/home/runner/work/stock-monitor-cloud/stock-monitor-cloud/data/CROSS/EXCLE/SNDK_1_20260904.xlsx，记录 1/30 个交易日。
2026-09-07 09:06:19,828 [INFO] 报告生成完成：/home/runner/work/stock-monitor-cloud/stock-monitor-cloud/data/CROSS/强势金叉监控报告_2026-09-04.docx
2026-09-08 09:15:48,383 [INFO] 报告已存在，未覆盖：/home/runner/work/stock-monitor-cloud/stock-monitor-cloud/data/CROSS/强势金叉监控报告_2026-09-04.docx。若需覆盖请使用 --force
2026-09-08 09:15:48,852 [INFO] 已更新 ALAB_1 跟踪 Excel：/home/runner/work/stock-monitor-cloud/stock-monitor-cloud/data/CROSS/EXCLE/ALAB_1_20260904.xlsx，记录 1/30 个交易日。
2026-09-08 09:15:49,018 [INFO] 已更新 AMD_1 跟踪 Excel：/home/runner/work/stock-monitor-cloud/stock-monitor-cloud/data/CROSS/EXCLE/AMD_1_20260904.xlsx，记录 1/30 个交易日。
2026-09-08 09:15:49,346 [INFO] 已更新 AMZN_1 跟踪 Excel：/home/runner/work/stock-monitor-cloud/stock-monitor-cloud/data/CROSS/EXCLE/AMZN_1_20260828.xlsx，记录 6/30 个交易日。
2026-09-08 09:15:49,593 [INFO] 已更新 CCJ_1 跟踪 Excel：/home/runner/work/stock-monitor-cloud/stock-monitor-cloud/data/CROSS/EXCLE/CCJ_1_20260821.xlsx，记录 11/30 个交易日。
2026-09-08 09:15:49,814 [INFO] 已更新 COIN_1 跟踪 Excel：/home/runner/work/stock-monitor-cloud/stock-monitor-cloud/data/CROSS/EXCLE/COIN_1_20260819.xlsx，记录 13/30 个交易日。
2026-09-08 09:15:50,041 [INFO] 已更新 CRCL_1 跟踪 Excel：/home/runner/work/stock-monitor-cloud/stock-monitor-cloud/data/CROSS/EXCLE/CRCL_1_20260819.xlsx，记录 13/30 个交易日。
2026-09-08 09:15:50,666 [INFO] 已更新 CRSP_1 跟踪 Excel：/home/runner/work/stock-monitor-cloud/stock-monitor-cloud/data/CROSS/EXCLE/CRSP_1_20260819.xlsx，记录 13/30 个交易日。
2026-09-08 09:15:50,970 [INFO] 已更新 DELL_1 跟踪 Excel：/home/runner/work/stock-monitor-cloud/stock-monitor-cloud/data/CROSS/EXCLE/DELL_1_20260827.xlsx，记录 7/30 个交易日。
2026-09-08 09:15:51,432 [INFO] 已更新 ERAS_1 跟踪 Excel：/home/runner/work/stock-monitor-cloud/stock-monitor-cloud/data/CROSS/EXCLE/ERAS_1_20260826.xlsx，记录 8/30 个交易日。
2026-09-08 09:15:51,706 [INFO] 已更新 GLW_1 跟踪 Excel：/home/runner/work/stock-monitor-cloud/stock-monitor-cloud/data/CROSS/EXCLE/GLW_1_20260904.xlsx，记录 1/30 个交易日。
2026-09-08 09:15:51,879 [INFO] 已更新 IBRX_1 跟踪 Excel：/home/runner/work/stock-monitor-cloud/stock-monitor-cloud/data/CROSS/EXCLE/IBRX_1_20260819.xlsx，记录 13/30 个交易日。
2026-09-08 09:15:52,078 [INFO] 已更新 INSP_1 跟踪 Excel：/home/runner/work/stock-monitor-cloud/stock-monitor-cloud/data/CROSS/EXCLE/INSP_1_20260819.xlsx，记录 13/30 个交易日。
2026-09-08 09:15:52,410 [INFO] 已更新 IREN_1 跟踪 Excel：/home/runner/work/stock-monitor-cloud/stock-monitor-cloud/data/CROSS/EXCLE/IREN_1_20260904.xlsx，记录 1/30 个交易日。
2026-09-08 09:15:52,625 [INFO] 已更新 LITE_1 跟踪 Excel：/home/runner/work/stock-monitor-cloud/stock-monitor-cloud/data/CROSS/EXCLE/LITE_1_20260825.xlsx，记录 9/30 个交易日。
2026-09-08 09:15:52,921 [INFO] 已更新 MRVL_1 跟踪 Excel：/home/runner/work/stock-monitor-cloud/stock-monitor-cloud/data/CROSS/EXCLE/MRVL_1_20260819.xlsx，记录 13/30 个交易日。
2026-09-08 09:15:53,172 [INFO] 已更新 MSFT_1 跟踪 Excel：/home/runner/work/stock-monitor-cloud/stock-monitor-cloud/data/CROSS/EXCLE/MSFT_1_20260826.xlsx，记录 8/30 个交易日。
2026-09-08 09:15:53,405 [INFO] 已更新 MU_1 跟踪 Excel：/home/runner/work/stock-monitor-cloud/stock-monitor-cloud/data/CROSS/EXCLE/MU_1_20260831.xlsx，记录 5/30 个交易日。
2026-09-08 09:15:53,627 [INFO] 已更新 NNE_1 跟踪 Excel：/home/runner/work/stock-monitor-cloud/stock-monitor-cloud/data/CROSS/EXCLE/NNE_1_20260827.xlsx，记录 7/30 个交易日。
2026-09-08 09:15:53,941 [INFO] 已更新 NVDA_1 跟踪 Excel：/home/runner/work/stock-monitor-cloud/stock-monitor-cloud/data/CROSS/EXCLE/NVDA_1_20260827.xlsx，记录 7/30 个交易日。
2026-09-08 09:15:54,289 [INFO] 已更新 OKLO_1 跟踪 Excel：/home/runner/work/stock-monitor-cloud/stock-monitor-cloud/data/CROSS/EXCLE/OKLO_1_20260825.xlsx，记录 9/30 个交易日。
2026-09-08 09:15:54,909 [INFO] 已更新 ORCL_1 跟踪 Excel：/home/runner/work/stock-monitor-cloud/stock-monitor-cloud/data/CROSS/EXCLE/ORCL_1_20260826.xlsx，记录 8/30 个交易日。
2026-09-08 09:15:55,316 [INFO] 已更新 QCOM_1 跟踪 Excel：/home/runner/work/stock-monitor-cloud/stock-monitor-cloud/data/CROSS/EXCLE/QCOM_1_20260827.xlsx，记录 7/30 个交易日。
2026-09-08 09:15:55,625 [INFO] 已更新 QSI_1 跟踪 Excel：/home/runner/work/stock-monitor-cloud/stock-monitor-cloud/data/CROSS/EXCLE/QSI_1_20260821.xlsx，记录 11/30 个交易日。
2026-09-08 09:15:55,899 [INFO] 已更新 SMR_1 跟踪 Excel：/home/runner/work/stock-monitor-cloud/stock-monitor-cloud/data/CROSS/EXCLE/SMR_1_20260825.xlsx，记录 9/30 个交易日。
2026-09-08 09:15:56,172 [INFO] 已更新 SNDK_1 跟踪 Excel：/home/runner/work/stock-monitor-cloud/stock-monitor-cloud/data/CROSS/EXCLE/SNDK_1_20260904.xlsx，记录 1/30 个交易日。
2026-09-09 09:18:03,851 [INFO] 开始扫描 61 只股票，正式交易日：2026-09-08
2026-09-09 09:18:03,851 [INFO] [1/61] NOK
2026-09-09 09:18:04,376 [WARNING] NOK 数据日期滞后：最新行情日期为 2026-09-04，缺少 2026-09-08 的正式收盘数据
2026-09-09 09:18:04,376 [INFO] NOK 综合评分为 0.0，低于60分，不触发且不搜索新闻。
2026-09-09 09:18:04,577 [INFO] [2/61] XE
2026-09-09 09:18:04,788 [WARNING] XE 数据日期滞后：最新行情日期为 2026-09-04，缺少 2026-09-08 的正式收盘数据
2026-09-09 09:18:04,788 [INFO] XE 综合评分为 0.0，低于60分，不触发且不搜索新闻。
2026-09-09 09:18:04,989 [INFO] [3/61] RKLB
2026-09-09 09:18:05,148 [WARNING] RKLB 数据日期滞后：最新行情日期为 2026-09-04，缺少 2026-09-08 的正式收盘数据
2026-09-09 09:18:05,148 [INFO] RKLB 综合评分为 0.0，低于60分，不触发且不搜索新闻。
2026-09-09 09:18:05,348 [INFO] [4/61] NBIS
2026-09-09 09:18:05,515 [WARNING] NBIS 数据日期滞后：最新行情日期为 2026-09-04，缺少 2026-09-08 的正式收盘数据
2026-09-09 09:18:05,515 [INFO] NBIS 综合评分为 0.0，低于60分，不触发且不搜索新闻。
2026-09-09 09:18:05,716 [INFO] [5/61] ARM
2026-09-09 09:18:05,872 [WARNING] ARM 数据日期滞后：最新行情日期为 2026-09-04，缺少 2026-09-08 的正式收盘数据
2026-09-09 09:18:05,872 [INFO] ARM 综合评分为 0.0，低于60分，不触发且不搜索新闻。
2026-09-09 09:18:06,072 [INFO] [6/61] OPTX
2026-09-09 09:18:06,312 [WARNING] OPTX 数据日期滞后：最新行情日期为 2026-09-04，缺少 2026-09-08 的正式收盘数据
2026-09-09 09:18:06,312 [INFO] OPTX 综合评分为 0.0，低于60分，不触发且不搜索新闻。
2026-09-09 09:18:06,512 [INFO] [7/61] GLW
2026-09-09 09:18:06,987 [WARNING] GLW 数据日期滞后：最新行情日期为 2026-09-04，缺少 2026-09-08 的正式收盘数据
2026-09-09 09:18:06,987 [INFO] GLW 综合评分为 0.0，低于60分，不触发且不搜索新闻。
2026-09-09 09:18:07,187 [INFO] [8/61] COHR
2026-09-09 09:18:07,384 [WARNING] COHR 数据日期滞后：最新行情日期为 2026-09-04，缺少 2026-09-08 的正式收盘数据
2026-09-09 09:18:07,384 [INFO] COHR 综合评分为 0.0，低于60分，不触发且不搜索新闻。
2026-09-09 09:18:07,584 [INFO] [9/61] LITE
2026-09-09 09:18:07,795 [WARNING] LITE 数据日期滞后：最新行情日期为 2026-09-04，缺少 2026-09-08 的正式收盘数据
2026-09-09 09:18:07,795 [INFO] LITE 综合评分为 0.0，低于60分，不触发且不搜索新闻。
2026-09-09 09:18:07,995 [INFO] [10/61] MRVL
2026-09-09 09:18:08,184 [WARNING] MRVL 数据日期滞后：最新行情日期为 2026-09-04，缺少 2026-09-08 的正式收盘数据
2026-09-09 09:18:08,184 [INFO] MRVL 综合评分为 0.0，低于60分，不触发且不搜索新闻。
2026-09-09 09:18:08,384 [INFO] [11/61] INTC
2026-09-09 09:18:08,592 [WARNING] INTC 数据日期滞后：最新行情日期为 2026-09-04，缺少 2026-09-08 的正式收盘数据
2026-09-09 09:18:08,592 [INFO] INTC 综合评分为 0.0，低于60分，不触发且不搜索新闻。
2026-09-09 09:18:08,792 [INFO] [12/61] ALAB
2026-09-09 09:18:09,120 [WARNING] ALAB 数据日期滞后：最新行情日期为 2026-09-04，缺少 2026-09-08 的正式收盘数据
2026-09-09 09:18:09,120 [INFO] ALAB 综合评分为 0.0，低于60分，不触发且不搜索新闻。
2026-09-09 09:18:09,320 [INFO] [13/61] FLNC
2026-09-09 09:18:09,670 [WARNING] FLNC 数据日期滞后：最新行情日期为 2026-09-04，缺少 2026-09-08 的正式收盘数据
2026-09-09 09:18:09,670 [INFO] FLNC 综合评分为 0.0，低于60分，不触发且不搜索新闻。
2026-09-09 09:18:09,870 [INFO] [14/61] CRWV
2026-09-09 09:18:10,182 [WARNING] CRWV 数据日期滞后：最新行情日期为 2026-09-04，缺少 2026-09-08 的正式收盘数据
2026-09-09 09:18:10,183 [INFO] CRWV 综合评分为 0.0，低于60分，不触发且不搜索新闻。
2026-09-09 09:18:10,383 [INFO] [15/61] ORCL
2026-09-09 09:18:10,594 [WARNING] ORCL 数据日期滞后：最新行情日期为 2026-09-04，缺少 2026-09-08 的正式收盘数据
2026-09-09 09:18:10,595 [INFO] ORCL 综合评分为 0.0，低于60分，不触发且不搜索新闻。
2026-09-09 09:18:10,795 [INFO] [16/61] NVTS
2026-09-09 09:18:11,072 [WARNING] NVTS 数据日期滞后：最新行情日期为 2026-09-04，缺少 2026-09-08 的正式收盘数据
2026-09-09 09:18:11,072 [INFO] NVTS 综合评分为 0.0，低于60分，不触发且不搜索新闻。
2026-09-09 09:18:11,272 [INFO] [17/61] POET
2026-09-09 09:18:11,571 [WARNING] POET 数据日期滞后：最新行情日期为 2026-09-04，缺少 2026-09-08 的正式收盘数据
2026-09-09 09:18:11,571 [INFO] POET 综合评分为 0.0，低于60分，不触发且不搜索新闻。
2026-09-09 09:18:11,771 [INFO] [18/61] DELL
2026-09-09 09:18:12,063 [WARNING] DELL 数据日期滞后：最新行情日期为 2026-09-04，缺少 2026-09-08 的正式收盘数据
2026-09-09 09:18:12,063 [INFO] DELL 综合评分为 0.0，低于60分，不触发且不搜索新闻。
2026-09-09 09:18:12,263 [INFO] [19/61] BB
2026-09-09 09:18:12,414 [WARNING] BB 数据日期滞后：最新行情日期为 2026-09-04，缺少 2026-09-08 的正式收盘数据
2026-09-09 09:18:12,414 [INFO] BB 综合评分为 0.0，低于60分，不触发且不搜索新闻。
2026-09-09 09:18:12,614 [INFO] [20/61] ONDS
2026-09-09 09:18:12,843 [WARNING] ONDS 数据日期滞后：最新行情日期为 2026-09-04，缺少 2026-09-08 的正式收盘数据
2026-09-09 09:18:12,843 [INFO] ONDS 综合评分为 0.0，低于60分，不触发且不搜索新闻。
2026-09-09 09:18:13,043 [INFO] [21/61] SMR
2026-09-09 09:18:13,178 [WARNING] SMR 数据日期滞后：最新行情日期为 2026-09-04，缺少 2026-09-08 的正式收盘数据
2026-09-09 09:18:13,178 [INFO] SMR 综合评分为 0.0，低于60分，不触发且不搜索新闻。
2026-09-09 09:18:13,378 [INFO] [22/61] OKLO
2026-09-09 09:18:13,513 [WARNING] OKLO 数据日期滞后：最新行情日期为 2026-09-04，缺少 2026-09-08 的正式收盘数据
2026-09-09 09:18:13,513 [INFO] OKLO 综合评分为 0.0，低于60分，不触发且不搜索新闻。
2026-09-09 09:18:13,714 [INFO] [23/61] IONQ
2026-09-09 09:18:13,944 [WARNING] IONQ 数据日期滞后：最新行情日期为 2026-09-04，缺少 2026-09-08 的正式收盘数据
2026-09-09 09:18:13,944 [INFO] IONQ 综合评分为 0.0，低于60分，不触发且不搜索新闻。
2026-09-09 09:18:14,144 [INFO] [24/61] QBTS
2026-09-09 09:18:14,338 [WARNING] QBTS 数据日期滞后：最新行情日期为 2026-09-04，缺少 2026-09-08 的正式收盘数据
2026-09-09 09:18:14,338 [INFO] QBTS 综合评分为 0.0，低于60分，不触发且不搜索新闻。
2026-09-09 09:18:14,538 [INFO] [25/61] NVDA
2026-09-09 09:18:14,793 [WARNING] NVDA 数据日期滞后：最新行情日期为 2026-09-04，缺少 2026-09-08 的正式收盘数据
2026-09-09 09:18:14,794 [INFO] NVDA 综合评分为 0.0，低于60分，不触发且不搜索新闻。
2026-09-09 09:18:14,994 [INFO] [26/61] AMZN
2026-09-09 09:18:15,177 [WARNING] AMZN 数据日期滞后：最新行情日期为 2026-09-04，缺少 2026-09-08 的正式收盘数据
2026-09-09 09:18:15,178 [INFO] AMZN 综合评分为 0.0，低于60分，不触发且不搜索新闻。
2026-09-09 09:18:15,378 [INFO] [27/61] AMD
2026-09-09 09:18:15,604 [WARNING] AMD 数据日期滞后：最新行情日期为 2026-09-04，缺少 2026-09-08 的正式收盘数据
2026-09-09 09:18:15,604 [INFO] AMD 综合评分为 0.0，低于60分，不触发且不搜索新闻。
2026-09-09 09:18:15,804 [INFO] [28/61] CRCL
2026-09-09 09:18:16,054 [WARNING] CRCL 数据日期滞后：最新行情日期为 2026-09-04，缺少 2026-09-08 的正式收盘数据
2026-09-09 09:18:16,054 [INFO] CRCL 综合评分为 0.0，低于60分，不触发且不搜索新闻。
2026-09-09 09:18:16,254 [INFO] [29/61] FLY
2026-09-09 09:18:16,763 [WARNING] FLY 数据日期滞后：最新行情日期为 2026-09-04，缺少 2026-09-08 的正式收盘数据
2026-09-09 09:18:16,763 [INFO] FLY 综合评分为 0.0，低于60分，不触发且不搜索新闻。
2026-09-09 09:18:16,963 [INFO] [30/61] CBRS
2026-09-09 09:18:17,188 [WARNING] CBRS 历史行情不足：79 行
2026-09-09 09:18:17,188 [INFO] CBRS 综合评分为 0.0，低于60分，不触发且不搜索新闻。
2026-09-09 09:18:17,389 [INFO] [31/61] CIEN
2026-09-09 09:18:17,622 [WARNING] CIEN 数据日期滞后：最新行情日期为 2026-09-04，缺少 2026-09-08 的正式收盘数据
2026-09-09 09:18:17,622 [INFO] CIEN 综合评分为 0.0，低于60分，不触发且不搜索新闻。
2026-09-09 09:18:17,822 [INFO] [32/61] SIVEF
2026-09-09 09:18:18,195 [WARNING] SIVEF 数据日期滞后：最新行情日期为 2026-09-07，缺少 2026-09-08 的正式收盘数据
2026-09-09 09:18:18,195 [INFO] SIVEF 综合评分为 0.0，低于60分，不触发且不搜索新闻。
2026-09-09 09:18:18,395 [INFO] [33/61] SHAZ
2026-09-09 09:18:18,741 [WARNING] SHAZ 数据日期滞后：最新行情日期为 2026-09-04，缺少 2026-09-08 的正式收盘数据
2026-09-09 09:18:18,741 [INFO] SHAZ 综合评分为 0.0，低于60分，不触发且不搜索新闻。
2026-09-09 09:18:18,941 [INFO] [34/61] LUNR
2026-09-09 09:18:19,072 [WARNING] LUNR 数据日期滞后：最新行情日期为 2026-09-04，缺少 2026-09-08 的正式收盘数据
2026-09-09 09:18:19,072 [INFO] LUNR 综合评分为 0.0，低于60分，不触发且不搜索新闻。
2026-09-09 09:18:19,273 [INFO] [35/61] ASTS
2026-09-09 09:18:19,576 [WARNING] ASTS 数据日期滞后：最新行情日期为 2026-09-04，缺少 2026-09-08 的正式收盘数据
2026-09-09 09:18:19,576 [INFO] ASTS 综合评分为 0.0，低于60分，不触发且不搜索新闻。
2026-09-09 09:18:19,776 [INFO] [36/61] AAOI
2026-09-09 09:18:20,073 [WARNING] AAOI 数据日期滞后：最新行情日期为 2026-09-04，缺少 2026-09-08 的正式收盘数据
2026-09-09 09:18:20,074 [INFO] AAOI 综合评分为 0.0，低于60分，不触发且不搜索新闻。
2026-09-09 09:18:20,274 [INFO] [37/61] INOD
2026-09-09 09:18:20,583 [WARNING] INOD 数据日期滞后：最新行情日期为 2026-09-04，缺少 2026-09-08 的正式收盘数据
2026-09-09 09:18:20,583 [INFO] INOD 综合评分为 0.0，低于60分，不触发且不搜索新闻。
2026-09-09 09:18:20,783 [INFO] [38/61] SPCX
2026-09-09 09:18:21,342 [WARNING] SPCX 历史行情不足：59 行
2026-09-09 09:18:21,342 [INFO] SPCX 综合评分为 0.0，低于60分，不触发且不搜索新闻。
2026-09-09 09:18:21,542 [INFO] [39/61] RDW
2026-09-09 09:18:22,313 [WARNING] RDW 数据日期滞后：最新行情日期为 2026-09-04，缺少 2026-09-08 的正式收盘数据
2026-09-09 09:18:22,313 [INFO] RDW 综合评分为 0.0，低于60分，不触发且不搜索新闻。
2026-09-09 09:18:22,514 [INFO] [40/61] QCOM
2026-09-09 09:18:23,131 [WARNING] QCOM 数据日期滞后：最新行情日期为 2026-09-04，缺少 2026-09-08 的正式收盘数据
2026-09-09 09:18:23,131 [INFO] QCOM 综合评分为 0.0，低于60分，不触发且不搜索新闻。
2026-09-09 09:18:23,331 [INFO] [41/61] COIN
2026-09-09 09:18:24,009 [WARNING] COIN 数据日期滞后：最新行情日期为 2026-09-04，缺少 2026-09-08 的正式收盘数据
2026-09-09 09:18:24,009 [INFO] COIN 综合评分为 0.0，低于60分，不触发且不搜索新闻。
2026-09-09 09:18:24,209 [INFO] [42/61] CORZ
2026-09-09 09:18:24,937 [WARNING] CORZ 数据日期滞后：最新行情日期为 2026-09-04，缺少 2026-09-08 的正式收盘数据
2026-09-09 09:18:24,937 [INFO] CORZ 综合评分为 0.0，低于60分，不触发且不搜索新闻。
2026-09-09 09:18:25,137 [INFO] [43/61] IREN
2026-09-09 09:18:25,661 [WARNING] IREN 数据日期滞后：最新行情日期为 2026-09-04，缺少 2026-09-08 的正式收盘数据
2026-09-09 09:18:25,661 [INFO] IREN 综合评分为 0.0，低于60分，不触发且不搜索新闻。
2026-09-09 09:18:25,861 [INFO] [44/61] VELO
2026-09-09 09:18:26,498 [WARNING] VELO 数据日期滞后：最新行情日期为 2026-09-04，缺少 2026-09-08 的正式收盘数据
2026-09-09 09:18:26,499 [INFO] VELO 综合评分为 0.0，低于60分，不触发且不搜索新闻。
2026-09-09 09:18:26,699 [INFO] [45/61] MSFT
2026-09-09 09:18:27,471 [WARNING] MSFT 数据日期滞后：最新行情日期为 2026-09-04，缺少 2026-09-08 的正式收盘数据
2026-09-09 09:18:27,471 [INFO] MSFT 综合评分为 0.0，低于60分，不触发且不搜索新闻。
2026-09-09 09:18:27,671 [INFO] [46/61] GOOG
2026-09-09 09:18:28,478 [WARNING] GOOG 数据日期滞后：最新行情日期为 2026-09-04，缺少 2026-09-08 的正式收盘数据
2026-09-09 09:18:28,479 [INFO] GOOG 综合评分为 0.0，低于60分，不触发且不搜索新闻。
2026-09-09 09:18:28,679 [INFO] [47/61] AVGO
2026-09-09 09:18:29,475 [WARNING] AVGO 数据日期滞后：最新行情日期为 2026-09-04，缺少 2026-09-08 的正式收盘数据
2026-09-09 09:18:29,476 [INFO] AVGO 综合评分为 0.0，低于60分，不触发且不搜索新闻。
2026-09-09 09:18:29,676 [INFO] [48/61] AMAT
2026-09-09 09:18:30,564 [WARNING] AMAT 数据日期滞后：最新行情日期为 2026-09-04，缺少 2026-09-08 的正式收盘数据
2026-09-09 09:18:30,564 [INFO] AMAT 综合评分为 0.0，低于60分，不触发且不搜索新闻。
2026-09-09 09:18:30,764 [INFO] [49/61] AMKR
2026-09-09 09:18:31,436 [WARNING] AMKR 数据日期滞后：最新行情日期为 2026-09-04，缺少 2026-09-08 的正式收盘数据
2026-09-09 09:18:31,436 [INFO] AMKR 综合评分为 0.0，低于60分，不触发且不搜索新闻。
2026-09-09 09:18:31,636 [INFO] [50/61] LRCX
2026-09-09 09:18:32,303 [WARNING] LRCX 数据日期滞后：最新行情日期为 2026-09-04，缺少 2026-09-08 的正式收盘数据
2026-09-09 09:18:32,303 [INFO] LRCX 综合评分为 0.0，低于60分，不触发且不搜索新闻。
2026-09-09 09:18:32,503 [INFO] [51/61] SNDK
2026-09-09 09:18:33,249 [WARNING] SNDK 数据日期滞后：最新行情日期为 2026-09-04，缺少 2026-09-08 的正式收盘数据
2026-09-09 09:18:33,249 [INFO] SNDK 综合评分为 0.0，低于60分，不触发且不搜索新闻。
2026-09-09 09:18:33,449 [INFO] [52/61] MU
2026-09-09 09:18:34,210 [WARNING] MU 数据日期滞后：最新行情日期为 2026-09-04，缺少 2026-09-08 的正式收盘数据
2026-09-09 09:18:34,210 [INFO] MU 综合评分为 0.0，低于60分，不触发且不搜索新闻。
2026-09-09 09:18:34,411 [INFO] [53/61] VICR
2026-09-09 09:18:35,131 [WARNING] VICR 数据日期滞后：最新行情日期为 2026-09-04，缺少 2026-09-08 的正式收盘数据
2026-09-09 09:18:35,131 [INFO] VICR 综合评分为 0.0，低于60分，不触发且不搜索新闻。
2026-09-09 09:18:35,332 [INFO] [54/61] NNE
2026-09-09 09:18:35,920 [WARNING] NNE 数据日期滞后：最新行情日期为 2026-09-04，缺少 2026-09-08 的正式收盘数据
2026-09-09 09:18:35,921 [INFO] NNE 综合评分为 0.0，低于60分，不触发且不搜索新闻。
2026-09-09 09:18:36,121 [INFO] [55/61] CCJ
2026-09-09 09:18:36,775 [WARNING] CCJ 数据日期滞后：最新行情日期为 2026-09-04，缺少 2026-09-08 的正式收盘数据
2026-09-09 09:18:36,776 [INFO] CCJ 综合评分为 0.0，低于60分，不触发且不搜索新闻。
2026-09-09 09:18:36,976 [INFO] [56/61] BWAY
2026-09-09 09:18:37,644 [WARNING] BWAY 数据日期滞后：最新行情日期为 2026-09-04，缺少 2026-09-08 的正式收盘数据
2026-09-09 09:18:37,644 [INFO] BWAY 综合评分为 0.0，低于60分，不触发且不搜索新闻。
2026-09-09 09:18:37,844 [INFO] [57/61] MANE
2026-09-09 09:18:38,410 [WARNING] MANE 数据日期滞后：最新行情日期为 2026-09-04，缺少 2026-09-08 的正式收盘数据
2026-09-09 09:18:38,411 [INFO] MANE 综合评分为 0.0，低于60分，不触发且不搜索新闻。
2026-09-09 09:18:38,611 [INFO] [58/61] QSI
2026-09-09 09:18:39,264 [WARNING] QSI 数据日期滞后：最新行情日期为 2026-09-04，缺少 2026-09-08 的正式收盘数据
2026-09-09 09:18:39,265 [INFO] QSI 综合评分为 0.0，低于60分，不触发且不搜索新闻。
2026-09-09 09:18:39,465 [INFO] [59/61] CRSP
2026-09-09 09:18:40,037 [WARNING] CRSP 数据日期滞后：最新行情日期为 2026-09-04，缺少 2026-09-08 的正式收盘数据
2026-09-09 09:18:40,037 [INFO] CRSP 综合评分为 0.0，低于60分，不触发且不搜索新闻。
2026-09-09 09:18:40,237 [INFO] [60/61] IBRX
2026-09-09 09:18:41,059 [WARNING] IBRX 数据日期滞后：最新行情日期为 2026-09-04，缺少 2026-09-08 的正式收盘数据
2026-09-09 09:18:41,059 [INFO] IBRX 综合评分为 0.0，低于60分，不触发且不搜索新闻。
2026-09-09 09:18:41,259 [INFO] [61/61] INSP
2026-09-09 09:18:41,877 [WARNING] INSP 数据日期滞后：最新行情日期为 2026-09-04，缺少 2026-09-08 的正式收盘数据
2026-09-09 09:18:41,877 [INFO] INSP 综合评分为 0.0，低于60分，不触发且不搜索新闻。
2026-09-09 09:18:42,224 [INFO] 已更新 ALAB_1 跟踪 Excel：/home/runner/work/stock-monitor-cloud/stock-monitor-cloud/data/CROSS/EXCLE/ALAB_1_20260904.xlsx，记录 1/30 个交易日。
2026-09-09 09:18:42,370 [INFO] 已更新 AMD_1 跟踪 Excel：/home/runner/work/stock-monitor-cloud/stock-monitor-cloud/data/CROSS/EXCLE/AMD_1_20260904.xlsx，记录 1/30 个交易日。
2026-09-09 09:18:42,578 [INFO] 已更新 AMZN_1 跟踪 Excel：/home/runner/work/stock-monitor-cloud/stock-monitor-cloud/data/CROSS/EXCLE/AMZN_1_20260828.xlsx，记录 6/30 个交易日。
2026-09-09 09:18:42,792 [INFO] 已更新 CCJ_1 跟踪 Excel：/home/runner/work/stock-monitor-cloud/stock-monitor-cloud/data/CROSS/EXCLE/CCJ_1_20260821.xlsx，记录 11/30 个交易日。
2026-09-09 09:18:42,944 [INFO] 已更新 COIN_1 跟踪 Excel：/home/runner/work/stock-monitor-cloud/stock-monitor-cloud/data/CROSS/EXCLE/COIN_1_20260819.xlsx，记录 13/30 个交易日。
2026-09-09 09:18:43,107 [INFO] 已更新 CRCL_1 跟踪 Excel：/home/runner/work/stock-monitor-cloud/stock-monitor-cloud/data/CROSS/EXCLE/CRCL_1_20260819.xlsx，记录 13/30 个交易日。
2026-09-09 09:18:43,352 [INFO] 已更新 CRSP_1 跟踪 Excel：/home/runner/work/stock-monitor-cloud/stock-monitor-cloud/data/CROSS/EXCLE/CRSP_1_20260819.xlsx，记录 13/30 个交易日。
2026-09-09 09:18:43,571 [INFO] 已更新 DELL_1 跟踪 Excel：/home/runner/work/stock-monitor-cloud/stock-monitor-cloud/data/CROSS/EXCLE/DELL_1_20260827.xlsx，记录 7/30 个交易日。
2026-09-09 09:18:43,991 [INFO] 已更新 ERAS_1 跟踪 Excel：/home/runner/work/stock-monitor-cloud/stock-monitor-cloud/data/CROSS/EXCLE/ERAS_1_20260826.xlsx，记录 8/30 个交易日。
2026-09-09 09:18:44,227 [INFO] 已更新 GLW_1 跟踪 Excel：/home/runner/work/stock-monitor-cloud/stock-monitor-cloud/data/CROSS/EXCLE/GLW_1_20260904.xlsx，记录 1/30 个交易日。
2026-09-09 09:18:44,354 [INFO] 已更新 IBRX_1 跟踪 Excel：/home/runner/work/stock-monitor-cloud/stock-monitor-cloud/data/CROSS/EXCLE/IBRX_1_20260819.xlsx，记录 13/30 个交易日。
2026-09-09 09:18:44,495 [INFO] 已更新 INSP_1 跟踪 Excel：/home/runner/work/stock-monitor-cloud/stock-monitor-cloud/data/CROSS/EXCLE/INSP_1_20260819.xlsx，记录 13/30 个交易日。
2026-09-09 09:18:44,635 [INFO] 已更新 IREN_1 跟踪 Excel：/home/runner/work/stock-monitor-cloud/stock-monitor-cloud/data/CROSS/EXCLE/IREN_1_20260904.xlsx，记录 1/30 个交易日。
2026-09-09 09:18:45,017 [INFO] 已更新 LITE_1 跟踪 Excel：/home/runner/work/stock-monitor-cloud/stock-monitor-cloud/data/CROSS/EXCLE/LITE_1_20260825.xlsx，记录 9/30 个交易日。
2026-09-09 09:18:45,235 [INFO] 已更新 MRVL_1 跟踪 Excel：/home/runner/work/stock-monitor-cloud/stock-monitor-cloud/data/CROSS/EXCLE/MRVL_1_20260819.xlsx，记录 13/30 个交易日。
2026-09-09 09:18:45,393 [INFO] 已更新 MSFT_1 跟踪 Excel：/home/runner/work/stock-monitor-cloud/stock-monitor-cloud/data/CROSS/EXCLE/MSFT_1_20260826.xlsx，记录 8/30 个交易日。
2026-09-09 09:18:45,668 [INFO] 已更新 MU_1 跟踪 Excel：/home/runner/work/stock-monitor-cloud/stock-monitor-cloud/data/CROSS/EXCLE/MU_1_20260831.xlsx，记录 5/30 个交易日。
2026-09-09 09:18:45,778 [INFO] 已更新 NNE_1 跟踪 Excel：/home/runner/work/stock-monitor-cloud/stock-monitor-cloud/data/CROSS/EXCLE/NNE_1_20260827.xlsx，记录 7/30 个交易日。
2026-09-09 09:18:45,897 [INFO] 已更新 NVDA_1 跟踪 Excel：/home/runner/work/stock-monitor-cloud/stock-monitor-cloud/data/CROSS/EXCLE/NVDA_1_20260827.xlsx，记录 7/30 个交易日。
2026-09-09 09:18:45,988 [INFO] 已更新 OKLO_1 跟踪 Excel：/home/runner/work/stock-monitor-cloud/stock-monitor-cloud/data/CROSS/EXCLE/OKLO_1_20260825.xlsx，记录 9/30 个交易日。
2026-09-09 09:18:46,175 [INFO] 已更新 ORCL_1 跟踪 Excel：/home/runner/work/stock-monitor-cloud/stock-monitor-cloud/data/CROSS/EXCLE/ORCL_1_20260826.xlsx，记录 8/30 个交易日。
2026-09-09 09:18:46,312 [INFO] 已更新 QCOM_1 跟踪 Excel：/home/runner/work/stock-monitor-cloud/stock-monitor-cloud/data/CROSS/EXCLE/QCOM_1_20260827.xlsx，记录 7/30 个交易日。
2026-09-09 09:18:46,439 [INFO] 已更新 QSI_1 跟踪 Excel：/home/runner/work/stock-monitor-cloud/stock-monitor-cloud/data/CROSS/EXCLE/QSI_1_20260821.xlsx，记录 11/30 个交易日。
2026-09-09 09:18:46,586 [INFO] 已更新 SMR_1 跟踪 Excel：/home/runner/work/stock-monitor-cloud/stock-monitor-cloud/data/CROSS/EXCLE/SMR_1_20260825.xlsx，记录 9/30 个交易日。
2026-09-09 09:18:46,950 [INFO] 已更新 SNDK_1 跟踪 Excel：/home/runner/work/stock-monitor-cloud/stock-monitor-cloud/data/CROSS/EXCLE/SNDK_1_20260904.xlsx，记录 1/30 个交易日。
2026-09-09 09:18:46,950 [INFO] 报告生成完成：/home/runner/work/stock-monitor-cloud/stock-monitor-cloud/data/CROSS/强势金叉监控报告_2026-09-08.docx
2026-09-10 09:09:35,488 [INFO] 开始扫描 61 只股票，正式交易日：2026-09-09
2026-09-10 09:09:35,488 [INFO] [1/61] NOK
2026-09-10 09:09:35,716 [WARNING] NOK 数据日期滞后：最新行情日期为 2026-09-08，缺少 2026-09-09 的正式收盘数据
2026-09-10 09:09:35,716 [INFO] NOK 综合评分为 0.0，低于60分，不触发且不搜索新闻。
2026-09-10 09:09:35,916 [INFO] [2/61] XE
2026-09-10 09:09:36,098 [WARNING] XE 数据日期滞后：最新行情日期为 2026-09-08，缺少 2026-09-09 的正式收盘数据
2026-09-10 09:09:36,098 [INFO] XE 综合评分为 0.0，低于60分，不触发且不搜索新闻。
2026-09-10 09:09:36,298 [INFO] [3/61] RKLB
2026-09-10 09:09:36,437 [WARNING] RKLB 数据日期滞后：最新行情日期为 2026-09-08，缺少 2026-09-09 的正式收盘数据
2026-09-10 09:09:36,437 [INFO] RKLB 综合评分为 0.0，低于60分，不触发且不搜索新闻。
2026-09-10 09:09:36,637 [INFO] [4/61] NBIS
2026-09-10 09:09:36,823 [WARNING] NBIS 数据日期滞后：最新行情日期为 2026-09-08，缺少 2026-09-09 的正式收盘数据
2026-09-10 09:09:36,823 [INFO] NBIS 综合评分为 0.0，低于60分，不触发且不搜索新闻。
2026-09-10 09:09:37,023 [INFO] [5/61] ARM
2026-09-10 09:09:37,195 [WARNING] ARM 数据日期滞后：最新行情日期为 2026-09-08，缺少 2026-09-09 的正式收盘数据
2026-09-10 09:09:37,195 [INFO] ARM 综合评分为 0.0，低于60分，不触发且不搜索新闻。
2026-09-10 09:09:37,395 [INFO] [6/61] OPTX
2026-09-10 09:09:37,517 [WARNING] OPTX 数据日期滞后：最新行情日期为 2026-09-08，缺少 2026-09-09 的正式收盘数据
2026-09-10 09:09:37,517 [INFO] OPTX 综合评分为 0.0，低于60分，不触发且不搜索新闻。
2026-09-10 09:09:37,717 [INFO] [7/61] GLW
2026-09-10 09:09:38,028 [WARNING] GLW 数据日期滞后：最新行情日期为 2026-09-08，缺少 2026-09-09 的正式收盘数据
2026-09-10 09:09:38,028 [INFO] GLW 综合评分为 0.0，低于60分，不触发且不搜索新闻。
2026-09-10 09:09:38,228 [INFO] [8/61] COHR
2026-09-10 09:09:38,486 [WARNING] COHR 数据日期滞后：最新行情日期为 2026-09-08，缺少 2026-09-09 的正式收盘数据
2026-09-10 09:09:38,487 [INFO] COHR 综合评分为 0.0，低于60分，不触发且不搜索新闻。
2026-09-10 09:09:38,687 [INFO] [9/61] LITE
2026-09-10 09:09:38,870 [WARNING] LITE 数据日期滞后：最新行情日期为 2026-09-08，缺少 2026-09-09 的正式收盘数据
2026-09-10 09:09:38,870 [INFO] LITE 综合评分为 0.0，低于60分，不触发且不搜索新闻。
2026-09-10 09:09:39,070 [INFO] [10/61] MRVL
2026-09-10 09:09:39,338 [WARNING] MRVL 数据日期滞后：最新行情日期为 2026-09-08，缺少 2026-09-09 的正式收盘数据
2026-09-10 09:09:39,338 [INFO] MRVL 综合评分为 0.0，低于60分，不触发且不搜索新闻。
2026-09-10 09:09:39,538 [INFO] [11/61] INTC
2026-09-10 09:09:39,818 [WARNING] INTC 数据日期滞后：最新行情日期为 2026-09-08，缺少 2026-09-09 的正式收盘数据
2026-09-10 09:09:39,818 [INFO] INTC 综合评分为 0.0，低于60分，不触发且不搜索新闻。
2026-09-10 09:09:40,018 [INFO] [12/61] ALAB
2026-09-10 09:09:40,215 [WARNING] ALAB 数据日期滞后：最新行情日期为 2026-09-08，缺少 2026-09-09 的正式收盘数据
2026-09-10 09:09:40,215 [INFO] ALAB 综合评分为 0.0，低于60分，不触发且不搜索新闻。
2026-09-10 09:09:40,415 [INFO] [13/61] FLNC
2026-09-10 09:09:40,544 [WARNING] FLNC 数据日期滞后：最新行情日期为 2026-09-08，缺少 2026-09-09 的正式收盘数据
2026-09-10 09:09:40,544 [INFO] FLNC 综合评分为 0.0，低于60分，不触发且不搜索新闻。
2026-09-10 09:09:40,744 [INFO] [14/61] CRWV
2026-09-10 09:09:40,952 [WARNING] CRWV 数据日期滞后：最新行情日期为 2026-09-08，缺少 2026-09-09 的正式收盘数据
2026-09-10 09:09:40,952 [INFO] CRWV 综合评分为 0.0，低于60分，不触发且不搜索新闻。
2026-09-10 09:09:41,152 [INFO] [15/61] ORCL
2026-09-10 09:09:41,345 [WARNING] ORCL 数据日期滞后：最新行情日期为 2026-09-08，缺少 2026-09-09 的正式收盘数据
2026-09-10 09:09:41,345 [INFO] ORCL 综合评分为 0.0，低于60分，不触发且不搜索新闻。
2026-09-10 09:09:41,546 [INFO] [16/61] NVTS
2026-09-10 09:09:41,754 [WARNING] NVTS 数据日期滞后：最新行情日期为 2026-09-08，缺少 2026-09-09 的正式收盘数据
2026-09-10 09:09:41,754 [INFO] NVTS 综合评分为 0.0，低于60分，不触发且不搜索新闻。
2026-09-10 09:09:41,955 [INFO] [17/61] POET
2026-09-10 09:09:42,179 [WARNING] POET 数据日期滞后：最新行情日期为 2026-09-08，缺少 2026-09-09 的正式收盘数据
2026-09-10 09:09:42,179 [INFO] POET 综合评分为 0.0，低于60分，不触发且不搜索新闻。
2026-09-10 09:09:42,379 [INFO] [18/61] DELL
2026-09-10 09:09:42,509 [WARNING] DELL 数据日期滞后：最新行情日期为 2026-09-08，缺少 2026-09-09 的正式收盘数据
2026-09-10 09:09:42,510 [INFO] DELL 综合评分为 0.0，低于60分，不触发且不搜索新闻。
2026-09-10 09:09:42,710 [INFO] [19/61] BB
2026-09-10 09:09:42,934 [WARNING] BB 数据日期滞后：最新行情日期为 2026-09-08，缺少 2026-09-09 的正式收盘数据
2026-09-10 09:09:42,934 [INFO] BB 综合评分为 0.0，低于60分，不触发且不搜索新闻。
2026-09-10 09:09:43,134 [INFO] [20/61] ONDS
2026-09-10 09:09:43,402 [WARNING] ONDS 数据日期滞后：最新行情日期为 2026-09-08，缺少 2026-09-09 的正式收盘数据
2026-09-10 09:09:43,402 [INFO] ONDS 综合评分为 0.0，低于60分，不触发且不搜索新闻。
2026-09-10 09:09:43,603 [INFO] [21/61] SMR
2026-09-10 09:09:43,840 [WARNING] SMR 数据日期滞后：最新行情日期为 2026-09-08，缺少 2026-09-09 的正式收盘数据
2026-09-10 09:09:43,841 [INFO] SMR 综合评分为 0.0，低于60分，不触发且不搜索新闻。
2026-09-10 09:09:44,041 [INFO] [22/61] OKLO
2026-09-10 09:09:44,277 [WARNING] OKLO 数据日期滞后：最新行情日期为 2026-09-08，缺少 2026-09-09 的正式收盘数据
2026-09-10 09:09:44,277 [INFO] OKLO 综合评分为 0.0，低于60分，不触发且不搜索新闻。
2026-09-10 09:09:44,477 [INFO] [23/61] IONQ
2026-09-10 09:09:44,706 [WARNING] IONQ 数据日期滞后：最新行情日期为 2026-09-08，缺少 2026-09-09 的正式收盘数据
2026-09-10 09:09:44,707 [INFO] IONQ 综合评分为 0.0，低于60分，不触发且不搜索新闻。
2026-09-10 09:09:44,907 [INFO] [24/61] QBTS
2026-09-10 09:09:45,155 [WARNING] QBTS 数据日期滞后：最新行情日期为 2026-09-08，缺少 2026-09-09 的正式收盘数据
2026-09-10 09:09:45,155 [INFO] QBTS 综合评分为 0.0，低于60分，不触发且不搜索新闻。
2026-09-10 09:09:45,356 [INFO] [25/61] NVDA
2026-09-10 09:09:45,512 [WARNING] NVDA 数据日期滞后：最新行情日期为 2026-09-08，缺少 2026-09-09 的正式收盘数据
2026-09-10 09:09:45,512 [INFO] NVDA 综合评分为 0.0，低于60分，不触发且不搜索新闻。
2026-09-10 09:09:45,712 [INFO] [26/61] AMZN
2026-09-10 09:09:45,955 [WARNING] AMZN 数据日期滞后：最新行情日期为 2026-09-08，缺少 2026-09-09 的正式收盘数据
2026-09-10 09:09:45,955 [INFO] AMZN 综合评分为 0.0，低于60分，不触发且不搜索新闻。
2026-09-10 09:09:46,155 [INFO] [27/61] AMD
2026-09-10 09:09:46,383 [WARNING] AMD 数据日期滞后：最新行情日期为 2026-09-08，缺少 2026-09-09 的正式收盘数据
2026-09-10 09:09:46,383 [INFO] AMD 综合评分为 0.0，低于60分，不触发且不搜索新闻。
2026-09-10 09:09:46,584 [INFO] [28/61] CRCL
2026-09-10 09:09:46,762 [WARNING] CRCL 数据日期滞后：最新行情日期为 2026-09-08，缺少 2026-09-09 的正式收盘数据
2026-09-10 09:09:46,762 [INFO] CRCL 综合评分为 0.0，低于60分，不触发且不搜索新闻。
2026-09-10 09:09:46,962 [INFO] [29/61] FLY
2026-09-10 09:09:47,120 [WARNING] FLY 数据日期滞后：最新行情日期为 2026-09-08，缺少 2026-09-09 的正式收盘数据
2026-09-10 09:09:47,120 [INFO] FLY 综合评分为 0.0，低于60分，不触发且不搜索新闻。
2026-09-10 09:09:47,320 [INFO] [30/61] CBRS
2026-09-10 09:09:47,544 [WARNING] CBRS 数据日期滞后：最新行情日期为 2026-09-08，缺少 2026-09-09 的正式收盘数据
2026-09-10 09:09:47,544 [INFO] CBRS 综合评分为 0.0，低于60分，不触发且不搜索新闻。
2026-09-10 09:09:47,744 [INFO] [31/61] CIEN
2026-09-10 09:09:47,888 [WARNING] CIEN 数据日期滞后：最新行情日期为 2026-09-08，缺少 2026-09-09 的正式收盘数据
2026-09-10 09:09:47,889 [INFO] CIEN 综合评分为 0.0，低于60分，不触发且不搜索新闻。
2026-09-10 09:09:48,089 [INFO] [32/61] SIVEF
2026-09-10 09:09:48,280 [WARNING] SIVEF 数据日期滞后：最新行情日期为 2026-09-08，缺少 2026-09-09 的正式收盘数据
2026-09-10 09:09:48,280 [INFO] SIVEF 综合评分为 0.0，低于60分，不触发且不搜索新闻。
2026-09-10 09:09:48,480 [INFO] [33/61] SHAZ
2026-09-10 09:09:48,706 [WARNING] SHAZ 数据日期滞后：最新行情日期为 2026-09-08，缺少 2026-09-09 的正式收盘数据
2026-09-10 09:09:48,706 [INFO] SHAZ 综合评分为 0.0，低于60分，不触发且不搜索新闻。
2026-09-10 09:09:48,906 [INFO] [34/61] LUNR
2026-09-10 09:09:49,149 [WARNING] LUNR 数据日期滞后：最新行情日期为 2026-09-08，缺少 2026-09-09 的正式收盘数据
2026-09-10 09:09:49,150 [INFO] LUNR 综合评分为 0.0，低于60分，不触发且不搜索新闻。
2026-09-10 09:09:49,350 [INFO] [35/61] ASTS
2026-09-10 09:09:49,676 [WARNING] ASTS 数据日期滞后：最新行情日期为 2026-09-08，缺少 2026-09-09 的正式收盘数据
2026-09-10 09:09:49,676 [INFO] ASTS 综合评分为 0.0，低于60分，不触发且不搜索新闻。
2026-09-10 09:09:49,876 [INFO] [36/61] AAOI
2026-09-10 09:09:49,981 [WARNING] AAOI 数据日期滞后：最新行情日期为 2026-09-08，缺少 2026-09-09 的正式收盘数据
2026-09-10 09:09:49,981 [INFO] AAOI 综合评分为 0.0，低于60分，不触发且不搜索新闻。
2026-09-10 09:09:50,181 [INFO] [37/61] INOD
2026-09-10 09:09:50,364 [WARNING] INOD 数据日期滞后：最新行情日期为 2026-09-08，缺少 2026-09-09 的正式收盘数据
2026-09-10 09:09:50,364 [INFO] INOD 综合评分为 0.0，低于60分，不触发且不搜索新闻。
2026-09-10 09:09:50,564 [INFO] [38/61] SPCX
2026-09-10 09:09:51,103 [WARNING] SPCX 历史行情不足：60 行
2026-09-10 09:09:51,103 [INFO] SPCX 综合评分为 0.0，低于60分，不触发且不搜索新闻。
2026-09-10 09:09:51,304 [INFO] [39/61] RDW
2026-09-10 09:09:51,871 [WARNING] RDW 数据日期滞后：最新行情日期为 2026-09-08，缺少 2026-09-09 的正式收盘数据
2026-09-10 09:09:51,871 [INFO] RDW 综合评分为 0.0，低于60分，不触发且不搜索新闻。
2026-09-10 09:09:52,072 [INFO] [40/61] QCOM
2026-09-10 09:09:52,684 [WARNING] QCOM 数据日期滞后：最新行情日期为 2026-09-08，缺少 2026-09-09 的正式收盘数据
2026-09-10 09:09:52,684 [INFO] QCOM 综合评分为 0.0，低于60分，不触发且不搜索新闻。
2026-09-10 09:09:52,884 [INFO] [41/61] COIN
2026-09-10 09:09:53,333 [WARNING] COIN 数据日期滞后：最新行情日期为 2026-09-08，缺少 2026-09-09 的正式收盘数据
2026-09-10 09:09:53,333 [INFO] COIN 综合评分为 0.0，低于60分，不触发且不搜索新闻。
2026-09-10 09:09:53,533 [INFO] [42/61] CORZ
2026-09-10 09:09:54,000 [WARNING] CORZ 数据日期滞后：最新行情日期为 2026-09-08，缺少 2026-09-09 的正式收盘数据
2026-09-10 09:09:54,000 [INFO] CORZ 综合评分为 0.0，低于60分，不触发且不搜索新闻。
2026-09-10 09:09:54,201 [INFO] [43/61] IREN
2026-09-10 09:09:54,663 [WARNING] IREN 数据日期滞后：最新行情日期为 2026-09-08，缺少 2026-09-09 的正式收盘数据
2026-09-10 09:09:54,663 [INFO] IREN 综合评分为 0.0，低于60分，不触发且不搜索新闻。
2026-09-10 09:09:54,864 [INFO] [44/61] VELO
2026-09-10 09:09:55,419 [WARNING] VELO 数据日期滞后：最新行情日期为 2026-09-08，缺少 2026-09-09 的正式收盘数据
2026-09-10 09:09:55,419 [INFO] VELO 综合评分为 0.0，低于60分，不触发且不搜索新闻。
2026-09-10 09:09:55,619 [INFO] [45/61] MSFT
2026-09-10 09:09:56,176 [WARNING] MSFT 数据日期滞后：最新行情日期为 2026-09-08，缺少 2026-09-09 的正式收盘数据
2026-09-10 09:09:56,176 [INFO] MSFT 综合评分为 0.0，低于60分，不触发且不搜索新闻。
2026-09-10 09:09:56,376 [INFO] [46/61] GOOG
2026-09-10 09:09:56,923 [WARNING] GOOG 数据日期滞后：最新行情日期为 2026-09-08，缺少 2026-09-09 的正式收盘数据
2026-09-10 09:09:56,924 [INFO] GOOG 综合评分为 0.0，低于60分，不触发且不搜索新闻。
2026-09-10 09:09:57,124 [INFO] [47/61] AVGO
2026-09-10 09:09:57,645 [WARNING] AVGO 数据日期滞后：最新行情日期为 2026-09-08，缺少 2026-09-09 的正式收盘数据
2026-09-10 09:09:57,645 [INFO] AVGO 综合评分为 0.0，低于60分，不触发且不搜索新闻。
2026-09-10 09:09:57,845 [INFO] [48/61] AMAT
2026-09-10 09:09:58,349 [WARNING] AMAT 数据日期滞后：最新行情日期为 2026-09-08，缺少 2026-09-09 的正式收盘数据
2026-09-10 09:09:58,349 [INFO] AMAT 综合评分为 0.0，低于60分，不触发且不搜索新闻。
2026-09-10 09:09:58,549 [INFO] [49/61] AMKR
2026-09-10 09:09:59,077 [WARNING] AMKR 数据日期滞后：最新行情日期为 2026-09-08，缺少 2026-09-09 的正式收盘数据
2026-09-10 09:09:59,077 [INFO] AMKR 综合评分为 0.0，低于60分，不触发且不搜索新闻。
2026-09-10 09:09:59,277 [INFO] [50/61] LRCX
2026-09-10 09:09:59,775 [WARNING] LRCX 数据日期滞后：最新行情日期为 2026-09-08，缺少 2026-09-09 的正式收盘数据
2026-09-10 09:09:59,776 [INFO] LRCX 综合评分为 0.0，低于60分，不触发且不搜索新闻。
2026-09-10 09:09:59,976 [INFO] [51/61] SNDK
2026-09-10 09:10:00,527 [WARNING] SNDK 数据日期滞后：最新行情日期为 2026-09-08，缺少 2026-09-09 的正式收盘数据
2026-09-10 09:10:00,527 [INFO] SNDK 综合评分为 0.0，低于60分，不触发且不搜索新闻。
2026-09-10 09:10:00,727 [INFO] [52/61] MU
2026-09-10 09:10:01,390 [WARNING] MU 数据日期滞后：最新行情日期为 2026-09-08，缺少 2026-09-09 的正式收盘数据
2026-09-10 09:10:01,391 [INFO] MU 综合评分为 0.0，低于60分，不触发且不搜索新闻。
2026-09-10 09:10:01,591 [INFO] [53/61] VICR
2026-09-10 09:10:02,026 [WARNING] VICR 数据日期滞后：最新行情日期为 2026-09-08，缺少 2026-09-09 的正式收盘数据
2026-09-10 09:10:02,027 [INFO] VICR 综合评分为 0.0，低于60分，不触发且不搜索新闻。
2026-09-10 09:10:02,227 [INFO] [54/61] NNE
2026-09-10 09:10:02,773 [WARNING] NNE 数据日期滞后：最新行情日期为 2026-09-08，缺少 2026-09-09 的正式收盘数据
2026-09-10 09:10:02,773 [INFO] NNE 综合评分为 0.0，低于60分，不触发且不搜索新闻。
2026-09-10 09:10:02,973 [INFO] [55/61] CCJ
2026-09-10 09:10:03,464 [WARNING] CCJ 数据日期滞后：最新行情日期为 2026-09-08，缺少 2026-09-09 的正式收盘数据
2026-09-10 09:10:03,465 [INFO] CCJ 综合评分为 0.0，低于60分，不触发且不搜索新闻。
2026-09-10 09:10:03,665 [INFO] [56/61] BWAY
2026-09-10 09:10:04,068 [WARNING] BWAY 数据日期滞后：最新行情日期为 2026-09-08，缺少 2026-09-09 的正式收盘数据
2026-09-10 09:10:04,068 [INFO] BWAY 综合评分为 0.0，低于60分，不触发且不搜索新闻。
2026-09-10 09:10:04,268 [INFO] [57/61] MANE
2026-09-10 09:10:04,729 [WARNING] MANE 数据日期滞后：最新行情日期为 2026-09-08，缺少 2026-09-09 的正式收盘数据
2026-09-10 09:10:04,729 [INFO] MANE 综合评分为 0.0，低于60分，不触发且不搜索新闻。
2026-09-10 09:10:04,929 [INFO] [58/61] QSI
2026-09-10 09:10:05,431 [WARNING] QSI 数据日期滞后：最新行情日期为 2026-09-08，缺少 2026-09-09 的正式收盘数据
2026-09-10 09:10:05,432 [INFO] QSI 综合评分为 0.0，低于60分，不触发且不搜索新闻。
2026-09-10 09:10:05,632 [INFO] [59/61] CRSP
2026-09-10 09:10:06,192 [WARNING] CRSP 数据日期滞后：最新行情日期为 2026-09-08，缺少 2026-09-09 的正式收盘数据
2026-09-10 09:10:06,192 [INFO] CRSP 综合评分为 0.0，低于60分，不触发且不搜索新闻。
2026-09-10 09:10:06,393 [INFO] [60/61] IBRX
2026-09-10 09:10:06,823 [WARNING] IBRX 数据日期滞后：最新行情日期为 2026-09-08，缺少 2026-09-09 的正式收盘数据
2026-09-10 09:10:06,824 [INFO] IBRX 综合评分为 0.0，低于60分，不触发且不搜索新闻。
2026-09-10 09:10:07,024 [INFO] [61/61] INSP
2026-09-10 09:10:07,518 [WARNING] INSP 数据日期滞后：最新行情日期为 2026-09-08，缺少 2026-09-09 的正式收盘数据
2026-09-10 09:10:07,519 [INFO] INSP 综合评分为 0.0，低于60分，不触发且不搜索新闻。
2026-09-10 09:10:07,836 [INFO] 已更新 ALAB_1 跟踪 Excel：/home/runner/work/stock-monitor-cloud/stock-monitor-cloud/data/CROSS/EXCLE/ALAB_1_20260904.xlsx，记录 2/30 个交易日。
2026-09-10 09:10:07,909 [INFO] 已更新 AMD_1 跟踪 Excel：/home/runner/work/stock-monitor-cloud/stock-monitor-cloud/data/CROSS/EXCLE/AMD_1_20260904.xlsx，记录 2/30 个交易日。
2026-09-10 09:10:08,021 [INFO] 已更新 AMZN_1 跟踪 Excel：/home/runner/work/stock-monitor-cloud/stock-monitor-cloud/data/CROSS/EXCLE/AMZN_1_20260828.xlsx，记录 7/30 个交易日。
2026-09-10 09:10:08,145 [INFO] 已更新 CCJ_1 跟踪 Excel：/home/runner/work/stock-monitor-cloud/stock-monitor-cloud/data/CROSS/EXCLE/CCJ_1_20260821.xlsx，记录 12/30 个交易日。
2026-09-10 09:10:08,241 [INFO] 已更新 COIN_1 跟踪 Excel：/home/runner/work/stock-monitor-cloud/stock-monitor-cloud/data/CROSS/EXCLE/COIN_1_20260819.xlsx，记录 14/30 个交易日。
2026-09-10 09:10:08,379 [INFO] 已更新 CRCL_1 跟踪 Excel：/home/runner/work/stock-monitor-cloud/stock-monitor-cloud/data/CROSS/EXCLE/CRCL_1_20260819.xlsx，记录 14/30 个交易日。
2026-09-10 09:10:08,471 [INFO] 已更新 CRSP_1 跟踪 Excel：/home/runner/work/stock-monitor-cloud/stock-monitor-cloud/data/CROSS/EXCLE/CRSP_1_20260819.xlsx，记录 14/30 个交易日。
2026-09-10 09:10:08,567 [INFO] 已更新 DELL_1 跟踪 Excel：/home/runner/work/stock-monitor-cloud/stock-monitor-cloud/data/CROSS/EXCLE/DELL_1_20260827.xlsx，记录 8/30 个交易日。
2026-09-10 09:10:08,798 [INFO] 已更新 ERAS_1 跟踪 Excel：/home/runner/work/stock-monitor-cloud/stock-monitor-cloud/data/CROSS/EXCLE/ERAS_1_20260826.xlsx，记录 9/30 个交易日。
2026-09-10 09:10:08,911 [INFO] 已更新 GLW_1 跟踪 Excel：/home/runner/work/stock-monitor-cloud/stock-monitor-cloud/data/CROSS/EXCLE/GLW_1_20260904.xlsx，记录 2/30 个交易日。
2026-09-10 09:10:09,050 [INFO] 已更新 IBRX_1 跟踪 Excel：/home/runner/work/stock-monitor-cloud/stock-monitor-cloud/data/CROSS/EXCLE/IBRX_1_20260819.xlsx，记录 14/30 个交易日。
2026-09-10 09:10:09,127 [INFO] 已更新 INSP_1 跟踪 Excel：/home/runner/work/stock-monitor-cloud/stock-monitor-cloud/data/CROSS/EXCLE/INSP_1_20260819.xlsx，记录 14/30 个交易日。
2026-09-10 09:10:09,249 [INFO] 已更新 IREN_1 跟踪 Excel：/home/runner/work/stock-monitor-cloud/stock-monitor-cloud/data/CROSS/EXCLE/IREN_1_20260904.xlsx，记录 2/30 个交易日。
2026-09-10 09:10:09,366 [INFO] 已更新 LITE_1 跟踪 Excel：/home/runner/work/stock-monitor-cloud/stock-monitor-cloud/data/CROSS/EXCLE/LITE_1_20260825.xlsx，记录 10/30 个交易日。
2026-09-10 09:10:09,568 [INFO] 已更新 MRVL_1 跟踪 Excel：/home/runner/work/stock-monitor-cloud/stock-monitor-cloud/data/CROSS/EXCLE/MRVL_1_20260819.xlsx，记录 14/30 个交易日。
2026-09-10 09:10:09,687 [INFO] 已更新 MSFT_1 跟踪 Excel：/home/runner/work/stock-monitor-cloud/stock-monitor-cloud/data/CROSS/EXCLE/MSFT_1_20260826.xlsx，记录 9/30 个交易日。
2026-09-10 09:10:09,791 [INFO] 已更新 MU_1 跟踪 Excel：/home/runner/work/stock-monitor-cloud/stock-monitor-cloud/data/CROSS/EXCLE/MU_1_20260831.xlsx，记录 6/30 个交易日。
2026-09-10 09:10:09,863 [INFO] 已更新 NNE_1 跟踪 Excel：/home/runner/work/stock-monitor-cloud/stock-monitor-cloud/data/CROSS/EXCLE/NNE_1_20260827.xlsx，记录 8/30 个交易日。
2026-09-10 09:10:09,999 [INFO] 已更新 NVDA_1 跟踪 Excel：/home/runner/work/stock-monitor-cloud/stock-monitor-cloud/data/CROSS/EXCLE/NVDA_1_20260827.xlsx，记录 8/30 个交易日。
2026-09-10 09:10:10,090 [INFO] 已更新 OKLO_1 跟踪 Excel：/home/runner/work/stock-monitor-cloud/stock-monitor-cloud/data/CROSS/EXCLE/OKLO_1_20260825.xlsx，记录 10/30 个交易日。
2026-09-10 09:10:10,270 [INFO] 已更新 ORCL_1 跟踪 Excel：/home/runner/work/stock-monitor-cloud/stock-monitor-cloud/data/CROSS/EXCLE/ORCL_1_20260826.xlsx，记录 9/30 个交易日。
2026-09-10 09:10:10,373 [INFO] 已更新 QCOM_1 跟踪 Excel：/home/runner/work/stock-monitor-cloud/stock-monitor-cloud/data/CROSS/EXCLE/QCOM_1_20260827.xlsx，记录 8/30 个交易日。
2026-09-10 09:10:10,505 [INFO] 已更新 QSI_1 跟踪 Excel：/home/runner/work/stock-monitor-cloud/stock-monitor-cloud/data/CROSS/EXCLE/QSI_1_20260821.xlsx，记录 12/30 个交易日。
2026-09-10 09:10:10,610 [INFO] 已更新 SMR_1 跟踪 Excel：/home/runner/work/stock-monitor-cloud/stock-monitor-cloud/data/CROSS/EXCLE/SMR_1_20260825.xlsx，记录 10/30 个交易日。
2026-09-10 09:10:10,700 [INFO] 已更新 SNDK_1 跟踪 Excel：/home/runner/work/stock-monitor-cloud/stock-monitor-cloud/data/CROSS/EXCLE/SNDK_1_20260904.xlsx，记录 2/30 个交易日。
2026-09-10 09:10:10,700 [INFO] 报告生成完成：/home/runner/work/stock-monitor-cloud/stock-monitor-cloud/data/CROSS/强势金叉监控报告_2026-09-09.docx
2026-09-11 09:11:15,078 [INFO] 开始扫描 61 只股票，正式交易日：2026-09-10
2026-09-11 09:11:15,078 [INFO] [1/61] NOK
2026-09-11 09:11:15,365 [WARNING] NOK 数据日期滞后：最新行情日期为 2026-09-09，缺少 2026-09-10 的正式收盘数据
2026-09-11 09:11:15,365 [INFO] NOK 综合评分为 0.0，低于60分，不触发且不搜索新闻。
2026-09-11 09:11:15,565 [INFO] [2/61] XE
2026-09-11 09:11:15,720 [WARNING] XE 数据日期滞后：最新行情日期为 2026-09-09，缺少 2026-09-10 的正式收盘数据
2026-09-11 09:11:15,720 [INFO] XE 综合评分为 0.0，低于60分，不触发且不搜索新闻。
2026-09-11 09:11:15,920 [INFO] [3/61] RKLB
2026-09-11 09:11:16,055 [WARNING] RKLB 数据日期滞后：最新行情日期为 2026-09-09，缺少 2026-09-10 的正式收盘数据
2026-09-11 09:11:16,055 [INFO] RKLB 综合评分为 0.0，低于60分，不触发且不搜索新闻。
2026-09-11 09:11:16,255 [INFO] [4/61] NBIS
2026-09-11 09:11:16,397 [WARNING] NBIS 数据日期滞后：最新行情日期为 2026-09-09，缺少 2026-09-10 的正式收盘数据
2026-09-11 09:11:16,397 [INFO] NBIS 综合评分为 0.0，低于60分，不触发且不搜索新闻。
2026-09-11 09:11:16,597 [INFO] [5/61] ARM
2026-09-11 09:11:16,746 [WARNING] ARM 数据日期滞后：最新行情日期为 2026-09-09，缺少 2026-09-10 的正式收盘数据
2026-09-11 09:11:16,746 [INFO] ARM 综合评分为 0.0，低于60分，不触发且不搜索新闻。
2026-09-11 09:11:16,946 [INFO] [6/61] OPTX
2026-09-11 09:11:17,124 [WARNING] OPTX 数据日期滞后：最新行情日期为 2026-09-09，缺少 2026-09-10 的正式收盘数据
2026-09-11 09:11:17,124 [INFO] OPTX 综合评分为 0.0，低于60分，不触发且不搜索新闻。
2026-09-11 09:11:17,325 [INFO] [7/61] GLW
2026-09-11 09:11:17,564 [WARNING] GLW 数据日期滞后：最新行情日期为 2026-09-09，缺少 2026-09-10 的正式收盘数据
2026-09-11 09:11:17,564 [INFO] GLW 综合评分为 0.0，低于60分，不触发且不搜索新闻。
2026-09-11 09:11:17,764 [INFO] [8/61] COHR
2026-09-11 09:11:17,949 [WARNING] COHR 数据日期滞后：最新行情日期为 2026-09-09，缺少 2026-09-10 的正式收盘数据
2026-09-11 09:11:17,949 [INFO] COHR 综合评分为 0.0，低于60分，不触发且不搜索新闻。
2026-09-11 09:11:18,150 [INFO] [9/61] LITE
2026-09-11 09:11:18,293 [WARNING] LITE 数据日期滞后：最新行情日期为 2026-09-09，缺少 2026-09-10 的正式收盘数据
2026-09-11 09:11:18,293 [INFO] LITE 综合评分为 0.0，低于60分，不触发且不搜索新闻。
2026-09-11 09:11:18,494 [INFO] [10/61] MRVL
2026-09-11 09:11:18,694 [WARNING] MRVL 数据日期滞后：最新行情日期为 2026-09-09，缺少 2026-09-10 的正式收盘数据
2026-09-11 09:11:18,694 [INFO] MRVL 综合评分为 0.0，低于60分，不触发且不搜索新闻。
2026-09-11 09:11:18,895 [INFO] [11/61] INTC
2026-09-11 09:11:19,109 [WARNING] INTC 数据日期滞后：最新行情日期为 2026-09-09，缺少 2026-09-10 的正式收盘数据
2026-09-11 09:11:19,109 [INFO] INTC 综合评分为 0.0，低于60分，不触发且不搜索新闻。
2026-09-11 09:11:19,309 [INFO] [12/61] ALAB
2026-09-11 09:11:19,446 [WARNING] ALAB 数据日期滞后：最新行情日期为 2026-09-09，缺少 2026-09-10 的正式收盘数据
2026-09-11 09:11:19,446 [INFO] ALAB 综合评分为 0.0，低于60分，不触发且不搜索新闻。
2026-09-11 09:11:19,646 [INFO] [13/61] FLNC
2026-09-11 09:11:19,805 [WARNING] FLNC 数据日期滞后：最新行情日期为 2026-09-09，缺少 2026-09-10 的正式收盘数据
2026-09-11 09:11:19,806 [INFO] FLNC 综合评分为 0.0，低于60分，不触发且不搜索新闻。
2026-09-11 09:11:20,006 [INFO] [14/61] CRWV
2026-09-11 09:11:20,127 [WARNING] CRWV 数据日期滞后：最新行情日期为 2026-09-09，缺少 2026-09-10 的正式收盘数据
2026-09-11 09:11:20,127 [INFO] CRWV 综合评分为 0.0，低于60分，不触发且不搜索新闻。
2026-09-11 09:11:20,327 [INFO] [15/61] ORCL
2026-09-11 09:11:20,528 [WARNING] ORCL 数据日期滞后：最新行情日期为 2026-09-09，缺少 2026-09-10 的正式收盘数据
2026-09-11 09:11:20,528 [INFO] ORCL 综合评分为 0.0，低于60分，不触发且不搜索新闻。
2026-09-11 09:11:20,728 [INFO] [16/61] NVTS
2026-09-11 09:11:20,874 [WARNING] NVTS 数据日期滞后：最新行情日期为 2026-09-09，缺少 2026-09-10 的正式收盘数据
2026-09-11 09:11:20,874 [INFO] NVTS 综合评分为 0.0，低于60分，不触发且不搜索新闻。
2026-09-11 09:11:21,074 [INFO] [17/61] POET
2026-09-11 09:11:21,208 [WARNING] POET 数据日期滞后：最新行情日期为 2026-09-09，缺少 2026-09-10 的正式收盘数据
2026-09-11 09:11:21,208 [INFO] POET 综合评分为 0.0，低于60分，不触发且不搜索新闻。
2026-09-11 09:11:21,408 [INFO] [18/61] DELL
2026-09-11 09:11:21,550 [WARNING] DELL 数据日期滞后：最新行情日期为 2026-09-09，缺少 2026-09-10 的正式收盘数据
2026-09-11 09:11:21,550 [INFO] DELL 综合评分为 0.0，低于60分，不触发且不搜索新闻。
2026-09-11 09:11:21,750 [INFO] [19/61] BB
2026-09-11 09:11:21,955 [WARNING] BB 数据日期滞后：最新行情日期为 2026-09-09，缺少 2026-09-10 的正式收盘数据
2026-09-11 09:11:21,955 [INFO] BB 综合评分为 0.0，低于60分，不触发且不搜索新闻。
2026-09-11 09:11:22,156 [INFO] [20/61] ONDS
2026-09-11 09:11:22,319 [WARNING] ONDS 数据日期滞后：最新行情日期为 2026-09-09，缺少 2026-09-10 的正式收盘数据
2026-09-11 09:11:22,319 [INFO] ONDS 综合评分为 0.0，低于60分，不触发且不搜索新闻。
2026-09-11 09:11:22,519 [INFO] [21/61] SMR
2026-09-11 09:11:22,740 [WARNING] SMR 数据日期滞后：最新行情日期为 2026-09-09，缺少 2026-09-10 的正式收盘数据
2026-09-11 09:11:22,740 [INFO] SMR 综合评分为 0.0，低于60分，不触发且不搜索新闻。
2026-09-11 09:11:22,940 [INFO] [22/61] OKLO
2026-09-11 09:11:23,127 [WARNING] OKLO 数据日期滞后：最新行情日期为 2026-09-09，缺少 2026-09-10 的正式收盘数据
2026-09-11 09:11:23,128 [INFO] OKLO 综合评分为 0.0，低于60分，不触发且不搜索新闻。
2026-09-11 09:11:23,328 [INFO] [23/61] IONQ
2026-09-11 09:11:23,470 [WARNING] IONQ 数据日期滞后：最新行情日期为 2026-09-09，缺少 2026-09-10 的正式收盘数据
2026-09-11 09:11:23,470 [INFO] IONQ 综合评分为 0.0，低于60分，不触发且不搜索新闻。
2026-09-11 09:11:23,670 [INFO] [24/61] QBTS
2026-09-11 09:11:23,800 [WARNING] QBTS 数据日期滞后：最新行情日期为 2026-09-09，缺少 2026-09-10 的正式收盘数据
2026-09-11 09:11:23,800 [INFO] QBTS 综合评分为 0.0，低于60分，不触发且不搜索新闻。
2026-09-11 09:11:24,001 [INFO] [25/61] NVDA
2026-09-11 09:11:24,203 [WARNING] NVDA 数据日期滞后：最新行情日期为 2026-09-09，缺少 2026-09-10 的正式收盘数据
2026-09-11 09:11:24,203 [INFO] NVDA 综合评分为 0.0，低于60分，不触发且不搜索新闻。
2026-09-11 09:11:24,403 [INFO] [26/61] AMZN
2026-09-11 09:11:24,530 [WARNING] AMZN 数据日期滞后：最新行情日期为 2026-09-09，缺少 2026-09-10 的正式收盘数据
2026-09-11 09:11:24,530 [INFO] AMZN 综合评分为 0.0，低于60分，不触发且不搜索新闻。
2026-09-11 09:11:24,730 [INFO] [27/61] AMD
2026-09-11 09:11:24,919 [WARNING] AMD 数据日期滞后：最新行情日期为 2026-09-09，缺少 2026-09-10 的正式收盘数据
2026-09-11 09:11:24,920 [INFO] AMD 综合评分为 0.0，低于60分，不触发且不搜索新闻。
2026-09-11 09:11:25,120 [INFO] [28/61] CRCL
2026-09-11 09:11:25,277 [WARNING] CRCL 数据日期滞后：最新行情日期为 2026-09-09，缺少 2026-09-10 的正式收盘数据
2026-09-11 09:11:25,277 [INFO] CRCL 综合评分为 0.0，低于60分，不触发且不搜索新闻。
2026-09-11 09:11:25,477 [INFO] [29/61] FLY
2026-09-11 09:11:25,601 [WARNING] FLY 数据日期滞后：最新行情日期为 2026-09-09，缺少 2026-09-10 的正式收盘数据
2026-09-11 09:11:25,601 [INFO] FLY 综合评分为 0.0，低于60分，不触发且不搜索新闻。
2026-09-11 09:11:25,801 [INFO] [30/61] CBRS
2026-09-11 09:11:25,922 [WARNING] CBRS 数据日期滞后：最新行情日期为 2026-09-09，缺少 2026-09-10 的正式收盘数据
2026-09-11 09:11:25,922 [INFO] CBRS 综合评分为 0.0，低于60分，不触发且不搜索新闻。
2026-09-11 09:11:26,122 [INFO] [31/61] CIEN
2026-09-11 09:11:26,275 [WARNING] CIEN 数据日期滞后：最新行情日期为 2026-09-09，缺少 2026-09-10 的正式收盘数据
2026-09-11 09:11:26,275 [INFO] CIEN 综合评分为 0.0，低于60分，不触发且不搜索新闻。
2026-09-11 09:11:26,475 [INFO] [32/61] SIVEF
2026-09-11 09:11:26,599 [INFO] SIVEF 综合评分为 35.0，低于60分，不触发且不搜索新闻。
2026-09-11 09:11:26,800 [INFO] [33/61] SHAZ
2026-09-11 09:11:26,930 [WARNING] SHAZ 数据日期滞后：最新行情日期为 2026-09-09，缺少 2026-09-10 的正式收盘数据
2026-09-11 09:11:26,930 [INFO] SHAZ 综合评分为 0.0，低于60分，不触发且不搜索新闻。
2026-09-11 09:11:27,130 [INFO] [34/61] LUNR
2026-09-11 09:11:27,310 [WARNING] LUNR 数据日期滞后：最新行情日期为 2026-09-09，缺少 2026-09-10 的正式收盘数据
2026-09-11 09:11:27,310 [INFO] LUNR 综合评分为 0.0，低于60分，不触发且不搜索新闻。
2026-09-11 09:11:27,511 [INFO] [35/61] ASTS
2026-09-11 09:11:27,686 [WARNING] ASTS 数据日期滞后：最新行情日期为 2026-09-09，缺少 2026-09-10 的正式收盘数据
2026-09-11 09:11:27,686 [INFO] ASTS 综合评分为 0.0，低于60分，不触发且不搜索新闻。
2026-09-11 09:11:27,886 [INFO] [36/61] AAOI
2026-09-11 09:11:28,076 [WARNING] AAOI 数据日期滞后：最新行情日期为 2026-09-09，缺少 2026-09-10 的正式收盘数据
2026-09-11 09:11:28,076 [INFO] AAOI 综合评分为 0.0，低于60分，不触发且不搜索新闻。
2026-09-11 09:11:28,276 [INFO] [37/61] INOD
2026-09-11 09:11:28,423 [WARNING] INOD 数据日期滞后：最新行情日期为 2026-09-09，缺少 2026-09-10 的正式收盘数据
2026-09-11 09:11:28,424 [INFO] INOD 综合评分为 0.0，低于60分，不触发且不搜索新闻。
2026-09-11 09:11:28,624 [INFO] [38/61] SPCX
2026-09-11 09:11:29,263 [WARNING] SPCX 历史行情不足：61 行
2026-09-11 09:11:29,264 [INFO] SPCX 综合评分为 0.0，低于60分，不触发且不搜索新闻。
2026-09-11 09:11:29,464 [INFO] [39/61] RDW
2026-09-11 09:11:29,916 [WARNING] RDW 数据日期滞后：最新行情日期为 2026-09-09，缺少 2026-09-10 的正式收盘数据
2026-09-11 09:11:29,916 [INFO] RDW 综合评分为 0.0，低于60分，不触发且不搜索新闻。
2026-09-11 09:11:30,116 [INFO] [40/61] QCOM
2026-09-11 09:11:30,573 [WARNING] QCOM 数据日期滞后：最新行情日期为 2026-09-09，缺少 2026-09-10 的正式收盘数据
2026-09-11 09:11:30,573 [INFO] QCOM 综合评分为 0.0，低于60分，不触发且不搜索新闻。
2026-09-11 09:11:30,773 [INFO] [41/61] COIN
2026-09-11 09:11:31,227 [WARNING] COIN 数据日期滞后：最新行情日期为 2026-09-09，缺少 2026-09-10 的正式收盘数据
2026-09-11 09:11:31,227 [INFO] COIN 综合评分为 0.0，低于60分，不触发且不搜索新闻。
2026-09-11 09:11:31,427 [INFO] [42/61] CORZ
2026-09-11 09:11:31,959 [WARNING] CORZ 数据日期滞后：最新行情日期为 2026-09-09，缺少 2026-09-10 的正式收盘数据
2026-09-11 09:11:31,959 [INFO] CORZ 综合评分为 0.0，低于60分，不触发且不搜索新闻。
2026-09-11 09:11:32,160 [INFO] [43/61] IREN
2026-09-11 09:11:32,639 [WARNING] IREN 数据日期滞后：最新行情日期为 2026-09-09，缺少 2026-09-10 的正式收盘数据
2026-09-11 09:11:32,640 [INFO] IREN 综合评分为 0.0，低于60分，不触发且不搜索新闻。
2026-09-11 09:11:32,840 [INFO] [44/61] VELO
2026-09-11 09:11:33,263 [WARNING] VELO 数据日期滞后：最新行情日期为 2026-09-09，缺少 2026-09-10 的正式收盘数据
2026-09-11 09:11:33,263 [INFO] VELO 综合评分为 0.0，低于60分，不触发且不搜索新闻。
2026-09-11 09:11:33,463 [INFO] [45/61] MSFT
2026-09-11 09:11:34,002 [WARNING] MSFT 数据日期滞后：最新行情日期为 2026-09-09，缺少 2026-09-10 的正式收盘数据
2026-09-11 09:11:34,002 [INFO] MSFT 综合评分为 0.0，低于60分，不触发且不搜索新闻。
2026-09-11 09:11:34,203 [INFO] [46/61] GOOG
2026-09-11 09:11:34,661 [WARNING] GOOG 数据日期滞后：最新行情日期为 2026-09-09，缺少 2026-09-10 的正式收盘数据
2026-09-11 09:11:34,661 [INFO] GOOG 综合评分为 0.0，低于60分，不触发且不搜索新闻。
2026-09-11 09:11:34,862 [INFO] [47/61] AVGO
2026-09-11 09:11:35,460 [WARNING] AVGO 数据日期滞后：最新行情日期为 2026-09-09，缺少 2026-09-10 的正式收盘数据
2026-09-11 09:11:35,460 [INFO] AVGO 综合评分为 0.0，低于60分，不触发且不搜索新闻。
2026-09-11 09:11:35,661 [INFO] [48/61] AMAT
2026-09-11 09:11:36,249 [WARNING] AMAT 数据日期滞后：最新行情日期为 2026-09-09，缺少 2026-09-10 的正式收盘数据
2026-09-11 09:11:36,249 [INFO] AMAT 综合评分为 0.0，低于60分，不触发且不搜索新闻。
2026-09-11 09:11:36,450 [INFO] [49/61] AMKR
2026-09-11 09:11:37,043 [WARNING] AMKR 数据日期滞后：最新行情日期为 2026-09-09，缺少 2026-09-10 的正式收盘数据
2026-09-11 09:11:37,043 [INFO] AMKR 综合评分为 0.0，低于60分，不触发且不搜索新闻。
2026-09-11 09:11:37,244 [INFO] [50/61] LRCX
2026-09-11 09:11:37,713 [WARNING] LRCX 数据日期滞后：最新行情日期为 2026-09-09，缺少 2026-09-10 的正式收盘数据
2026-09-11 09:11:37,713 [INFO] LRCX 综合评分为 0.0，低于60分，不触发且不搜索新闻。
2026-09-11 09:11:37,913 [INFO] [51/61] SNDK
2026-09-11 09:11:38,411 [WARNING] SNDK 数据日期滞后：最新行情日期为 2026-09-09，缺少 2026-09-10 的正式收盘数据
2026-09-11 09:11:38,411 [INFO] SNDK 综合评分为 0.0，低于60分，不触发且不搜索新闻。
2026-09-11 09:11:38,612 [INFO] [52/61] MU
2026-09-11 09:11:39,193 [WARNING] MU 数据日期滞后：最新行情日期为 2026-09-09，缺少 2026-09-10 的正式收盘数据
2026-09-11 09:11:39,193 [INFO] MU 综合评分为 0.0，低于60分，不触发且不搜索新闻。
2026-09-11 09:11:39,393 [INFO] [53/61] VICR
2026-09-11 09:11:39,893 [WARNING] VICR 数据日期滞后：最新行情日期为 2026-09-09，缺少 2026-09-10 的正式收盘数据
2026-09-11 09:11:39,893 [INFO] VICR 综合评分为 0.0，低于60分，不触发且不搜索新闻。
2026-09-11 09:11:40,094 [INFO] [54/61] NNE
2026-09-11 09:11:40,518 [WARNING] NNE 数据日期滞后：最新行情日期为 2026-09-09，缺少 2026-09-10 的正式收盘数据
2026-09-11 09:11:40,518 [INFO] NNE 综合评分为 0.0，低于60分，不触发且不搜索新闻。
2026-09-11 09:11:40,718 [INFO] [55/61] CCJ
2026-09-11 09:11:41,356 [WARNING] CCJ 数据日期滞后：最新行情日期为 2026-09-09，缺少 2026-09-10 的正式收盘数据
2026-09-11 09:11:41,356 [INFO] CCJ 综合评分为 0.0，低于60分，不触发且不搜索新闻。
2026-09-11 09:11:41,557 [INFO] [56/61] BWAY
2026-09-11 09:11:42,011 [WARNING] BWAY 数据日期滞后：最新行情日期为 2026-09-09，缺少 2026-09-10 的正式收盘数据
2026-09-11 09:11:42,011 [INFO] BWAY 综合评分为 0.0，低于60分，不触发且不搜索新闻。
2026-09-11 09:11:42,212 [INFO] [57/61] MANE
2026-09-11 09:11:42,670 [WARNING] MANE 数据日期滞后：最新行情日期为 2026-09-09，缺少 2026-09-10 的正式收盘数据
2026-09-11 09:11:42,670 [INFO] MANE 综合评分为 0.0，低于60分，不触发且不搜索新闻。
2026-09-11 09:11:42,870 [INFO] [58/61] QSI
2026-09-11 09:11:44,116 [WARNING] QSI 数据日期滞后：最新行情日期为 2026-09-09，缺少 2026-09-10 的正式收盘数据
2026-09-11 09:11:44,116 [INFO] QSI 综合评分为 0.0，低于60分，不触发且不搜索新闻。
2026-09-11 09:11:44,316 [INFO] [59/61] CRSP
2026-09-11 09:11:44,884 [WARNING] CRSP 数据日期滞后：最新行情日期为 2026-09-09，缺少 2026-09-10 的正式收盘数据
2026-09-11 09:11:44,884 [INFO] CRSP 综合评分为 0.0，低于60分，不触发且不搜索新闻。
2026-09-11 09:11:45,084 [INFO] [60/61] IBRX
2026-09-11 09:11:45,644 [WARNING] IBRX 数据日期滞后：最新行情日期为 2026-09-09，缺少 2026-09-10 的正式收盘数据
2026-09-11 09:11:45,644 [INFO] IBRX 综合评分为 0.0，低于60分，不触发且不搜索新闻。
2026-09-11 09:11:45,845 [INFO] [61/61] INSP
2026-09-11 09:11:46,255 [WARNING] INSP 数据日期滞后：最新行情日期为 2026-09-09，缺少 2026-09-10 的正式收盘数据
2026-09-11 09:11:46,255 [INFO] INSP 综合评分为 0.0，低于60分，不触发且不搜索新闻。
2026-09-11 09:11:46,691 [INFO] 已更新 ALAB_1 跟踪 Excel：/home/runner/work/stock-monitor-cloud/stock-monitor-cloud/data/CROSS/EXCLE/ALAB_1_20260904.xlsx，记录 3/30 个交易日。
2026-09-11 09:11:46,858 [INFO] 已更新 AMD_1 跟踪 Excel：/home/runner/work/stock-monitor-cloud/stock-monitor-cloud/data/CROSS/EXCLE/AMD_1_20260904.xlsx，记录 3/30 个交易日。
2026-09-11 09:11:47,054 [INFO] 已更新 AMZN_1 跟踪 Excel：/home/runner/work/stock-monitor-cloud/stock-monitor-cloud/data/CROSS/EXCLE/AMZN_1_20260828.xlsx，记录 8/30 个交易日。
2026-09-11 09:11:47,203 [INFO] 已更新 CCJ_1 跟踪 Excel：/home/runner/work/stock-monitor-cloud/stock-monitor-cloud/data/CROSS/EXCLE/CCJ_1_20260821.xlsx，记录 13/30 个交易日。
2026-09-11 09:11:47,295 [INFO] 已更新 COIN_1 跟踪 Excel：/home/runner/work/stock-monitor-cloud/stock-monitor-cloud/data/CROSS/EXCLE/COIN_1_20260819.xlsx，记录 15/30 个交易日。
2026-09-11 09:11:47,380 [INFO] 已更新 CRCL_1 跟踪 Excel：/home/runner/work/stock-monitor-cloud/stock-monitor-cloud/data/CROSS/EXCLE/CRCL_1_20260819.xlsx，记录 15/30 个交易日。
2026-09-11 09:11:47,474 [INFO] 已更新 CRSP_1 跟踪 Excel：/home/runner/work/stock-monitor-cloud/stock-monitor-cloud/data/CROSS/EXCLE/CRSP_1_20260819.xlsx，记录 15/30 个交易日。
2026-09-11 09:11:47,580 [INFO] 已更新 DELL_1 跟踪 Excel：/home/runner/work/stock-monitor-cloud/stock-monitor-cloud/data/CROSS/EXCLE/DELL_1_20260827.xlsx，记录 9/30 个交易日。
2026-09-11 09:11:47,725 [INFO] 已更新 ERAS_1 跟踪 Excel：/home/runner/work/stock-monitor-cloud/stock-monitor-cloud/data/CROSS/EXCLE/ERAS_1_20260826.xlsx，记录 10/30 个交易日。
2026-09-11 09:11:47,880 [INFO] 已更新 GLW_1 跟踪 Excel：/home/runner/work/stock-monitor-cloud/stock-monitor-cloud/data/CROSS/EXCLE/GLW_1_20260904.xlsx，记录 3/30 个交易日。
2026-09-11 09:11:48,013 [INFO] 已更新 IBRX_1 跟踪 Excel：/home/runner/work/stock-monitor-cloud/stock-monitor-cloud/data/CROSS/EXCLE/IBRX_1_20260819.xlsx，记录 15/30 个交易日。
2026-09-11 09:11:48,104 [INFO] 已更新 INSP_1 跟踪 Excel：/home/runner/work/stock-monitor-cloud/stock-monitor-cloud/data/CROSS/EXCLE/INSP_1_20260819.xlsx，记录 15/30 个交易日。
2026-09-11 09:11:48,209 [INFO] 已更新 IREN_1 跟踪 Excel：/home/runner/work/stock-monitor-cloud/stock-monitor-cloud/data/CROSS/EXCLE/IREN_1_20260904.xlsx，记录 3/30 个交易日。
2026-09-11 09:11:48,701 [INFO] 已更新 LITE_1 跟踪 Excel：/home/runner/work/stock-monitor-cloud/stock-monitor-cloud/data/CROSS/EXCLE/LITE_1_20260825.xlsx，记录 11/30 个交易日。
2026-09-11 09:11:48,817 [INFO] 已更新 MRVL_1 跟踪 Excel：/home/runner/work/stock-monitor-cloud/stock-monitor-cloud/data/CROSS/EXCLE/MRVL_1_20260819.xlsx，记录 15/30 个交易日。
2026-09-11 09:11:48,942 [INFO] 已更新 MSFT_1 跟踪 Excel：/home/runner/work/stock-monitor-cloud/stock-monitor-cloud/data/CROSS/EXCLE/MSFT_1_20260826.xlsx，记录 10/30 个交易日。
2026-09-11 09:11:49,071 [INFO] 已更新 MU_1 跟踪 Excel：/home/runner/work/stock-monitor-cloud/stock-monitor-cloud/data/CROSS/EXCLE/MU_1_20260831.xlsx，记录 7/30 个交易日。
2026-09-11 09:11:49,150 [INFO] 已更新 NNE_1 跟踪 Excel：/home/runner/work/stock-monitor-cloud/stock-monitor-cloud/data/CROSS/EXCLE/NNE_1_20260827.xlsx，记录 9/30 个交易日。
2026-09-11 09:11:49,258 [INFO] 已更新 NVDA_1 跟踪 Excel：/home/runner/work/stock-monitor-cloud/stock-monitor-cloud/data/CROSS/EXCLE/NVDA_1_20260827.xlsx，记录 9/30 个交易日。
2026-09-11 09:11:49,340 [INFO] 已更新 OKLO_1 跟踪 Excel：/home/runner/work/stock-monitor-cloud/stock-monitor-cloud/data/CROSS/EXCLE/OKLO_1_20260825.xlsx，记录 11/30 个交易日。
2026-09-11 09:11:49,466 [INFO] 已更新 ORCL_1 跟踪 Excel：/home/runner/work/stock-monitor-cloud/stock-monitor-cloud/data/CROSS/EXCLE/ORCL_1_20260826.xlsx，记录 10/30 个交易日。
2026-09-11 09:11:49,624 [INFO] 已更新 QCOM_1 跟踪 Excel：/home/runner/work/stock-monitor-cloud/stock-monitor-cloud/data/CROSS/EXCLE/QCOM_1_20260827.xlsx，记录 9/30 个交易日。
2026-09-11 09:11:49,750 [INFO] 已更新 QSI_1 跟踪 Excel：/home/runner/work/stock-monitor-cloud/stock-monitor-cloud/data/CROSS/EXCLE/QSI_1_20260821.xlsx，记录 13/30 个交易日。
2026-09-11 09:11:50,236 [INFO] 已更新 SMR_1 跟踪 Excel：/home/runner/work/stock-monitor-cloud/stock-monitor-cloud/data/CROSS/EXCLE/SMR_1_20260825.xlsx，记录 11/30 个交易日。
2026-09-11 09:11:50,332 [INFO] 已更新 SNDK_1 跟踪 Excel：/home/runner/work/stock-monitor-cloud/stock-monitor-cloud/data/CROSS/EXCLE/SNDK_1_20260904.xlsx，记录 3/30 个交易日。
2026-09-11 09:11:50,332 [INFO] 报告生成完成：/home/runner/work/stock-monitor-cloud/stock-monitor-cloud/data/CROSS/强势金叉监控报告_2026-09-10.docx
2026-09-11 09:47:26,863 [INFO] 报告已存在，未覆盖：/home/runner/work/stock-monitor-cloud/stock-monitor-cloud/data/CROSS/强势金叉监控报告_2026-09-10.docx。若需覆盖请使用 --force
2026-09-11 09:47:27,354 [INFO] 已更新 ALAB_1 跟踪 Excel：/home/runner/work/stock-monitor-cloud/stock-monitor-cloud/data/CROSS/EXCLE/ALAB_1_20260904.xlsx，记录 3/30 个交易日。
2026-09-11 09:47:27,681 [INFO] 已更新 AMD_1 跟踪 Excel：/home/runner/work/stock-monitor-cloud/stock-monitor-cloud/data/CROSS/EXCLE/AMD_1_20260904.xlsx，记录 3/30 个交易日。
2026-09-11 09:47:28,011 [INFO] 已更新 AMZN_1 跟踪 Excel：/home/runner/work/stock-monitor-cloud/stock-monitor-cloud/data/CROSS/EXCLE/AMZN_1_20260828.xlsx，记录 8/30 个交易日。
2026-09-11 09:47:28,411 [INFO] 已更新 CCJ_1 跟踪 Excel：/home/runner/work/stock-monitor-cloud/stock-monitor-cloud/data/CROSS/EXCLE/CCJ_1_20260821.xlsx，记录 13/30 个交易日。
2026-09-11 09:47:28,767 [INFO] 已更新 COIN_1 跟踪 Excel：/home/runner/work/stock-monitor-cloud/stock-monitor-cloud/data/CROSS/EXCLE/COIN_1_20260819.xlsx，记录 15/30 个交易日。
2026-09-11 09:47:29,094 [INFO] 已更新 CRCL_1 跟踪 Excel：/home/runner/work/stock-monitor-cloud/stock-monitor-cloud/data/CROSS/EXCLE/CRCL_1_20260819.xlsx，记录 15/30 个交易日。
2026-09-11 09:47:29,396 [INFO] 已更新 CRSP_1 跟踪 Excel：/home/runner/work/stock-monitor-cloud/stock-monitor-cloud/data/CROSS/EXCLE/CRSP_1_20260819.xlsx，记录 15/30 个交易日。
2026-09-11 09:47:29,700 [INFO] 已更新 DELL_1 跟踪 Excel：/home/runner/work/stock-monitor-cloud/stock-monitor-cloud/data/CROSS/EXCLE/DELL_1_20260827.xlsx，记录 9/30 个交易日。
2026-09-11 09:47:30,031 [INFO] 已更新 ERAS_1 跟踪 Excel：/home/runner/work/stock-monitor-cloud/stock-monitor-cloud/data/CROSS/EXCLE/ERAS_1_20260826.xlsx，记录 10/30 个交易日。
2026-09-11 09:47:30,501 [INFO] 已更新 GLW_1 跟踪 Excel：/home/runner/work/stock-monitor-cloud/stock-monitor-cloud/data/CROSS/EXCLE/GLW_1_20260904.xlsx，记录 3/30 个交易日。
2026-09-11 09:47:30,830 [INFO] 已更新 IBRX_1 跟踪 Excel：/home/runner/work/stock-monitor-cloud/stock-monitor-cloud/data/CROSS/EXCLE/IBRX_1_20260819.xlsx，记录 15/30 个交易日。
2026-09-11 09:47:31,148 [INFO] 已更新 INSP_1 跟踪 Excel：/home/runner/work/stock-monitor-cloud/stock-monitor-cloud/data/CROSS/EXCLE/INSP_1_20260819.xlsx，记录 15/30 个交易日。
2026-09-11 09:47:31,530 [INFO] 已更新 IREN_1 跟踪 Excel：/home/runner/work/stock-monitor-cloud/stock-monitor-cloud/data/CROSS/EXCLE/IREN_1_20260904.xlsx，记录 3/30 个交易日。
2026-09-11 09:47:31,879 [INFO] 已更新 LITE_1 跟踪 Excel：/home/runner/work/stock-monitor-cloud/stock-monitor-cloud/data/CROSS/EXCLE/LITE_1_20260825.xlsx，记录 11/30 个交易日。
2026-09-11 09:47:32,309 [INFO] 已更新 MRVL_1 跟踪 Excel：/home/runner/work/stock-monitor-cloud/stock-monitor-cloud/data/CROSS/EXCLE/MRVL_1_20260819.xlsx，记录 15/30 个交易日。
2026-09-11 09:47:32,725 [INFO] 已更新 MSFT_1 跟踪 Excel：/home/runner/work/stock-monitor-cloud/stock-monitor-cloud/data/CROSS/EXCLE/MSFT_1_20260826.xlsx，记录 10/30 个交易日。
2026-09-11 09:47:33,074 [INFO] 已更新 MU_1 跟踪 Excel：/home/runner/work/stock-monitor-cloud/stock-monitor-cloud/data/CROSS/EXCLE/MU_1_20260831.xlsx，记录 7/30 个交易日。
2026-09-11 09:47:33,359 [INFO] 已更新 NNE_1 跟踪 Excel：/home/runner/work/stock-monitor-cloud/stock-monitor-cloud/data/CROSS/EXCLE/NNE_1_20260827.xlsx，记录 9/30 个交易日。
2026-09-11 09:47:33,745 [INFO] 已更新 NVDA_1 跟踪 Excel：/home/runner/work/stock-monitor-cloud/stock-monitor-cloud/data/CROSS/EXCLE/NVDA_1_20260827.xlsx，记录 9/30 个交易日。
2026-09-11 09:47:34,095 [INFO] 已更新 OKLO_1 跟踪 Excel：/home/runner/work/stock-monitor-cloud/stock-monitor-cloud/data/CROSS/EXCLE/OKLO_1_20260825.xlsx，记录 11/30 个交易日。
2026-09-11 09:47:34,552 [INFO] 已更新 ORCL_1 跟踪 Excel：/home/runner/work/stock-monitor-cloud/stock-monitor-cloud/data/CROSS/EXCLE/ORCL_1_20260826.xlsx，记录 10/30 个交易日。
2026-09-11 09:47:34,944 [INFO] 已更新 QCOM_1 跟踪 Excel：/home/runner/work/stock-monitor-cloud/stock-monitor-cloud/data/CROSS/EXCLE/QCOM_1_20260827.xlsx，记录 9/30 个交易日。
2026-09-11 09:47:35,250 [INFO] 已更新 QSI_1 跟踪 Excel：/home/runner/work/stock-monitor-cloud/stock-monitor-cloud/data/CROSS/EXCLE/QSI_1_20260821.xlsx，记录 13/30 个交易日。
2026-09-11 09:47:35,497 [INFO] 已更新 SMR_1 跟踪 Excel：/home/runner/work/stock-monitor-cloud/stock-monitor-cloud/data/CROSS/EXCLE/SMR_1_20260825.xlsx，记录 11/30 个交易日。
2026-09-11 09:47:35,811 [INFO] 已更新 SNDK_1 跟踪 Excel：/home/runner/work/stock-monitor-cloud/stock-monitor-cloud/data/CROSS/EXCLE/SNDK_1_20260904.xlsx，记录 3/30 个交易日。
2026-09-14 09:12:46,493 [INFO] 开始扫描 61 只股票，正式交易日：2026-09-11
2026-09-14 09:12:46,493 [INFO] [1/61] NOK
2026-09-14 09:12:46,955 [INFO] [2/61] XE
2026-09-14 09:12:47,108 [INFO] XE 综合评分为 8.0，低于60分，不触发且不搜索新闻。
2026-09-14 09:12:47,309 [INFO] [3/61] RKLB
2026-09-14 09:12:47,549 [INFO] RKLB 综合评分为 7.0，低于60分，不触发且不搜索新闻。
2026-09-14 09:12:47,750 [INFO] [4/61] NBIS
2026-09-14 09:12:47,862 [INFO] NBIS 综合评分为 26.0，低于60分，不触发且不搜索新闻。
2026-09-14 09:12:48,062 [INFO] [5/61] ARM
2026-09-14 09:12:48,184 [INFO] ARM 综合评分为 41.0，低于60分，不触发且不搜索新闻。
2026-09-14 09:12:48,385 [INFO] [6/61] OPTX
2026-09-14 09:12:48,491 [INFO] OPTX 综合评分为 3.0，低于60分，不触发且不搜索新闻。
2026-09-14 09:12:48,691 [INFO] [7/61] GLW
2026-09-14 09:12:49,049 [INFO] GLW 综合评分为 58.0，低于60分，不触发且不搜索新闻。
2026-09-14 09:12:49,250 [INFO] [8/61] COHR
2026-09-14 09:12:49,357 [INFO] COHR 综合评分为 59.0，低于60分，不触发且不搜索新闻。
2026-09-14 09:12:49,557 [INFO] [9/61] LITE
2026-09-14 09:12:49,664 [INFO] LITE 综合评分为 29.0，低于60分，不触发且不搜索新闻。
2026-09-14 09:12:49,865 [INFO] [10/61] MRVL
2026-09-14 09:12:50,210 [INFO] [11/61] INTC
2026-09-14 09:12:50,399 [INFO] INTC 综合评分为 47.0，低于60分，不触发且不搜索新闻。
2026-09-14 09:12:50,600 [INFO] [12/61] ALAB
2026-09-14 09:12:50,803 [INFO] ALAB 综合评分为 34.0，低于60分，不触发且不搜索新闻。
2026-09-14 09:12:51,004 [INFO] [13/61] FLNC
2026-09-14 09:12:51,160 [INFO] FLNC 综合评分为 10.0，低于60分，不触发且不搜索新闻。
2026-09-14 09:12:51,360 [INFO] [14/61] CRWV
2026-09-14 09:12:51,523 [INFO] CRWV 综合评分为 21.0，低于60分，不触发且不搜索新闻。
2026-09-14 09:12:51,724 [INFO] [15/61] ORCL
2026-09-14 09:12:51,880 [INFO] ORCL 综合评分为 38.0，低于60分，不触发且不搜索新闻。
2026-09-14 09:12:52,081 [INFO] [16/61] NVTS
2026-09-14 09:12:52,244 [INFO] NVTS 综合评分为 37.0，低于60分，不触发且不搜索新闻。
2026-09-14 09:12:52,444 [INFO] [17/61] POET
2026-09-14 09:12:52,660 [INFO] POET 综合评分为 38.0，低于60分，不触发且不搜索新闻。
2026-09-14 09:12:52,861 [INFO] [18/61] DELL
2026-09-14 09:12:53,230 [INFO] [19/61] BB
2026-09-14 09:12:53,475 [INFO] BB 综合评分为 5.0，低于60分，不触发且不搜索新闻。
2026-09-14 09:12:53,675 [INFO] [20/61] ONDS
2026-09-14 09:12:53,781 [INFO] ONDS 综合评分为 8.0，低于60分，不触发且不搜索新闻。
2026-09-14 09:12:53,982 [INFO] [21/61] SMR
2026-09-14 09:12:54,189 [INFO] SMR 综合评分为 25.0，低于60分，不触发且不搜索新闻。
2026-09-14 09:12:54,389 [INFO] [22/61] OKLO
2026-09-14 09:12:54,495 [INFO] OKLO 综合评分为 21.0，低于60分，不触发且不搜索新闻。
2026-09-14 09:12:54,695 [INFO] [23/61] IONQ
2026-09-14 09:12:54,816 [INFO] IONQ 综合评分为 0.0，低于60分，不触发且不搜索新闻。
2026-09-14 09:12:55,017 [INFO] [24/61] QBTS
2026-09-14 09:12:55,269 [INFO] QBTS 综合评分为 8.0，低于60分，不触发且不搜索新闻。
2026-09-14 09:12:55,470 [INFO] [25/61] NVDA
2026-09-14 09:12:55,744 [INFO] NVDA 综合评分为 20.0，低于60分，不触发且不搜索新闻。
2026-09-14 09:12:55,944 [INFO] [26/61] AMZN
2026-09-14 09:12:56,110 [INFO] AMZN 综合评分为 38.0，低于60分，不触发且不搜索新闻。
2026-09-14 09:12:56,310 [INFO] [27/61] AMD
2026-09-14 09:12:56,568 [INFO] AMD 综合评分为 58.0，低于60分，不触发且不搜索新闻。
2026-09-14 09:12:56,768 [INFO] [28/61] CRCL
2026-09-14 09:12:56,869 [INFO] CRCL 综合评分为 33.0，低于60分，不触发且不搜索新闻。
2026-09-14 09:12:57,069 [INFO] [29/61] FLY
2026-09-14 09:12:57,177 [INFO] FLY 综合评分为 15.0，低于60分，不触发且不搜索新闻。
2026-09-14 09:12:57,378 [INFO] [30/61] CBRS
2026-09-14 09:12:57,564 [INFO] CBRS 综合评分为 21.0，低于60分，不触发且不搜索新闻。
2026-09-14 09:12:57,764 [INFO] [31/61] CIEN
2026-09-14 09:12:57,882 [INFO] CIEN 综合评分为 10.0，低于60分，不触发且不搜索新闻。
2026-09-14 09:12:58,082 [INFO] [32/61] SIVEF
2026-09-14 09:12:58,183 [INFO] SIVEF 综合评分为 35.0，低于60分，不触发且不搜索新闻。
2026-09-14 09:12:58,384 [INFO] [33/61] SHAZ
2026-09-14 09:12:58,489 [INFO] SHAZ 综合评分为 57.0，低于60分，不触发且不搜索新闻。
2026-09-14 09:12:58,690 [INFO] [34/61] LUNR
2026-09-14 09:12:58,803 [INFO] LUNR 综合评分为 0.0，低于60分，不触发且不搜索新闻。
2026-09-14 09:12:59,003 [INFO] [35/61] ASTS
2026-09-14 09:12:59,268 [INFO] ASTS 综合评分为 5.0，低于60分，不触发且不搜索新闻。
2026-09-14 09:12:59,469 [INFO] [36/61] AAOI
2026-09-14 09:12:59,725 [INFO] AAOI 综合评分为 13.0，低于60分，不触发且不搜索新闻。
2026-09-14 09:12:59,926 [INFO] [37/61] INOD
2026-09-14 09:13:00,032 [INFO] INOD 综合评分为 3.0，低于60分，不触发且不搜索新闻。
2026-09-14 09:13:00,232 [INFO] [38/61] SPCX
2026-09-14 09:13:00,763 [WARNING] SPCX 历史行情不足：63 行
2026-09-14 09:13:00,763 [INFO] SPCX 综合评分为 0.0，低于60分，不触发且不搜索新闻。
2026-09-14 09:13:00,963 [INFO] [39/61] RDW
2026-09-14 09:13:01,457 [INFO] RDW 综合评分为 18.0，低于60分，不触发且不搜索新闻。
2026-09-14 09:13:01,657 [INFO] [40/61] QCOM
2026-09-14 09:13:02,445 [INFO] [41/61] COIN
2026-09-14 09:13:03,031 [INFO] COIN 综合评分为 34.0，低于60分，不触发且不搜索新闻。
2026-09-14 09:13:03,232 [INFO] [42/61] CORZ
2026-09-14 09:13:03,646 [INFO] CORZ 综合评分为 32.0，低于60分，不触发且不搜索新闻。
2026-09-14 09:13:03,846 [INFO] [43/61] IREN
2026-09-14 09:13:04,308 [INFO] IREN 综合评分为 51.0，低于60分，不触发且不搜索新闻。
2026-09-14 09:13:04,509 [INFO] [44/61] VELO
2026-09-14 09:13:04,946 [INFO] VELO 综合评分为 0.0，低于60分，不触发且不搜索新闻。
2026-09-14 09:13:05,146 [INFO] [45/61] MSFT
2026-09-14 09:13:05,701 [INFO] MSFT 综合评分为 39.0，低于60分，不触发且不搜索新闻。
2026-09-14 09:13:05,902 [INFO] [46/61] GOOG
2026-09-14 09:13:06,418 [INFO] GOOG 综合评分为 43.0，低于60分，不触发且不搜索新闻。
2026-09-14 09:13:06,618 [INFO] [47/61] AVGO
2026-09-14 09:13:07,252 [INFO] AVGO 综合评分为 35.0，低于60分，不触发且不搜索新闻。
2026-09-14 09:13:07,452 [INFO] [48/61] AMAT
2026-09-14 09:13:08,035 [INFO] AMAT 综合评分为 23.0，低于60分，不触发且不搜索新闻。
2026-09-14 09:13:08,236 [INFO] [49/61] AMKR
2026-09-14 09:13:08,737 [INFO] AMKR 综合评分为 46.0，低于60分，不触发且不搜索新闻。
2026-09-14 09:13:08,937 [INFO] [50/61] LRCX
2026-09-14 09:13:09,605 [INFO] LRCX 综合评分为 22.0，低于60分，不触发且不搜索新闻。
2026-09-14 09:13:09,805 [INFO] [51/61] SNDK
2026-09-14 09:13:10,206 [INFO] SNDK 综合评分为 29.0，低于60分，不触发且不搜索新闻。
2026-09-14 09:13:10,406 [INFO] [52/61] MU
2026-09-14 09:13:10,884 [INFO] MU 综合评分为 29.0，低于60分，不触发且不搜索新闻。
2026-09-14 09:13:11,084 [INFO] [53/61] VICR
2026-09-14 09:13:11,704 [INFO] VICR 综合评分为 32.0，低于60分，不触发且不搜索新闻。
2026-09-14 09:13:11,905 [INFO] [54/61] NNE
2026-09-14 09:13:12,405 [INFO] NNE 综合评分为 17.0，低于60分，不触发且不搜索新闻。
2026-09-14 09:13:12,605 [INFO] [55/61] CCJ
2026-09-14 09:13:13,142 [INFO] CCJ 综合评分为 20.0，低于60分，不触发且不搜索新闻。
2026-09-14 09:13:13,343 [INFO] [56/61] BWAY
2026-09-14 09:13:13,770 [INFO] BWAY 综合评分为 3.0，低于60分，不触发且不搜索新闻。
2026-09-14 09:13:13,970 [INFO] [57/61] MANE
2026-09-14 09:13:14,556 [INFO] MANE 综合评分为 28.0，低于60分，不触发且不搜索新闻。
2026-09-14 09:13:14,756 [INFO] [58/61] QSI
2026-09-14 09:13:15,223 [INFO] QSI 综合评分为 19.0，低于60分，不触发且不搜索新闻。
2026-09-14 09:13:15,423 [INFO] [59/61] CRSP
2026-09-14 09:13:15,923 [INFO] CRSP 综合评分为 0.0，低于60分，不触发且不搜索新闻。
2026-09-14 09:13:16,124 [INFO] [60/61] IBRX
2026-09-14 09:13:16,856 [INFO] IBRX 综合评分为 36.0，低于60分，不触发且不搜索新闻。
2026-09-14 09:13:17,057 [INFO] [61/61] INSP
2026-09-14 09:13:17,773 [INFO] INSP 达到 85.0 分，开始搜索新闻。
2026-09-14 09:13:18,437 [INFO] MRVL 达到 74.0 分，开始搜索新闻。
2026-09-14 09:13:19,051 [INFO] QCOM 达到 73.0 分，开始搜索新闻。
2026-09-14 09:13:19,683 [INFO] DELL 达到 69.0 分，开始搜索新闻。
2026-09-14 09:13:20,302 [INFO] NOK 达到 66.0 分，开始搜索新闻。
2026-09-14 09:13:21,010 [INFO] 已写入 CROSS.txt：INSP（4）, MRVL（5）, QCOM（3）, DELL（3）, NOK
2026-09-14 09:13:21,011 [INFO] 未配置 Google Sheets 授权，已跳过云端表格写入。可设置环境变量 GOOGLE_SERVICE_ACCOUNT_JSON，或把服务账号 JSON 放到：/home/runner/work/stock-monitor-cloud/stock-monitor-cloud/data/CROSS/google_service_account.json
2026-09-14 09:13:21,172 [INFO] 已更新 ALAB_1 跟踪 Excel：/home/runner/work/stock-monitor-cloud/stock-monitor-cloud/data/CROSS/EXCLE/ALAB_1_20260904.xlsx，记录 5/30 个交易日。
2026-09-14 09:13:21,329 [INFO] 已更新 AMD_1 跟踪 Excel：/home/runner/work/stock-monitor-cloud/stock-monitor-cloud/data/CROSS/EXCLE/AMD_1_20260904.xlsx，记录 5/30 个交易日。
2026-09-14 09:13:21,411 [INFO] 已更新 AMZN_1 跟踪 Excel：/home/runner/work/stock-monitor-cloud/stock-monitor-cloud/data/CROSS/EXCLE/AMZN_1_20260828.xlsx，记录 10/30 个交易日。
2026-09-14 09:13:21,544 [INFO] 已更新 CCJ_1 跟踪 Excel：/home/runner/work/stock-monitor-cloud/stock-monitor-cloud/data/CROSS/EXCLE/CCJ_1_20260821.xlsx，记录 15/30 个交易日。
2026-09-14 09:13:21,624 [INFO] 已更新 COIN_1 跟踪 Excel：/home/runner/work/stock-monitor-cloud/stock-monitor-cloud/data/CROSS/EXCLE/COIN_1_20260819.xlsx，记录 17/30 个交易日。
2026-09-14 09:13:21,695 [INFO] 已更新 CRCL_1 跟踪 Excel：/home/runner/work/stock-monitor-cloud/stock-monitor-cloud/data/CROSS/EXCLE/CRCL_1_20260819.xlsx，记录 17/30 个交易日。
2026-09-14 09:13:21,824 [INFO] 已更新 CRSP_1 跟踪 Excel：/home/runner/work/stock-monitor-cloud/stock-monitor-cloud/data/CROSS/EXCLE/CRSP_1_20260819.xlsx，记录 17/30 个交易日。
2026-09-14 09:13:21,964 [INFO] 已更新 DELL_1 跟踪 Excel：/home/runner/work/stock-monitor-cloud/stock-monitor-cloud/data/CROSS/EXCLE/DELL_1_20260827.xlsx，记录 11/30 个交易日。
2026-09-14 09:13:22,262 [INFO] 已更新 ERAS_1 跟踪 Excel：/home/runner/work/stock-monitor-cloud/stock-monitor-cloud/data/CROSS/EXCLE/ERAS_1_20260826.xlsx，记录 12/30 个交易日。
2026-09-14 09:13:22,386 [INFO] 已更新 GLW_1 跟踪 Excel：/home/runner/work/stock-monitor-cloud/stock-monitor-cloud/data/CROSS/EXCLE/GLW_1_20260904.xlsx，记录 5/30 个交易日。
2026-09-14 09:13:22,473 [INFO] 已更新 IBRX_1 跟踪 Excel：/home/runner/work/stock-monitor-cloud/stock-monitor-cloud/data/CROSS/EXCLE/IBRX_1_20260819.xlsx，记录 17/30 个交易日。
2026-09-14 09:13:22,573 [INFO] 已更新 INSP_1 跟踪 Excel：/home/runner/work/stock-monitor-cloud/stock-monitor-cloud/data/CROSS/EXCLE/INSP_1_20260819.xlsx，记录 17/30 个交易日。
2026-09-14 09:13:22,727 [INFO] 已更新 IREN_1 跟踪 Excel：/home/runner/work/stock-monitor-cloud/stock-monitor-cloud/data/CROSS/EXCLE/IREN_1_20260904.xlsx，记录 5/30 个交易日。
2026-09-14 09:13:22,805 [INFO] 已更新 LITE_1 跟踪 Excel：/home/runner/work/stock-monitor-cloud/stock-monitor-cloud/data/CROSS/EXCLE/LITE_1_20260825.xlsx，记录 13/30 个交易日。
2026-09-14 09:13:22,916 [INFO] 已更新 MRVL_1 跟踪 Excel：/home/runner/work/stock-monitor-cloud/stock-monitor-cloud/data/CROSS/EXCLE/MRVL_1_20260819.xlsx，记录 17/30 个交易日。
2026-09-14 09:13:23,225 [INFO] 已更新 MSFT_1 跟踪 Excel：/home/runner/work/stock-monitor-cloud/stock-monitor-cloud/data/CROSS/EXCLE/MSFT_1_20260826.xlsx，记录 12/30 个交易日。
2026-09-14 09:13:23,375 [INFO] 已更新 MU_1 跟踪 Excel：/home/runner/work/stock-monitor-cloud/stock-monitor-cloud/data/CROSS/EXCLE/MU_1_20260831.xlsx，记录 9/30 个交易日。
2026-09-14 09:13:23,458 [INFO] 已更新 NNE_1 跟踪 Excel：/home/runner/work/stock-monitor-cloud/stock-monitor-cloud/data/CROSS/EXCLE/NNE_1_20260827.xlsx，记录 11/30 个交易日。
2026-09-14 09:13:23,580 [INFO] 已更新 NOK_1 跟踪 Excel：/home/runner/work/stock-monitor-cloud/stock-monitor-cloud/data/CROSS/EXCLE/NOK_1_20260911.xlsx，记录 1/30 个交易日。
2026-09-14 09:13:23,671 [INFO] 已更新 NVDA_1 跟踪 Excel：/home/runner/work/stock-monitor-cloud/stock-monitor-cloud/data/CROSS/EXCLE/NVDA_1_20260827.xlsx，记录 11/30 个交易日。
2026-09-14 09:13:23,826 [INFO] 已更新 OKLO_1 跟踪 Excel：/home/runner/work/stock-monitor-cloud/stock-monitor-cloud/data/CROSS/EXCLE/OKLO_1_20260825.xlsx，记录 13/30 个交易日。
2026-09-14 09:13:24,002 [INFO] 已更新 ORCL_1 跟踪 Excel：/home/runner/work/stock-monitor-cloud/stock-monitor-cloud/data/CROSS/EXCLE/ORCL_1_20260826.xlsx，记录 12/30 个交易日。
2026-09-14 09:13:24,147 [INFO] 已更新 QCOM_1 跟踪 Excel：/home/runner/work/stock-monitor-cloud/stock-monitor-cloud/data/CROSS/EXCLE/QCOM_1_20260827.xlsx，记录 11/30 个交易日。
2026-09-14 09:13:24,319 [INFO] 已更新 QSI_1 跟踪 Excel：/home/runner/work/stock-monitor-cloud/stock-monitor-cloud/data/CROSS/EXCLE/QSI_1_20260821.xlsx，记录 15/30 个交易日。
2026-09-14 09:13:24,485 [INFO] 已更新 SMR_1 跟踪 Excel：/home/runner/work/stock-monitor-cloud/stock-monitor-cloud/data/CROSS/EXCLE/SMR_1_20260825.xlsx，记录 13/30 个交易日。
2026-09-14 09:13:24,555 [INFO] 已更新 SNDK_1 跟踪 Excel：/home/runner/work/stock-monitor-cloud/stock-monitor-cloud/data/CROSS/EXCLE/SNDK_1_20260904.xlsx，记录 5/30 个交易日。
2026-09-14 09:13:24,555 [INFO] 报告生成完成：/home/runner/work/stock-monitor-cloud/stock-monitor-cloud/data/CROSS/强势金叉监控报告_2026-09-11.docx
2026-09-15 09:34:15,830 [INFO] 开始扫描 61 只股票，正式交易日：2026-09-14
2026-09-15 09:34:15,830 [INFO] [1/61] NOK
2026-09-15 09:34:16,234 [WARNING] NOK 数据日期滞后：最新行情日期为 2026-09-11，缺少 2026-09-14 的正式收盘数据
2026-09-15 09:34:16,234 [INFO] NOK 综合评分为 0.0，低于60分，不触发且不搜索新闻。
2026-09-15 09:34:16,434 [INFO] [2/61] XE
2026-09-15 09:34:17,037 [WARNING] XE 数据日期滞后：最新行情日期为 2026-09-11，缺少 2026-09-14 的正式收盘数据
2026-09-15 09:34:17,037 [INFO] XE 综合评分为 0.0，低于60分，不触发且不搜索新闻。
2026-09-15 09:34:17,237 [INFO] [3/61] RKLB
2026-09-15 09:34:17,455 [WARNING] RKLB 数据日期滞后：最新行情日期为 2026-09-11，缺少 2026-09-14 的正式收盘数据
2026-09-15 09:34:17,455 [INFO] RKLB 综合评分为 0.0，低于60分，不触发且不搜索新闻。
2026-09-15 09:34:17,656 [INFO] [4/61] NBIS
2026-09-15 09:34:17,848 [WARNING] NBIS 数据日期滞后：最新行情日期为 2026-09-11，缺少 2026-09-14 的正式收盘数据
2026-09-15 09:34:17,849 [INFO] NBIS 综合评分为 0.0，低于60分，不触发且不搜索新闻。
2026-09-15 09:34:18,049 [INFO] [5/61] ARM
2026-09-15 09:34:18,273 [WARNING] ARM 数据日期滞后：最新行情日期为 2026-09-11，缺少 2026-09-14 的正式收盘数据
2026-09-15 09:34:18,273 [INFO] ARM 综合评分为 0.0，低于60分，不触发且不搜索新闻。
2026-09-15 09:34:18,473 [INFO] [6/61] OPTX
2026-09-15 09:34:18,725 [WARNING] OPTX 数据日期滞后：最新行情日期为 2026-09-11，缺少 2026-09-14 的正式收盘数据
2026-09-15 09:34:18,725 [INFO] OPTX 综合评分为 0.0，低于60分，不触发且不搜索新闻。
2026-09-15 09:34:18,926 [INFO] [7/61] GLW
2026-09-15 09:34:19,221 [WARNING] GLW 数据日期滞后：最新行情日期为 2026-09-11，缺少 2026-09-14 的正式收盘数据
2026-09-15 09:34:19,221 [INFO] GLW 综合评分为 0.0，低于60分，不触发且不搜索新闻。
2026-09-15 09:34:19,421 [INFO] [8/61] COHR
2026-09-15 09:34:19,646 [WARNING] COHR 数据日期滞后：最新行情日期为 2026-09-11，缺少 2026-09-14 的正式收盘数据
2026-09-15 09:34:19,646 [INFO] COHR 综合评分为 0.0，低于60分，不触发且不搜索新闻。
2026-09-15 09:34:19,846 [INFO] [9/61] LITE
2026-09-15 09:34:20,054 [WARNING] LITE 数据日期滞后：最新行情日期为 2026-09-11，缺少 2026-09-14 的正式收盘数据
2026-09-15 09:34:20,055 [INFO] LITE 综合评分为 0.0，低于60分，不触发且不搜索新闻。
2026-09-15 09:34:20,255 [INFO] [10/61] MRVL
2026-09-15 09:34:20,507 [WARNING] MRVL 数据日期滞后：最新行情日期为 2026-09-11，缺少 2026-09-14 的正式收盘数据
2026-09-15 09:34:20,508 [INFO] MRVL 综合评分为 0.0，低于60分，不触发且不搜索新闻。
2026-09-15 09:34:20,708 [INFO] [11/61] INTC
2026-09-15 09:34:20,993 [WARNING] INTC 数据日期滞后：最新行情日期为 2026-09-11，缺少 2026-09-14 的正式收盘数据
2026-09-15 09:34:20,993 [INFO] INTC 综合评分为 0.0，低于60分，不触发且不搜索新闻。
2026-09-15 09:34:21,193 [INFO] [12/61] ALAB
2026-09-15 09:34:21,396 [WARNING] ALAB 数据日期滞后：最新行情日期为 2026-09-11，缺少 2026-09-14 的正式收盘数据
2026-09-15 09:34:21,396 [INFO] ALAB 综合评分为 0.0，低于60分，不触发且不搜索新闻。
2026-09-15 09:34:21,597 [INFO] [13/61] FLNC
2026-09-15 09:34:21,816 [WARNING] FLNC 数据日期滞后：最新行情日期为 2026-09-11，缺少 2026-09-14 的正式收盘数据
2026-09-15 09:34:21,816 [INFO] FLNC 综合评分为 0.0，低于60分，不触发且不搜索新闻。
2026-09-15 09:34:22,016 [INFO] [14/61] CRWV
2026-09-15 09:34:22,298 [WARNING] CRWV 数据日期滞后：最新行情日期为 2026-09-11，缺少 2026-09-14 的正式收盘数据
2026-09-15 09:34:22,298 [INFO] CRWV 综合评分为 0.0，低于60分，不触发且不搜索新闻。
2026-09-15 09:34:22,498 [INFO] [15/61] ORCL
2026-09-15 09:34:22,730 [WARNING] ORCL 数据日期滞后：最新行情日期为 2026-09-11，缺少 2026-09-14 的正式收盘数据
2026-09-15 09:34:22,730 [INFO] ORCL 综合评分为 0.0，低于60分，不触发且不搜索新闻。
2026-09-15 09:34:22,930 [INFO] [16/61] NVTS
2026-09-15 09:34:23,208 [WARNING] NVTS 数据日期滞后：最新行情日期为 2026-09-11，缺少 2026-09-14 的正式收盘数据
2026-09-15 09:34:23,208 [INFO] NVTS 综合评分为 0.0，低于60分，不触发且不搜索新闻。
2026-09-15 09:34:23,408 [INFO] [17/61] POET
2026-09-15 09:34:23,603 [WARNING] POET 数据日期滞后：最新行情日期为 2026-09-11，缺少 2026-09-14 的正式收盘数据
2026-09-15 09:34:23,603 [INFO] POET 综合评分为 0.0，低于60分，不触发且不搜索新闻。
2026-09-15 09:34:23,803 [INFO] [18/61] DELL
2026-09-15 09:34:24,039 [WARNING] DELL 数据日期滞后：最新行情日期为 2026-09-11，缺少 2026-09-14 的正式收盘数据
2026-09-15 09:34:24,039 [INFO] DELL 综合评分为 0.0，低于60分，不触发且不搜索新闻。
2026-09-15 09:34:24,239 [INFO] [19/61] BB
2026-09-15 09:34:24,434 [WARNING] BB 数据日期滞后：最新行情日期为 2026-09-11，缺少 2026-09-14 的正式收盘数据
2026-09-15 09:34:24,434 [INFO] BB 综合评分为 0.0，低于60分，不触发且不搜索新闻。
2026-09-15 09:34:24,634 [INFO] [20/61] ONDS
2026-09-15 09:34:24,894 [WARNING] ONDS 数据日期滞后：最新行情日期为 2026-09-11，缺少 2026-09-14 的正式收盘数据
2026-09-15 09:34:24,894 [INFO] ONDS 综合评分为 0.0，低于60分，不触发且不搜索新闻。
2026-09-15 09:34:25,095 [INFO] [21/61] SMR
2026-09-15 09:34:25,351 [WARNING] SMR 数据日期滞后：最新行情日期为 2026-09-11，缺少 2026-09-14 的正式收盘数据
2026-09-15 09:34:25,351 [INFO] SMR 综合评分为 0.0，低于60分，不触发且不搜索新闻。
2026-09-15 09:34:25,551 [INFO] [22/61] OKLO
2026-09-15 09:34:25,792 [WARNING] OKLO 数据日期滞后：最新行情日期为 2026-09-11，缺少 2026-09-14 的正式收盘数据
2026-09-15 09:34:25,792 [INFO] OKLO 综合评分为 0.0，低于60分，不触发且不搜索新闻。
2026-09-15 09:34:25,992 [INFO] [23/61] IONQ
2026-09-15 09:34:26,207 [WARNING] IONQ 数据日期滞后：最新行情日期为 2026-09-11，缺少 2026-09-14 的正式收盘数据
2026-09-15 09:34:26,207 [INFO] IONQ 综合评分为 0.0，低于60分，不触发且不搜索新闻。
2026-09-15 09:34:26,407 [INFO] [24/61] QBTS
2026-09-15 09:34:26,633 [WARNING] QBTS 数据日期滞后：最新行情日期为 2026-09-11，缺少 2026-09-14 的正式收盘数据
2026-09-15 09:34:26,633 [INFO] QBTS 综合评分为 0.0，低于60分，不触发且不搜索新闻。
2026-09-15 09:34:26,833 [INFO] [25/61] NVDA
2026-09-15 09:34:27,075 [WARNING] NVDA 数据日期滞后：最新行情日期为 2026-09-11，缺少 2026-09-14 的正式收盘数据
2026-09-15 09:34:27,075 [INFO] NVDA 综合评分为 0.0，低于60分，不触发且不搜索新闻。
2026-09-15 09:34:27,275 [INFO] [26/61] AMZN
2026-09-15 09:34:27,466 [WARNING] AMZN 数据日期滞后：最新行情日期为 2026-09-11，缺少 2026-09-14 的正式收盘数据
2026-09-15 09:34:27,466 [INFO] AMZN 综合评分为 0.0，低于60分，不触发且不搜索新闻。
2026-09-15 09:34:27,666 [INFO] [27/61] AMD
2026-09-15 09:34:27,872 [WARNING] AMD 数据日期滞后：最新行情日期为 2026-09-11，缺少 2026-09-14 的正式收盘数据
2026-09-15 09:34:27,872 [INFO] AMD 综合评分为 0.0，低于60分，不触发且不搜索新闻。
2026-09-15 09:34:28,072 [INFO] [28/61] CRCL
2026-09-15 09:34:28,260 [WARNING] CRCL 数据日期滞后：最新行情日期为 2026-09-11，缺少 2026-09-14 的正式收盘数据
2026-09-15 09:34:28,260 [INFO] CRCL 综合评分为 0.0，低于60分，不触发且不搜索新闻。
2026-09-15 09:34:28,460 [INFO] [29/61] FLY
2026-09-15 09:34:28,656 [WARNING] FLY 数据日期滞后：最新行情日期为 2026-09-11，缺少 2026-09-14 的正式收盘数据
2026-09-15 09:34:28,656 [INFO] FLY 综合评分为 0.0，低于60分，不触发且不搜索新闻。
2026-09-15 09:34:28,856 [INFO] [30/61] CBRS
2026-09-15 09:34:29,044 [WARNING] CBRS 数据日期滞后：最新行情日期为 2026-09-11，缺少 2026-09-14 的正式收盘数据
2026-09-15 09:34:29,044 [INFO] CBRS 综合评分为 0.0，低于60分，不触发且不搜索新闻。
2026-09-15 09:34:29,245 [INFO] [31/61] CIEN
2026-09-15 09:34:29,471 [WARNING] CIEN 数据日期滞后：最新行情日期为 2026-09-11，缺少 2026-09-14 的正式收盘数据
2026-09-15 09:34:29,471 [INFO] CIEN 综合评分为 0.0，低于60分，不触发且不搜索新闻。
2026-09-15 09:34:29,671 [INFO] [32/61] SIVEF
2026-09-15 09:34:29,860 [INFO] SIVEF 综合评分为 13.0，低于60分，不触发且不搜索新闻。
2026-09-15 09:34:30,061 [INFO] [33/61] SHAZ
2026-09-15 09:34:30,248 [WARNING] SHAZ 数据日期滞后：最新行情日期为 2026-09-11，缺少 2026-09-14 的正式收盘数据
2026-09-15 09:34:30,248 [INFO] SHAZ 综合评分为 0.0，低于60分，不触发且不搜索新闻。
2026-09-15 09:34:30,448 [INFO] [34/61] LUNR
2026-09-15 09:34:30,653 [WARNING] LUNR 数据日期滞后：最新行情日期为 2026-09-11，缺少 2026-09-14 的正式收盘数据
2026-09-15 09:34:30,653 [INFO] LUNR 综合评分为 0.0，低于60分，不触发且不搜索新闻。
2026-09-15 09:34:30,853 [INFO] [35/61] ASTS
2026-09-15 09:34:31,146 [WARNING] ASTS 数据日期滞后：最新行情日期为 2026-09-11，缺少 2026-09-14 的正式收盘数据
2026-09-15 09:34:31,146 [INFO] ASTS 综合评分为 0.0，低于60分，不触发且不搜索新闻。
2026-09-15 09:34:31,346 [INFO] [36/61] AAOI
2026-09-15 09:34:31,559 [WARNING] AAOI 数据日期滞后：最新行情日期为 2026-09-11，缺少 2026-09-14 的正式收盘数据
2026-09-15 09:34:31,559 [INFO] AAOI 综合评分为 0.0，低于60分，不触发且不搜索新闻。
2026-09-15 09:34:31,759 [INFO] [37/61] INOD
2026-09-15 09:34:31,973 [WARNING] INOD 数据日期滞后：最新行情日期为 2026-09-11，缺少 2026-09-14 的正式收盘数据
2026-09-15 09:34:31,973 [INFO] INOD 综合评分为 0.0，低于60分，不触发且不搜索新闻。
2026-09-15 09:34:32,174 [INFO] [38/61] SPCX
2026-09-15 09:34:32,879 [WARNING] SPCX 历史行情不足：63 行
2026-09-15 09:34:32,880 [INFO] SPCX 综合评分为 0.0，低于60分，不触发且不搜索新闻。
2026-09-15 09:34:33,080 [INFO] [39/61] RDW
2026-09-15 09:34:33,718 [WARNING] RDW 数据日期滞后：最新行情日期为 2026-09-11，缺少 2026-09-14 的正式收盘数据
2026-09-15 09:34:33,718 [INFO] RDW 综合评分为 0.0，低于60分，不触发且不搜索新闻。
2026-09-15 09:34:33,918 [INFO] [40/61] QCOM
2026-09-15 09:34:34,653 [WARNING] QCOM 数据日期滞后：最新行情日期为 2026-09-11，缺少 2026-09-14 的正式收盘数据
2026-09-15 09:34:34,653 [INFO] QCOM 综合评分为 0.0，低于60分，不触发且不搜索新闻。
2026-09-15 09:34:34,854 [INFO] [41/61] COIN
2026-09-15 09:34:35,654 [WARNING] COIN 数据日期滞后：最新行情日期为 2026-09-11，缺少 2026-09-14 的正式收盘数据
2026-09-15 09:34:35,654 [INFO] COIN 综合评分为 0.0，低于60分，不触发且不搜索新闻。
2026-09-15 09:34:35,854 [INFO] [42/61] CORZ
2026-09-15 09:34:36,498 [WARNING] CORZ 数据日期滞后：最新行情日期为 2026-09-11，缺少 2026-09-14 的正式收盘数据
2026-09-15 09:34:36,498 [INFO] CORZ 综合评分为 0.0，低于60分，不触发且不搜索新闻。
2026-09-15 09:34:36,698 [INFO] [43/61] IREN
2026-09-15 09:34:37,435 [WARNING] IREN 数据日期滞后：最新行情日期为 2026-09-11，缺少 2026-09-14 的正式收盘数据
2026-09-15 09:34:37,435 [INFO] IREN 综合评分为 0.0，低于60分，不触发且不搜索新闻。
2026-09-15 09:34:37,635 [INFO] [44/61] VELO
2026-09-15 09:34:38,400 [WARNING] VELO 数据日期滞后：最新行情日期为 2026-09-11，缺少 2026-09-14 的正式收盘数据
2026-09-15 09:34:38,400 [INFO] VELO 综合评分为 0.0，低于60分，不触发且不搜索新闻。
2026-09-15 09:34:38,600 [INFO] [45/61] MSFT
2026-09-15 09:34:39,269 [WARNING] MSFT 数据日期滞后：最新行情日期为 2026-09-11，缺少 2026-09-14 的正式收盘数据
2026-09-15 09:34:39,269 [INFO] MSFT 综合评分为 0.0，低于60分，不触发且不搜索新闻。
2026-09-15 09:34:39,469 [INFO] [46/61] GOOG
2026-09-15 09:34:40,070 [WARNING] GOOG 数据日期滞后：最新行情日期为 2026-09-11，缺少 2026-09-14 的正式收盘数据
2026-09-15 09:34:40,071 [INFO] GOOG 综合评分为 0.0，低于60分，不触发且不搜索新闻。
2026-09-15 09:34:40,271 [INFO] [47/61] AVGO
2026-09-15 09:34:40,974 [WARNING] AVGO 数据日期滞后：最新行情日期为 2026-09-11，缺少 2026-09-14 的正式收盘数据
2026-09-15 09:34:40,974 [INFO] AVGO 综合评分为 0.0，低于60分，不触发且不搜索新闻。
2026-09-15 09:34:41,174 [INFO] [48/61] AMAT
2026-09-15 09:34:42,054 [WARNING] AMAT 数据日期滞后：最新行情日期为 2026-09-11，缺少 2026-09-14 的正式收盘数据
2026-09-15 09:34:42,054 [INFO] AMAT 综合评分为 0.0，低于60分，不触发且不搜索新闻。
2026-09-15 09:34:42,254 [INFO] [49/61] AMKR
2026-09-15 09:34:42,876 [WARNING] AMKR 数据日期滞后：最新行情日期为 2026-09-11，缺少 2026-09-14 的正式收盘数据
2026-09-15 09:34:42,876 [INFO] AMKR 综合评分为 0.0，低于60分，不触发且不搜索新闻。
2026-09-15 09:34:43,076 [INFO] [50/61] LRCX
2026-09-15 09:34:43,764 [WARNING] LRCX 数据日期滞后：最新行情日期为 2026-09-11，缺少 2026-09-14 的正式收盘数据
2026-09-15 09:34:43,764 [INFO] LRCX 综合评分为 0.0，低于60分，不触发且不搜索新闻。
2026-09-15 09:34:43,964 [INFO] [51/61] SNDK
2026-09-15 09:34:44,612 [WARNING] SNDK 数据日期滞后：最新行情日期为 2026-09-11，缺少 2026-09-14 的正式收盘数据
2026-09-15 09:34:44,612 [INFO] SNDK 综合评分为 0.0，低于60分，不触发且不搜索新闻。
2026-09-15 09:34:44,812 [INFO] [52/61] MU
2026-09-15 09:34:45,556 [WARNING] MU 数据日期滞后：最新行情日期为 2026-09-11，缺少 2026-09-14 的正式收盘数据
2026-09-15 09:34:45,556 [INFO] MU 综合评分为 0.0，低于60分，不触发且不搜索新闻。
2026-09-15 09:34:45,756 [INFO] [53/61] VICR
2026-09-15 09:34:46,508 [WARNING] VICR 数据日期滞后：最新行情日期为 2026-09-11，缺少 2026-09-14 的正式收盘数据
2026-09-15 09:34:46,509 [INFO] VICR 综合评分为 0.0，低于60分，不触发且不搜索新闻。
2026-09-15 09:34:46,709 [INFO] [54/61] NNE
2026-09-15 09:34:47,517 [WARNING] NNE 数据日期滞后：最新行情日期为 2026-09-11，缺少 2026-09-14 的正式收盘数据
2026-09-15 09:34:47,517 [INFO] NNE 综合评分为 0.0，低于60分，不触发且不搜索新闻。
2026-09-15 09:34:47,717 [INFO] [55/61] CCJ
2026-09-15 09:34:48,367 [WARNING] CCJ 数据日期滞后：最新行情日期为 2026-09-11，缺少 2026-09-14 的正式收盘数据
2026-09-15 09:34:48,367 [INFO] CCJ 综合评分为 0.0，低于60分，不触发且不搜索新闻。
2026-09-15 09:34:48,567 [INFO] [56/61] BWAY
2026-09-15 09:34:49,218 [WARNING] BWAY 数据日期滞后：最新行情日期为 2026-09-11，缺少 2026-09-14 的正式收盘数据
2026-09-15 09:34:49,218 [INFO] BWAY 综合评分为 0.0，低于60分，不触发且不搜索新闻。
2026-09-15 09:34:49,418 [INFO] [57/61] MANE
2026-09-15 09:34:50,081 [WARNING] MANE 数据日期滞后：最新行情日期为 2026-09-11，缺少 2026-09-14 的正式收盘数据
2026-09-15 09:34:50,081 [INFO] MANE 综合评分为 0.0，低于60分，不触发且不搜索新闻。
2026-09-15 09:34:50,281 [INFO] [58/61] QSI
2026-09-15 09:34:50,958 [WARNING] QSI 数据日期滞后：最新行情日期为 2026-09-11，缺少 2026-09-14 的正式收盘数据
2026-09-15 09:34:50,958 [INFO] QSI 综合评分为 0.0，低于60分，不触发且不搜索新闻。
2026-09-15 09:34:51,158 [INFO] [59/61] CRSP
2026-09-15 09:34:52,166 [WARNING] CRSP 数据日期滞后：最新行情日期为 2026-09-11，缺少 2026-09-14 的正式收盘数据
2026-09-15 09:34:52,166 [INFO] CRSP 综合评分为 0.0，低于60分，不触发且不搜索新闻。
2026-09-15 09:34:52,366 [INFO] [60/61] IBRX
2026-09-15 09:34:53,007 [WARNING] IBRX 数据日期滞后：最新行情日期为 2026-09-11，缺少 2026-09-14 的正式收盘数据
2026-09-15 09:34:53,007 [INFO] IBRX 综合评分为 0.0，低于60分，不触发且不搜索新闻。
2026-09-15 09:34:53,208 [INFO] [61/61] INSP
2026-09-15 09:34:53,872 [WARNING] INSP 数据日期滞后：最新行情日期为 2026-09-11，缺少 2026-09-14 的正式收盘数据
2026-09-15 09:34:53,872 [INFO] INSP 综合评分为 0.0，低于60分，不触发且不搜索新闻。
2026-09-15 09:34:54,250 [INFO] 已更新 ALAB_1 跟踪 Excel：/home/runner/work/stock-monitor-cloud/stock-monitor-cloud/data/CROSS/EXCLE/ALAB_1_20260904.xlsx，记录 5/30 个交易日。
2026-09-15 09:34:54,411 [INFO] 已更新 AMD_1 跟踪 Excel：/home/runner/work/stock-monitor-cloud/stock-monitor-cloud/data/CROSS/EXCLE/AMD_1_20260904.xlsx，记录 5/30 个交易日。
2026-09-15 09:34:54,562 [INFO] 已更新 AMZN_1 跟踪 Excel：/home/runner/work/stock-monitor-cloud/stock-monitor-cloud/data/CROSS/EXCLE/AMZN_1_20260828.xlsx，记录 10/30 个交易日。
2026-09-15 09:34:54,731 [INFO] 已更新 CCJ_1 跟踪 Excel：/home/runner/work/stock-monitor-cloud/stock-monitor-cloud/data/CROSS/EXCLE/CCJ_1_20260821.xlsx，记录 15/30 个交易日。
2026-09-15 09:34:54,890 [INFO] 已更新 COIN_1 跟踪 Excel：/home/runner/work/stock-monitor-cloud/stock-monitor-cloud/data/CROSS/EXCLE/COIN_1_20260819.xlsx，记录 17/30 个交易日。
2026-09-15 09:34:55,016 [INFO] 已更新 CRCL_1 跟踪 Excel：/home/runner/work/stock-monitor-cloud/stock-monitor-cloud/data/CROSS/EXCLE/CRCL_1_20260819.xlsx，记录 17/30 个交易日。
2026-09-15 09:34:55,557 [INFO] 已更新 CRSP_1 跟踪 Excel：/home/runner/work/stock-monitor-cloud/stock-monitor-cloud/data/CROSS/EXCLE/CRSP_1_20260819.xlsx，记录 17/30 个交易日。
2026-09-15 09:34:55,785 [INFO] 已更新 DELL_1 跟踪 Excel：/home/runner/work/stock-monitor-cloud/stock-monitor-cloud/data/CROSS/EXCLE/DELL_1_20260827.xlsx，记录 11/30 个交易日。
2026-09-15 09:34:56,005 [INFO] 已更新 ERAS_1 跟踪 Excel：/home/runner/work/stock-monitor-cloud/stock-monitor-cloud/data/CROSS/EXCLE/ERAS_1_20260826.xlsx，记录 12/30 个交易日。
2026-09-15 09:34:56,197 [INFO] 已更新 GLW_1 跟踪 Excel：/home/runner/work/stock-monitor-cloud/stock-monitor-cloud/data/CROSS/EXCLE/GLW_1_20260904.xlsx，记录 5/30 个交易日。
2026-09-15 09:34:56,374 [INFO] 已更新 IBRX_1 跟踪 Excel：/home/runner/work/stock-monitor-cloud/stock-monitor-cloud/data/CROSS/EXCLE/IBRX_1_20260819.xlsx，记录 17/30 个交易日。
2026-09-15 09:34:56,518 [INFO] 已更新 INSP_1 跟踪 Excel：/home/runner/work/stock-monitor-cloud/stock-monitor-cloud/data/CROSS/EXCLE/INSP_1_20260819.xlsx，记录 17/30 个交易日。
2026-09-15 09:34:56,656 [INFO] 已更新 IREN_1 跟踪 Excel：/home/runner/work/stock-monitor-cloud/stock-monitor-cloud/data/CROSS/EXCLE/IREN_1_20260904.xlsx，记录 5/30 个交易日。
2026-09-15 09:34:56,811 [INFO] 已更新 LITE_1 跟踪 Excel：/home/runner/work/stock-monitor-cloud/stock-monitor-cloud/data/CROSS/EXCLE/LITE_1_20260825.xlsx，记录 13/30 个交易日。
2026-09-15 09:34:56,989 [INFO] 已更新 MRVL_1 跟踪 Excel：/home/runner/work/stock-monitor-cloud/stock-monitor-cloud/data/CROSS/EXCLE/MRVL_1_20260819.xlsx，记录 17/30 个交易日。
2026-09-15 09:34:57,168 [INFO] 已更新 MSFT_1 跟踪 Excel：/home/runner/work/stock-monitor-cloud/stock-monitor-cloud/data/CROSS/EXCLE/MSFT_1_20260826.xlsx，记录 12/30 个交易日。
2026-09-15 09:34:57,353 [INFO] 已更新 MU_1 跟踪 Excel：/home/runner/work/stock-monitor-cloud/stock-monitor-cloud/data/CROSS/EXCLE/MU_1_20260831.xlsx，记录 9/30 个交易日。
2026-09-15 09:34:57,482 [INFO] 已更新 NNE_1 跟踪 Excel：/home/runner/work/stock-monitor-cloud/stock-monitor-cloud/data/CROSS/EXCLE/NNE_1_20260827.xlsx，记录 11/30 个交易日。
2026-09-15 09:34:57,643 [INFO] 已更新 NOK_1 跟踪 Excel：/home/runner/work/stock-monitor-cloud/stock-monitor-cloud/data/CROSS/EXCLE/NOK_1_20260911.xlsx，记录 1/30 个交易日。
2026-09-15 09:34:57,799 [INFO] 已更新 NVDA_1 跟踪 Excel：/home/runner/work/stock-monitor-cloud/stock-monitor-cloud/data/CROSS/EXCLE/NVDA_1_20260827.xlsx，记录 11/30 个交易日。
2026-09-15 09:34:57,941 [INFO] 已更新 OKLO_1 跟踪 Excel：/home/runner/work/stock-monitor-cloud/stock-monitor-cloud/data/CROSS/EXCLE/OKLO_1_20260825.xlsx，记录 13/30 个交易日。
2026-09-15 09:34:58,110 [INFO] 已更新 ORCL_1 跟踪 Excel：/home/runner/work/stock-monitor-cloud/stock-monitor-cloud/data/CROSS/EXCLE/ORCL_1_20260826.xlsx，记录 12/30 个交易日。
2026-09-15 09:34:58,310 [INFO] 已更新 QCOM_1 跟踪 Excel：/home/runner/work/stock-monitor-cloud/stock-monitor-cloud/data/CROSS/EXCLE/QCOM_1_20260827.xlsx，记录 11/30 个交易日。
2026-09-15 09:34:58,438 [INFO] 已更新 QSI_1 跟踪 Excel：/home/runner/work/stock-monitor-cloud/stock-monitor-cloud/data/CROSS/EXCLE/QSI_1_20260821.xlsx，记录 15/30 个交易日。
2026-09-15 09:34:58,560 [INFO] 已更新 SMR_1 跟踪 Excel：/home/runner/work/stock-monitor-cloud/stock-monitor-cloud/data/CROSS/EXCLE/SMR_1_20260825.xlsx，记录 13/30 个交易日。
2026-09-15 09:34:58,717 [INFO] 已更新 SNDK_1 跟踪 Excel：/home/runner/work/stock-monitor-cloud/stock-monitor-cloud/data/CROSS/EXCLE/SNDK_1_20260904.xlsx，记录 5/30 个交易日。
2026-09-15 09:34:58,717 [INFO] 报告生成完成：/home/runner/work/stock-monitor-cloud/stock-monitor-cloud/data/CROSS/强势金叉监控报告_2026-09-14.docx
2026-09-15 10:21:42,301 [INFO] 报告已存在，未覆盖：/home/runner/work/stock-monitor-cloud/stock-monitor-cloud/data/CROSS/强势金叉监控报告_2026-09-14.docx。若需覆盖请使用 --force
2026-09-15 10:21:42,485 [INFO] 已更新 ALAB_1 跟踪 Excel：/home/runner/work/stock-monitor-cloud/stock-monitor-cloud/data/CROSS/EXCLE/ALAB_1_20260904.xlsx，记录 6/30 个交易日。
2026-09-15 10:21:42,700 [INFO] 已更新 AMD_1 跟踪 Excel：/home/runner/work/stock-monitor-cloud/stock-monitor-cloud/data/CROSS/EXCLE/AMD_1_20260904.xlsx，记录 6/30 个交易日。
2026-09-15 10:21:42,939 [INFO] 已更新 AMZN_1 跟踪 Excel：/home/runner/work/stock-monitor-cloud/stock-monitor-cloud/data/CROSS/EXCLE/AMZN_1_20260828.xlsx，记录 11/30 个交易日。
2026-09-15 10:21:43,278 [INFO] 已更新 CCJ_1 跟踪 Excel：/home/runner/work/stock-monitor-cloud/stock-monitor-cloud/data/CROSS/EXCLE/CCJ_1_20260821.xlsx，记录 16/30 个交易日。
2026-09-15 10:21:43,430 [INFO] 已更新 COIN_1 跟踪 Excel：/home/runner/work/stock-monitor-cloud/stock-monitor-cloud/data/CROSS/EXCLE/COIN_1_20260819.xlsx，记录 18/30 个交易日。
2026-09-15 10:21:43,535 [INFO] 已更新 CRCL_1 跟踪 Excel：/home/runner/work/stock-monitor-cloud/stock-monitor-cloud/data/CROSS/EXCLE/CRCL_1_20260819.xlsx，记录 18/30 个交易日。
2026-09-15 10:21:43,734 [INFO] 已更新 CRSP_1 跟踪 Excel：/home/runner/work/stock-monitor-cloud/stock-monitor-cloud/data/CROSS/EXCLE/CRSP_1_20260819.xlsx，记录 18/30 个交易日。
2026-09-15 10:21:43,969 [INFO] 已更新 DELL_1 跟踪 Excel：/home/runner/work/stock-monitor-cloud/stock-monitor-cloud/data/CROSS/EXCLE/DELL_1_20260827.xlsx，记录 12/30 个交易日。
2026-09-15 10:21:44,071 [INFO] 已更新 ERAS_1 跟踪 Excel：/home/runner/work/stock-monitor-cloud/stock-monitor-cloud/data/CROSS/EXCLE/ERAS_1_20260826.xlsx，记录 13/30 个交易日。
2026-09-15 10:21:44,238 [INFO] 已更新 GLW_1 跟踪 Excel：/home/runner/work/stock-monitor-cloud/stock-monitor-cloud/data/CROSS/EXCLE/GLW_1_20260904.xlsx，记录 6/30 个交易日。
2026-09-15 10:21:44,440 [INFO] 已更新 IBRX_1 跟踪 Excel：/home/runner/work/stock-monitor-cloud/stock-monitor-cloud/data/CROSS/EXCLE/IBRX_1_20260819.xlsx，记录 18/30 个交易日。
2026-09-15 10:21:44,548 [INFO] 已更新 INSP_1 跟踪 Excel：/home/runner/work/stock-monitor-cloud/stock-monitor-cloud/data/CROSS/EXCLE/INSP_1_20260819.xlsx，记录 18/30 个交易日。
2026-09-15 10:21:44,812 [INFO] 已更新 IREN_1 跟踪 Excel：/home/runner/work/stock-monitor-cloud/stock-monitor-cloud/data/CROSS/EXCLE/IREN_1_20260904.xlsx，记录 6/30 个交易日。
2026-09-15 10:21:44,916 [INFO] 已更新 LITE_1 跟踪 Excel：/home/runner/work/stock-monitor-cloud/stock-monitor-cloud/data/CROSS/EXCLE/LITE_1_20260825.xlsx，记录 14/30 个交易日。
2026-09-15 10:21:45,152 [INFO] 已更新 MRVL_1 跟踪 Excel：/home/runner/work/stock-monitor-cloud/stock-monitor-cloud/data/CROSS/EXCLE/MRVL_1_20260819.xlsx，记录 18/30 个交易日。
2026-09-15 10:21:45,298 [INFO] 已更新 MSFT_1 跟踪 Excel：/home/runner/work/stock-monitor-cloud/stock-monitor-cloud/data/CROSS/EXCLE/MSFT_1_20260826.xlsx，记录 13/30 个交易日。
2026-09-15 10:21:45,465 [INFO] 已更新 MU_1 跟踪 Excel：/home/runner/work/stock-monitor-cloud/stock-monitor-cloud/data/CROSS/EXCLE/MU_1_20260831.xlsx，记录 10/30 个交易日。
2026-09-15 10:21:45,691 [INFO] 已更新 NNE_1 跟踪 Excel：/home/runner/work/stock-monitor-cloud/stock-monitor-cloud/data/CROSS/EXCLE/NNE_1_20260827.xlsx，记录 12/30 个交易日。
2026-09-15 10:21:45,844 [INFO] 已更新 NOK_1 跟踪 Excel：/home/runner/work/stock-monitor-cloud/stock-monitor-cloud/data/CROSS/EXCLE/NOK_1_20260911.xlsx，记录 2/30 个交易日。
2026-09-15 10:21:45,994 [INFO] 已更新 NVDA_1 跟踪 Excel：/home/runner/work/stock-monitor-cloud/stock-monitor-cloud/data/CROSS/EXCLE/NVDA_1_20260827.xlsx，记录 12/30 个交易日。
2026-09-15 10:21:46,223 [INFO] 已更新 OKLO_1 跟踪 Excel：/home/runner/work/stock-monitor-cloud/stock-monitor-cloud/data/CROSS/EXCLE/OKLO_1_20260825.xlsx，记录 14/30 个交易日。
2026-09-15 10:21:46,457 [INFO] 已更新 ORCL_1 跟踪 Excel：/home/runner/work/stock-monitor-cloud/stock-monitor-cloud/data/CROSS/EXCLE/ORCL_1_20260826.xlsx，记录 13/30 个交易日。
2026-09-15 10:21:46,614 [INFO] 已更新 QCOM_1 跟踪 Excel：/home/runner/work/stock-monitor-cloud/stock-monitor-cloud/data/CROSS/EXCLE/QCOM_1_20260827.xlsx，记录 12/30 个交易日。
2026-09-15 10:21:46,820 [INFO] 已更新 QSI_1 跟踪 Excel：/home/runner/work/stock-monitor-cloud/stock-monitor-cloud/data/CROSS/EXCLE/QSI_1_20260821.xlsx，记录 16/30 个交易日。
2026-09-15 10:21:47,016 [INFO] 已更新 SMR_1 跟踪 Excel：/home/runner/work/stock-monitor-cloud/stock-monitor-cloud/data/CROSS/EXCLE/SMR_1_20260825.xlsx，记录 14/30 个交易日。
2026-09-15 10:21:47,230 [INFO] 已更新 SNDK_1 跟踪 Excel：/home/runner/work/stock-monitor-cloud/stock-monitor-cloud/data/CROSS/EXCLE/SNDK_1_20260904.xlsx，记录 6/30 个交易日。
2026-09-16 09:29:27,339 [INFO] 开始扫描 61 只股票，正式交易日：2026-09-15
2026-09-16 09:29:27,339 [INFO] [1/61] NOK
2026-09-16 09:29:27,639 [WARNING] NOK 数据日期滞后：最新行情日期为 2026-09-14，缺少 2026-09-15 的正式收盘数据
2026-09-16 09:29:27,639 [INFO] NOK 综合评分为 0.0，低于60分，不触发且不搜索新闻。
2026-09-16 09:29:27,839 [INFO] [2/61] XE
2026-09-16 09:29:27,936 [WARNING] XE 数据日期滞后：最新行情日期为 2026-09-14，缺少 2026-09-15 的正式收盘数据
2026-09-16 09:29:27,936 [INFO] XE 综合评分为 0.0，低于60分，不触发且不搜索新闻。
2026-09-16 09:29:28,136 [INFO] [3/61] RKLB
2026-09-16 09:29:28,251 [WARNING] RKLB 数据日期滞后：最新行情日期为 2026-09-14，缺少 2026-09-15 的正式收盘数据
2026-09-16 09:29:28,251 [INFO] RKLB 综合评分为 0.0，低于60分，不触发且不搜索新闻。
2026-09-16 09:29:28,451 [INFO] [4/61] NBIS
2026-09-16 09:29:28,564 [WARNING] NBIS 数据日期滞后：最新行情日期为 2026-09-14，缺少 2026-09-15 的正式收盘数据
2026-09-16 09:29:28,564 [INFO] NBIS 综合评分为 0.0，低于60分，不触发且不搜索新闻。
2026-09-16 09:29:28,764 [INFO] [5/61] ARM
2026-09-16 09:29:28,955 [WARNING] ARM 数据日期滞后：最新行情日期为 2026-09-14，缺少 2026-09-15 的正式收盘数据
2026-09-16 09:29:28,955 [INFO] ARM 综合评分为 0.0，低于60分，不触发且不搜索新闻。
2026-09-16 09:29:29,155 [INFO] [6/61] OPTX
2026-09-16 09:29:29,261 [WARNING] OPTX 数据日期滞后：最新行情日期为 2026-09-14，缺少 2026-09-15 的正式收盘数据
2026-09-16 09:29:29,261 [INFO] OPTX 综合评分为 0.0，低于60分，不触发且不搜索新闻。
2026-09-16 09:29:29,462 [INFO] [7/61] GLW
2026-09-16 09:29:29,713 [WARNING] GLW 数据日期滞后：最新行情日期为 2026-09-14，缺少 2026-09-15 的正式收盘数据
2026-09-16 09:29:29,713 [INFO] GLW 综合评分为 0.0，低于60分，不触发且不搜索新闻。
2026-09-16 09:29:29,913 [INFO] [8/61] COHR
2026-09-16 09:29:30,027 [WARNING] COHR 数据日期滞后：最新行情日期为 2026-09-14，缺少 2026-09-15 的正式收盘数据
2026-09-16 09:29:30,027 [INFO] COHR 综合评分为 0.0，低于60分，不触发且不搜索新闻。
2026-09-16 09:29:30,228 [INFO] [9/61] LITE
2026-09-16 09:29:30,493 [WARNING] LITE 数据日期滞后：最新行情日期为 2026-09-14，缺少 2026-09-15 的正式收盘数据
2026-09-16 09:29:30,493 [INFO] LITE 综合评分为 0.0，低于60分，不触发且不搜索新闻。
2026-09-16 09:29:30,693 [INFO] [10/61] MRVL
2026-09-16 09:29:30,823 [WARNING] MRVL 数据日期滞后：最新行情日期为 2026-09-14，缺少 2026-09-15 的正式收盘数据
2026-09-16 09:29:30,823 [INFO] MRVL 综合评分为 0.0，低于60分，不触发且不搜索新闻。
2026-09-16 09:29:31,023 [INFO] [11/61] INTC
2026-09-16 09:29:31,191 [WARNING] INTC 数据日期滞后：最新行情日期为 2026-09-14，缺少 2026-09-15 的正式收盘数据
2026-09-16 09:29:31,191 [INFO] INTC 综合评分为 0.0，低于60分，不触发且不搜索新闻。
2026-09-16 09:29:31,391 [INFO] [12/61] ALAB
2026-09-16 09:29:31,531 [WARNING] ALAB 数据日期滞后：最新行情日期为 2026-09-14，缺少 2026-09-15 的正式收盘数据
2026-09-16 09:29:31,531 [INFO] ALAB 综合评分为 0.0，低于60分，不触发且不搜索新闻。
2026-09-16 09:29:31,731 [INFO] [13/61] FLNC
2026-09-16 09:29:31,983 [WARNING] FLNC 数据日期滞后：最新行情日期为 2026-09-14，缺少 2026-09-15 的正式收盘数据
2026-09-16 09:29:31,983 [INFO] FLNC 综合评分为 0.0，低于60分，不触发且不搜索新闻。
2026-09-16 09:29:32,183 [INFO] [14/61] CRWV
2026-09-16 09:29:32,412 [WARNING] CRWV 数据日期滞后：最新行情日期为 2026-09-14，缺少 2026-09-15 的正式收盘数据
2026-09-16 09:29:32,412 [INFO] CRWV 综合评分为 0.0，低于60分，不触发且不搜索新闻。
2026-09-16 09:29:32,612 [INFO] [15/61] ORCL
2026-09-16 09:29:32,915 [WARNING] ORCL 数据日期滞后：最新行情日期为 2026-09-14，缺少 2026-09-15 的正式收盘数据
2026-09-16 09:29:32,915 [INFO] ORCL 综合评分为 0.0，低于60分，不触发且不搜索新闻。
2026-09-16 09:29:33,115 [INFO] [16/61] NVTS
2026-09-16 09:29:33,231 [WARNING] NVTS 数据日期滞后：最新行情日期为 2026-09-14，缺少 2026-09-15 的正式收盘数据
2026-09-16 09:29:33,231 [INFO] NVTS 综合评分为 0.0，低于60分，不触发且不搜索新闻。
2026-09-16 09:29:33,432 [INFO] [17/61] POET
2026-09-16 09:29:33,675 [WARNING] POET 数据日期滞后：最新行情日期为 2026-09-14，缺少 2026-09-15 的正式收盘数据
2026-09-16 09:29:33,675 [INFO] POET 综合评分为 0.0，低于60分，不触发且不搜索新闻。
2026-09-16 09:29:33,875 [INFO] [18/61] DELL
2026-09-16 09:29:34,091 [WARNING] DELL 数据日期滞后：最新行情日期为 2026-09-14，缺少 2026-09-15 的正式收盘数据
2026-09-16 09:29:34,091 [INFO] DELL 综合评分为 0.0，低于60分，不触发且不搜索新闻。
2026-09-16 09:29:34,291 [INFO] [19/61] BB
2026-09-16 09:29:34,523 [WARNING] BB 数据日期滞后：最新行情日期为 2026-09-14，缺少 2026-09-15 的正式收盘数据
2026-09-16 09:29:34,523 [INFO] BB 综合评分为 0.0，低于60分，不触发且不搜索新闻。
2026-09-16 09:29:34,724 [INFO] [20/61] ONDS
2026-09-16 09:29:34,902 [WARNING] ONDS 数据日期滞后：最新行情日期为 2026-09-14，缺少 2026-09-15 的正式收盘数据
2026-09-16 09:29:34,902 [INFO] ONDS 综合评分为 0.0，低于60分，不触发且不搜索新闻。
2026-09-16 09:29:35,102 [INFO] [21/61] SMR
2026-09-16 09:29:35,291 [WARNING] SMR 数据日期滞后：最新行情日期为 2026-09-14，缺少 2026-09-15 的正式收盘数据
2026-09-16 09:29:35,291 [INFO] SMR 综合评分为 0.0，低于60分，不触发且不搜索新闻。
2026-09-16 09:29:35,492 [INFO] [22/61] OKLO
2026-09-16 09:29:35,655 [WARNING] OKLO 数据日期滞后：最新行情日期为 2026-09-14，缺少 2026-09-15 的正式收盘数据
2026-09-16 09:29:35,655 [INFO] OKLO 综合评分为 0.0，低于60分，不触发且不搜索新闻。
2026-09-16 09:29:35,855 [INFO] [23/61] IONQ
2026-09-16 09:29:35,963 [WARNING] IONQ 数据日期滞后：最新行情日期为 2026-09-14，缺少 2026-09-15 的正式收盘数据
2026-09-16 09:29:35,964 [INFO] IONQ 综合评分为 0.0，低于60分，不触发且不搜索新闻。
2026-09-16 09:29:36,164 [INFO] [24/61] QBTS
2026-09-16 09:29:36,322 [WARNING] QBTS 数据日期滞后：最新行情日期为 2026-09-14，缺少 2026-09-15 的正式收盘数据
2026-09-16 09:29:36,322 [INFO] QBTS 综合评分为 0.0，低于60分，不触发且不搜索新闻。
2026-09-16 09:29:36,522 [INFO] [25/61] NVDA
2026-09-16 09:29:36,669 [WARNING] NVDA 数据日期滞后：最新行情日期为 2026-09-14，缺少 2026-09-15 的正式收盘数据
2026-09-16 09:29:36,669 [INFO] NVDA 综合评分为 0.0，低于60分，不触发且不搜索新闻。
2026-09-16 09:29:36,869 [INFO] [26/61] AMZN
2026-09-16 09:29:36,972 [WARNING] AMZN 数据日期滞后：最新行情日期为 2026-09-14，缺少 2026-09-15 的正式收盘数据
2026-09-16 09:29:36,972 [INFO] AMZN 综合评分为 0.0，低于60分，不触发且不搜索新闻。
2026-09-16 09:29:37,172 [INFO] [27/61] AMD
2026-09-16 09:29:37,384 [WARNING] AMD 数据日期滞后：最新行情日期为 2026-09-14，缺少 2026-09-15 的正式收盘数据
2026-09-16 09:29:37,384 [INFO] AMD 综合评分为 0.0，低于60分，不触发且不搜索新闻。
2026-09-16 09:29:37,585 [INFO] [28/61] CRCL
2026-09-16 09:29:37,767 [WARNING] CRCL 数据日期滞后：最新行情日期为 2026-09-14，缺少 2026-09-15 的正式收盘数据
2026-09-16 09:29:37,767 [INFO] CRCL 综合评分为 0.0，低于60分，不触发且不搜索新闻。
2026-09-16 09:29:37,967 [INFO] [29/61] FLY
2026-09-16 09:29:38,070 [WARNING] FLY 数据日期滞后：最新行情日期为 2026-09-14，缺少 2026-09-15 的正式收盘数据
2026-09-16 09:29:38,070 [INFO] FLY 综合评分为 0.0，低于60分，不触发且不搜索新闻。
2026-09-16 09:29:38,270 [INFO] [30/61] CBRS
2026-09-16 09:29:38,391 [WARNING] CBRS 数据日期滞后：最新行情日期为 2026-09-14，缺少 2026-09-15 的正式收盘数据
2026-09-16 09:29:38,391 [INFO] CBRS 综合评分为 0.0，低于60分，不触发且不搜索新闻。
2026-09-16 09:29:38,591 [INFO] [31/61] CIEN
2026-09-16 09:29:38,890 [WARNING] CIEN 数据日期滞后：最新行情日期为 2026-09-14，缺少 2026-09-15 的正式收盘数据
2026-09-16 09:29:38,890 [INFO] CIEN 综合评分为 0.0，低于60分，不触发且不搜索新闻。
2026-09-16 09:29:39,090 [INFO] [32/61] SIVEF
2026-09-16 09:29:39,199 [INFO] SIVEF 综合评分为 8.0，低于60分，不触发且不搜索新闻。
2026-09-16 09:29:39,399 [INFO] [33/61] SHAZ
2026-09-16 09:29:39,517 [WARNING] SHAZ 数据日期滞后：最新行情日期为 2026-09-14，缺少 2026-09-15 的正式收盘数据
2026-09-16 09:29:39,517 [INFO] SHAZ 综合评分为 0.0，低于60分，不触发且不搜索新闻。
2026-09-16 09:29:39,718 [INFO] [34/61] LUNR
2026-09-16 09:29:39,998 [WARNING] LUNR 数据日期滞后：最新行情日期为 2026-09-14，缺少 2026-09-15 的正式收盘数据
2026-09-16 09:29:39,998 [INFO] LUNR 综合评分为 0.0，低于60分，不触发且不搜索新闻。
2026-09-16 09:29:40,198 [INFO] [35/61] ASTS
2026-09-16 09:29:40,437 [WARNING] ASTS 数据日期滞后：最新行情日期为 2026-09-14，缺少 2026-09-15 的正式收盘数据
2026-09-16 09:29:40,437 [INFO] ASTS 综合评分为 0.0，低于60分，不触发且不搜索新闻。
2026-09-16 09:29:40,637 [INFO] [36/61] AAOI
2026-09-16 09:29:40,808 [WARNING] AAOI 数据日期滞后：最新行情日期为 2026-09-14，缺少 2026-09-15 的正式收盘数据
2026-09-16 09:29:40,808 [INFO] AAOI 综合评分为 0.0，低于60分，不触发且不搜索新闻。
2026-09-16 09:29:41,009 [INFO] [37/61] INOD
2026-09-16 09:29:41,175 [WARNING] INOD 数据日期滞后：最新行情日期为 2026-09-14，缺少 2026-09-15 的正式收盘数据
2026-09-16 09:29:41,175 [INFO] INOD 综合评分为 0.0，低于60分，不触发且不搜索新闻。
2026-09-16 09:29:41,375 [INFO] [38/61] SPCX
2026-09-16 09:29:41,866 [WARNING] SPCX 历史行情不足：64 行
2026-09-16 09:29:41,866 [INFO] SPCX 综合评分为 0.0，低于60分，不触发且不搜索新闻。
2026-09-16 09:29:42,066 [INFO] [39/61] RDW
2026-09-16 09:29:42,540 [WARNING] RDW 数据日期滞后：最新行情日期为 2026-09-14，缺少 2026-09-15 的正式收盘数据
2026-09-16 09:29:42,540 [INFO] RDW 综合评分为 0.0，低于60分，不触发且不搜索新闻。
2026-09-16 09:29:42,741 [INFO] [40/61] QCOM
2026-09-16 09:29:43,319 [WARNING] QCOM 数据日期滞后：最新行情日期为 2026-09-14，缺少 2026-09-15 的正式收盘数据
2026-09-16 09:29:43,319 [INFO] QCOM 综合评分为 0.0，低于60分，不触发且不搜索新闻。
2026-09-16 09:29:43,520 [INFO] [41/61] COIN
2026-09-16 09:29:43,973 [WARNING] COIN 数据日期滞后：最新行情日期为 2026-09-14，缺少 2026-09-15 的正式收盘数据
2026-09-16 09:29:43,973 [INFO] COIN 综合评分为 0.0，低于60分，不触发且不搜索新闻。
2026-09-16 09:29:44,173 [INFO] [42/61] CORZ
2026-09-16 09:29:44,577 [WARNING] CORZ 数据日期滞后：最新行情日期为 2026-09-14，缺少 2026-09-15 的正式收盘数据
2026-09-16 09:29:44,577 [INFO] CORZ 综合评分为 0.0，低于60分，不触发且不搜索新闻。
2026-09-16 09:29:44,777 [INFO] [43/61] IREN
2026-09-16 09:29:45,242 [WARNING] IREN 数据日期滞后：最新行情日期为 2026-09-14，缺少 2026-09-15 的正式收盘数据
2026-09-16 09:29:45,242 [INFO] IREN 综合评分为 0.0，低于60分，不触发且不搜索新闻。
2026-09-16 09:29:45,442 [INFO] [44/61] VELO
2026-09-16 09:29:46,030 [WARNING] VELO 数据日期滞后：最新行情日期为 2026-09-14，缺少 2026-09-15 的正式收盘数据
2026-09-16 09:29:46,030 [INFO] VELO 综合评分为 0.0，低于60分，不触发且不搜索新闻。
2026-09-16 09:29:46,230 [INFO] [45/61] MSFT
2026-09-16 09:29:46,666 [WARNING] MSFT 数据日期滞后：最新行情日期为 2026-09-14，缺少 2026-09-15 的正式收盘数据
2026-09-16 09:29:46,666 [INFO] MSFT 综合评分为 0.0，低于60分，不触发且不搜索新闻。
2026-09-16 09:29:46,866 [INFO] [46/61] GOOG
2026-09-16 09:29:47,273 [WARNING] GOOG 数据日期滞后：最新行情日期为 2026-09-14，缺少 2026-09-15 的正式收盘数据
2026-09-16 09:29:47,273 [INFO] GOOG 综合评分为 0.0，低于60分，不触发且不搜索新闻。
2026-09-16 09:29:47,473 [INFO] [47/61] AVGO
2026-09-16 09:29:47,961 [WARNING] AVGO 数据日期滞后：最新行情日期为 2026-09-14，缺少 2026-09-15 的正式收盘数据
2026-09-16 09:29:47,961 [INFO] AVGO 综合评分为 0.0，低于60分，不触发且不搜索新闻。
2026-09-16 09:29:48,162 [INFO] [48/61] AMAT
2026-09-16 09:29:48,690 [WARNING] AMAT 数据日期滞后：最新行情日期为 2026-09-14，缺少 2026-09-15 的正式收盘数据
2026-09-16 09:29:48,690 [INFO] AMAT 综合评分为 0.0，低于60分，不触发且不搜索新闻。
2026-09-16 09:29:48,890 [INFO] [49/61] AMKR
2026-09-16 09:29:49,804 [WARNING] AMKR 数据日期滞后：最新行情日期为 2026-09-14，缺少 2026-09-15 的正式收盘数据
2026-09-16 09:29:49,804 [INFO] AMKR 综合评分为 0.0，低于60分，不触发且不搜索新闻。
2026-09-16 09:29:50,004 [INFO] [50/61] LRCX
2026-09-16 09:29:50,672 [WARNING] LRCX 数据日期滞后：最新行情日期为 2026-09-14，缺少 2026-09-15 的正式收盘数据
2026-09-16 09:29:50,672 [INFO] LRCX 综合评分为 0.0，低于60分，不触发且不搜索新闻。
2026-09-16 09:29:50,872 [INFO] [51/61] SNDK
2026-09-16 09:29:51,319 [WARNING] SNDK 数据日期滞后：最新行情日期为 2026-09-14，缺少 2026-09-15 的正式收盘数据
2026-09-16 09:29:51,319 [INFO] SNDK 综合评分为 0.0，低于60分，不触发且不搜索新闻。
2026-09-16 09:29:51,519 [INFO] [52/61] MU
2026-09-16 09:29:52,072 [WARNING] MU 数据日期滞后：最新行情日期为 2026-09-14，缺少 2026-09-15 的正式收盘数据
2026-09-16 09:29:52,072 [INFO] MU 综合评分为 0.0，低于60分，不触发且不搜索新闻。
2026-09-16 09:29:52,273 [INFO] [53/61] VICR
2026-09-16 09:29:52,698 [WARNING] VICR 数据日期滞后：最新行情日期为 2026-09-14，缺少 2026-09-15 的正式收盘数据
2026-09-16 09:29:52,698 [INFO] VICR 综合评分为 0.0，低于60分，不触发且不搜索新闻。
2026-09-16 09:29:52,898 [INFO] [54/61] NNE
2026-09-16 09:29:53,320 [WARNING] NNE 数据日期滞后：最新行情日期为 2026-09-14，缺少 2026-09-15 的正式收盘数据
2026-09-16 09:29:53,320 [INFO] NNE 综合评分为 0.0，低于60分，不触发且不搜索新闻。
2026-09-16 09:29:53,520 [INFO] [55/61] CCJ
2026-09-16 09:29:54,044 [WARNING] CCJ 数据日期滞后：最新行情日期为 2026-09-14，缺少 2026-09-15 的正式收盘数据
2026-09-16 09:29:54,044 [INFO] CCJ 综合评分为 0.0，低于60分，不触发且不搜索新闻。
2026-09-16 09:29:54,244 [INFO] [56/61] BWAY
2026-09-16 09:29:54,741 [WARNING] BWAY 数据日期滞后：最新行情日期为 2026-09-14，缺少 2026-09-15 的正式收盘数据
2026-09-16 09:29:54,741 [INFO] BWAY 综合评分为 0.0，低于60分，不触发且不搜索新闻。
2026-09-16 09:29:54,942 [INFO] [57/61] MANE
2026-09-16 09:29:55,431 [WARNING] MANE 数据日期滞后：最新行情日期为 2026-09-14，缺少 2026-09-15 的正式收盘数据
2026-09-16 09:29:55,431 [INFO] MANE 综合评分为 0.0，低于60分，不触发且不搜索新闻。
2026-09-16 09:29:55,632 [INFO] [58/61] QSI
2026-09-16 09:29:56,254 [WARNING] QSI 数据日期滞后：最新行情日期为 2026-09-14，缺少 2026-09-15 的正式收盘数据
2026-09-16 09:29:56,254 [INFO] QSI 综合评分为 0.0，低于60分，不触发且不搜索新闻。
2026-09-16 09:29:56,454 [INFO] [59/61] CRSP
2026-09-16 09:29:57,056 [WARNING] CRSP 数据日期滞后：最新行情日期为 2026-09-14，缺少 2026-09-15 的正式收盘数据
2026-09-16 09:29:57,056 [INFO] CRSP 综合评分为 0.0，低于60分，不触发且不搜索新闻。
2026-09-16 09:29:57,256 [INFO] [60/61] IBRX
2026-09-16 09:29:57,786 [WARNING] IBRX 数据日期滞后：最新行情日期为 2026-09-14，缺少 2026-09-15 的正式收盘数据
2026-09-16 09:29:57,786 [INFO] IBRX 综合评分为 0.0，低于60分，不触发且不搜索新闻。
2026-09-16 09:29:57,986 [INFO] [61/61] INSP
2026-09-16 09:29:58,430 [WARNING] INSP 数据日期滞后：最新行情日期为 2026-09-14，缺少 2026-09-15 的正式收盘数据
2026-09-16 09:29:58,430 [INFO] INSP 综合评分为 0.0，低于60分，不触发且不搜索新闻。
2026-09-16 09:29:58,794 [INFO] 已更新 ALAB_1 跟踪 Excel：/home/runner/work/stock-monitor-cloud/stock-monitor-cloud/data/CROSS/EXCLE/ALAB_1_20260904.xlsx，记录 6/30 个交易日。
2026-09-16 09:29:58,865 [INFO] 已更新 AMD_1 跟踪 Excel：/home/runner/work/stock-monitor-cloud/stock-monitor-cloud/data/CROSS/EXCLE/AMD_1_20260904.xlsx，记录 6/30 个交易日。
2026-09-16 09:29:59,002 [INFO] 已更新 AMZN_1 跟踪 Excel：/home/runner/work/stock-monitor-cloud/stock-monitor-cloud/data/CROSS/EXCLE/AMZN_1_20260828.xlsx，记录 11/30 个交易日。
2026-09-16 09:29:59,139 [INFO] 已更新 CCJ_1 跟踪 Excel：/home/runner/work/stock-monitor-cloud/stock-monitor-cloud/data/CROSS/EXCLE/CCJ_1_20260821.xlsx，记录 16/30 个交易日。
2026-09-16 09:29:59,254 [INFO] 已更新 COIN_1 跟踪 Excel：/home/runner/work/stock-monitor-cloud/stock-monitor-cloud/data/CROSS/EXCLE/COIN_1_20260819.xlsx，记录 18/30 个交易日。
2026-09-16 09:29:59,324 [INFO] 已更新 CRCL_1 跟踪 Excel：/home/runner/work/stock-monitor-cloud/stock-monitor-cloud/data/CROSS/EXCLE/CRCL_1_20260819.xlsx，记录 18/30 个交易日。
2026-09-16 09:29:59,476 [INFO] 已更新 CRSP_1 跟踪 Excel：/home/runner/work/stock-monitor-cloud/stock-monitor-cloud/data/CROSS/EXCLE/CRSP_1_20260819.xlsx，记录 18/30 个交易日。
2026-09-16 09:29:59,592 [INFO] 已更新 DELL_1 跟踪 Excel：/home/runner/work/stock-monitor-cloud/stock-monitor-cloud/data/CROSS/EXCLE/DELL_1_20260827.xlsx，记录 12/30 个交易日。
2026-09-16 09:29:59,733 [INFO] 已更新 ERAS_1 跟踪 Excel：/home/runner/work/stock-monitor-cloud/stock-monitor-cloud/data/CROSS/EXCLE/ERAS_1_20260826.xlsx，记录 13/30 个交易日。
2026-09-16 09:29:59,856 [INFO] 已更新 GLW_1 跟踪 Excel：/home/runner/work/stock-monitor-cloud/stock-monitor-cloud/data/CROSS/EXCLE/GLW_1_20260904.xlsx，记录 6/30 个交易日。
2026-09-16 09:29:59,937 [INFO] 已更新 IBRX_1 跟踪 Excel：/home/runner/work/stock-monitor-cloud/stock-monitor-cloud/data/CROSS/EXCLE/IBRX_1_20260819.xlsx，记录 18/30 个交易日。
2026-09-16 09:30:00,247 [INFO] 已更新 INSP_1 跟踪 Excel：/home/runner/work/stock-monitor-cloud/stock-monitor-cloud/data/CROSS/EXCLE/INSP_1_20260819.xlsx，记录 18/30 个交易日。
2026-09-16 09:30:00,356 [INFO] 已更新 IREN_1 跟踪 Excel：/home/runner/work/stock-monitor-cloud/stock-monitor-cloud/data/CROSS/EXCLE/IREN_1_20260904.xlsx，记录 6/30 个交易日。
2026-09-16 09:30:00,428 [INFO] 已更新 LITE_1 跟踪 Excel：/home/runner/work/stock-monitor-cloud/stock-monitor-cloud/data/CROSS/EXCLE/LITE_1_20260825.xlsx，记录 14/30 个交易日。
2026-09-16 09:30:00,616 [INFO] 已更新 MRVL_1 跟踪 Excel：/home/runner/work/stock-monitor-cloud/stock-monitor-cloud/data/CROSS/EXCLE/MRVL_1_20260819.xlsx，记录 18/30 个交易日。
2026-09-16 09:30:00,758 [INFO] 已更新 MSFT_1 跟踪 Excel：/home/runner/work/stock-monitor-cloud/stock-monitor-cloud/data/CROSS/EXCLE/MSFT_1_20260826.xlsx，记录 13/30 个交易日。
2026-09-16 09:30:00,976 [INFO] 已更新 MU_1 跟踪 Excel：/home/runner/work/stock-monitor-cloud/stock-monitor-cloud/data/CROSS/EXCLE/MU_1_20260831.xlsx，记录 10/30 个交易日。
2026-09-16 09:30:01,046 [INFO] 已更新 NNE_1 跟踪 Excel：/home/runner/work/stock-monitor-cloud/stock-monitor-cloud/data/CROSS/EXCLE/NNE_1_20260827.xlsx，记录 12/30 个交易日。
2026-09-16 09:30:01,202 [INFO] 已更新 NOK_1 跟踪 Excel：/home/runner/work/stock-monitor-cloud/stock-monitor-cloud/data/CROSS/EXCLE/NOK_1_20260911.xlsx，记录 2/30 个交易日。
2026-09-16 09:30:01,338 [INFO] 已更新 NVDA_1 跟踪 Excel：/home/runner/work/stock-monitor-cloud/stock-monitor-cloud/data/CROSS/EXCLE/NVDA_1_20260827.xlsx，记录 12/30 个交易日。
2026-09-16 09:30:01,463 [INFO] 已更新 OKLO_1 跟踪 Excel：/home/runner/work/stock-monitor-cloud/stock-monitor-cloud/data/CROSS/EXCLE/OKLO_1_20260825.xlsx，记录 14/30 个交易日。
2026-09-16 09:30:01,637 [INFO] 已更新 ORCL_1 跟踪 Excel：/home/runner/work/stock-monitor-cloud/stock-monitor-cloud/data/CROSS/EXCLE/ORCL_1_20260826.xlsx，记录 13/30 个交易日。
2026-09-16 09:30:01,753 [INFO] 已更新 QCOM_1 跟踪 Excel：/home/runner/work/stock-monitor-cloud/stock-monitor-cloud/data/CROSS/EXCLE/QCOM_1_20260827.xlsx，记录 12/30 个交易日。
2026-09-16 09:30:01,838 [INFO] 已更新 QSI_1 跟踪 Excel：/home/runner/work/stock-monitor-cloud/stock-monitor-cloud/data/CROSS/EXCLE/QSI_1_20260821.xlsx，记录 16/30 个交易日。
2026-09-16 09:30:01,926 [INFO] 已更新 SMR_1 跟踪 Excel：/home/runner/work/stock-monitor-cloud/stock-monitor-cloud/data/CROSS/EXCLE/SMR_1_20260825.xlsx，记录 14/30 个交易日。
2026-09-16 09:30:02,066 [INFO] 已更新 SNDK_1 跟踪 Excel：/home/runner/work/stock-monitor-cloud/stock-monitor-cloud/data/CROSS/EXCLE/SNDK_1_20260904.xlsx，记录 6/30 个交易日。
2026-09-16 09:30:02,066 [INFO] 报告生成完成：/home/runner/work/stock-monitor-cloud/stock-monitor-cloud/data/CROSS/强势金叉监控报告_2026-09-15.docx
2026-09-17 09:31:34,304 [INFO] 开始扫描 61 只股票，正式交易日：2026-09-16
2026-09-17 09:31:34,304 [INFO] [1/61] NOK
2026-09-17 09:31:34,542 [INFO] NOK 综合评分为 25.0，低于60分，不触发且不搜索新闻。
2026-09-17 09:31:34,743 [INFO] [2/61] XE
2026-09-17 09:31:34,848 [WARNING] XE 数据日期滞后：最新行情日期为 2026-09-15，缺少 2026-09-16 的正式收盘数据
2026-09-17 09:31:34,848 [INFO] XE 综合评分为 0.0，低于60分，不触发且不搜索新闻。
2026-09-17 09:31:35,048 [INFO] [3/61] RKLB
2026-09-17 09:31:35,172 [WARNING] RKLB 数据日期滞后：最新行情日期为 2026-09-15，缺少 2026-09-16 的正式收盘数据
2026-09-17 09:31:35,172 [INFO] RKLB 综合评分为 0.0，低于60分，不触发且不搜索新闻。
2026-09-17 09:31:35,372 [INFO] [4/61] NBIS
2026-09-17 09:31:35,475 [WARNING] NBIS 数据日期滞后：最新行情日期为 2026-09-15，缺少 2026-09-16 的正式收盘数据
2026-09-17 09:31:35,475 [INFO] NBIS 综合评分为 0.0，低于60分，不触发且不搜索新闻。
2026-09-17 09:31:35,675 [INFO] [5/61] ARM
2026-09-17 09:31:35,827 [WARNING] ARM 数据日期滞后：最新行情日期为 2026-09-15，缺少 2026-09-16 的正式收盘数据
2026-09-17 09:31:35,827 [INFO] ARM 综合评分为 0.0，低于60分，不触发且不搜索新闻。
2026-09-17 09:31:36,027 [INFO] [6/61] OPTX
2026-09-17 09:31:36,136 [WARNING] OPTX 数据日期滞后：最新行情日期为 2026-09-15，缺少 2026-09-16 的正式收盘数据
2026-09-17 09:31:36,137 [INFO] OPTX 综合评分为 0.0，低于60分，不触发且不搜索新闻。
2026-09-17 09:31:36,337 [INFO] [7/61] GLW
2026-09-17 09:31:36,537 [INFO] GLW 综合评分为 11.0，低于60分，不触发且不搜索新闻。
2026-09-17 09:31:36,737 [INFO] [8/61] COHR
2026-09-17 09:31:37,873 [INFO] COHR 综合评分为 44.0，低于60分，不触发且不搜索新闻。
2026-09-17 09:31:38,073 [INFO] [9/61] LITE
2026-09-17 09:31:38,177 [WARNING] LITE 数据日期滞后：最新行情日期为 2026-09-15，缺少 2026-09-16 的正式收盘数据
2026-09-17 09:31:38,177 [INFO] LITE 综合评分为 0.0，低于60分，不触发且不搜索新闻。
2026-09-17 09:31:38,377 [INFO] [10/61] MRVL
2026-09-17 09:31:38,734 [INFO] [11/61] INTC
2026-09-17 09:31:38,903 [INFO] INTC 综合评分为 56.0，低于60分，不触发且不搜索新闻。
2026-09-17 09:31:39,103 [INFO] [12/61] ALAB
2026-09-17 09:31:39,623 [WARNING] ALAB 数据日期滞后：最新行情日期为 2026-09-15，缺少 2026-09-16 的正式收盘数据
2026-09-17 09:31:39,624 [INFO] ALAB 综合评分为 0.0，低于60分，不触发且不搜索新闻。
2026-09-17 09:31:39,824 [INFO] [13/61] FLNC
2026-09-17 09:31:39,936 [WARNING] FLNC 数据日期滞后：最新行情日期为 2026-09-15，缺少 2026-09-16 的正式收盘数据
2026-09-17 09:31:39,936 [INFO] FLNC 综合评分为 0.0，低于60分，不触发且不搜索新闻。
2026-09-17 09:31:40,136 [INFO] [14/61] CRWV
2026-09-17 09:31:40,242 [WARNING] CRWV 数据日期滞后：最新行情日期为 2026-09-15，缺少 2026-09-16 的正式收盘数据
2026-09-17 09:31:40,242 [INFO] CRWV 综合评分为 0.0，低于60分，不触发且不搜索新闻。
2026-09-17 09:31:40,443 [INFO] [15/61] ORCL
2026-09-17 09:31:40,637 [INFO] ORCL 综合评分为 24.0，低于60分，不触发且不搜索新闻。
2026-09-17 09:31:40,837 [INFO] [16/61] NVTS
2026-09-17 09:31:40,942 [WARNING] NVTS 数据日期滞后：最新行情日期为 2026-09-15，缺少 2026-09-16 的正式收盘数据
2026-09-17 09:31:40,942 [INFO] NVTS 综合评分为 0.0，低于60分，不触发且不搜索新闻。
2026-09-17 09:31:41,142 [INFO] [17/61] POET
2026-09-17 09:31:41,250 [INFO] POET 综合评分为 6.0，低于60分，不触发且不搜索新闻。
2026-09-17 09:31:41,450 [INFO] [18/61] DELL
2026-09-17 09:31:41,613 [WARNING] DELL 数据日期滞后：最新行情日期为 2026-09-15，缺少 2026-09-16 的正式收盘数据
2026-09-17 09:31:41,613 [INFO] DELL 综合评分为 0.0，低于60分，不触发且不搜索新闻。
2026-09-17 09:31:41,813 [INFO] [19/61] BB
2026-09-17 09:31:41,954 [INFO] BB 综合评分为 16.0，低于60分，不触发且不搜索新闻。
2026-09-17 09:31:42,155 [INFO] [20/61] ONDS
2026-09-17 09:31:42,321 [WARNING] ONDS 数据日期滞后：最新行情日期为 2026-09-15，缺少 2026-09-16 的正式收盘数据
2026-09-17 09:31:42,321 [INFO] ONDS 综合评分为 0.0，低于60分，不触发且不搜索新闻。
2026-09-17 09:31:42,521 [INFO] [21/61] SMR
2026-09-17 09:31:42,639 [WARNING] SMR 数据日期滞后：最新行情日期为 2026-09-15，缺少 2026-09-16 的正式收盘数据
2026-09-17 09:31:42,639 [INFO] SMR 综合评分为 0.0，低于60分，不触发且不搜索新闻。
2026-09-17 09:31:42,839 [INFO] [22/61] OKLO
2026-09-17 09:31:42,948 [WARNING] OKLO 数据日期滞后：最新行情日期为 2026-09-15，缺少 2026-09-16 的正式收盘数据
2026-09-17 09:31:42,948 [INFO] OKLO 综合评分为 0.0，低于60分，不触发且不搜索新闻。
2026-09-17 09:31:43,149 [INFO] [23/61] IONQ
2026-09-17 09:31:43,268 [WARNING] IONQ 数据日期滞后：最新行情日期为 2026-09-15，缺少 2026-09-16 的正式收盘数据
2026-09-17 09:31:43,268 [INFO] IONQ 综合评分为 0.0，低于60分，不触发且不搜索新闻。
2026-09-17 09:31:43,468 [INFO] [24/61] QBTS
2026-09-17 09:31:43,591 [WARNING] QBTS 数据日期滞后：最新行情日期为 2026-09-15，缺少 2026-09-16 的正式收盘数据
2026-09-17 09:31:43,591 [INFO] QBTS 综合评分为 0.0，低于60分，不触发且不搜索新闻。
2026-09-17 09:31:43,791 [INFO] [25/61] NVDA
2026-09-17 09:31:43,981 [INFO] NVDA 综合评分为 22.0，低于60分，不触发且不搜索新闻。
2026-09-17 09:31:44,181 [INFO] [26/61] AMZN
2026-09-17 09:31:44,293 [INFO] AMZN 综合评分为 9.0，低于60分，不触发且不搜索新闻。
2026-09-17 09:31:44,493 [INFO] [27/61] AMD
2026-09-17 09:31:44,812 [INFO] [28/61] CRCL
2026-09-17 09:31:44,959 [WARNING] CRCL 数据日期滞后：最新行情日期为 2026-09-15，缺少 2026-09-16 的正式收盘数据
2026-09-17 09:31:44,959 [INFO] CRCL 综合评分为 0.0，低于60分，不触发且不搜索新闻。
2026-09-17 09:31:45,159 [INFO] [29/61] FLY
2026-09-17 09:31:45,297 [WARNING] FLY 数据日期滞后：最新行情日期为 2026-09-15，缺少 2026-09-16 的正式收盘数据
2026-09-17 09:31:45,297 [INFO] FLY 综合评分为 0.0，低于60分，不触发且不搜索新闻。
2026-09-17 09:31:45,497 [INFO] [30/61] CBRS
2026-09-17 09:31:45,595 [WARNING] CBRS 数据日期滞后：最新行情日期为 2026-09-15，缺少 2026-09-16 的正式收盘数据
2026-09-17 09:31:45,596 [INFO] CBRS 综合评分为 0.0，低于60分，不触发且不搜索新闻。
2026-09-17 09:31:45,796 [INFO] [31/61] CIEN
2026-09-17 09:31:45,911 [INFO] CIEN 综合评分为 22.0，低于60分，不触发且不搜索新闻。
2026-09-17 09:31:46,112 [INFO] [32/61] SIVEF
2026-09-17 09:31:46,216 [INFO] SIVEF 综合评分为 17.0，低于60分，不触发且不搜索新闻。
2026-09-17 09:31:46,417 [INFO] [33/61] SHAZ
2026-09-17 09:31:46,521 [WARNING] SHAZ 数据日期滞后：最新行情日期为 2026-09-15，缺少 2026-09-16 的正式收盘数据
2026-09-17 09:31:46,521 [INFO] SHAZ 综合评分为 0.0，低于60分，不触发且不搜索新闻。
2026-09-17 09:31:46,721 [INFO] [34/61] LUNR
2026-09-17 09:31:46,853 [WARNING] LUNR 数据日期滞后：最新行情日期为 2026-09-15，缺少 2026-09-16 的正式收盘数据
2026-09-17 09:31:46,853 [INFO] LUNR 综合评分为 0.0，低于60分，不触发且不搜索新闻。
2026-09-17 09:31:47,053 [INFO] [35/61] ASTS
2026-09-17 09:31:47,179 [WARNING] ASTS 数据日期滞后：最新行情日期为 2026-09-15，缺少 2026-09-16 的正式收盘数据
2026-09-17 09:31:47,179 [INFO] ASTS 综合评分为 0.0，低于60分，不触发且不搜索新闻。
2026-09-17 09:31:47,379 [INFO] [36/61] AAOI
2026-09-17 09:31:47,508 [WARNING] AAOI 数据日期滞后：最新行情日期为 2026-09-15，缺少 2026-09-16 的正式收盘数据
2026-09-17 09:31:47,508 [INFO] AAOI 综合评分为 0.0，低于60分，不触发且不搜索新闻。
2026-09-17 09:31:47,708 [INFO] [37/61] INOD
2026-09-17 09:31:47,867 [INFO] INOD 综合评分为 35.0，低于60分，不触发且不搜索新闻。
2026-09-17 09:31:48,067 [INFO] [38/61] SPCX
2026-09-17 09:31:48,395 [WARNING] SPCX 历史行情不足：65 行
2026-09-17 09:31:48,395 [INFO] SPCX 综合评分为 0.0，低于60分，不触发且不搜索新闻。
2026-09-17 09:31:48,596 [INFO] [39/61] RDW
2026-09-17 09:31:49,029 [WARNING] RDW 数据日期滞后：最新行情日期为 2026-09-15，缺少 2026-09-16 的正式收盘数据
2026-09-17 09:31:49,030 [INFO] RDW 综合评分为 0.0，低于60分，不触发且不搜索新闻。
2026-09-17 09:31:49,230 [INFO] [40/61] QCOM
2026-09-17 09:31:49,642 [INFO] QCOM 综合评分为 43.0，低于60分，不触发且不搜索新闻。
2026-09-17 09:31:49,843 [INFO] [41/61] COIN
2026-09-17 09:31:50,259 [WARNING] COIN 数据日期滞后：最新行情日期为 2026-09-15，缺少 2026-09-16 的正式收盘数据
2026-09-17 09:31:50,259 [INFO] COIN 综合评分为 0.0，低于60分，不触发且不搜索新闻。
2026-09-17 09:31:50,459 [INFO] [42/61] CORZ
2026-09-17 09:31:50,825 [WARNING] CORZ 数据日期滞后：最新行情日期为 2026-09-15，缺少 2026-09-16 的正式收盘数据
2026-09-17 09:31:50,825 [INFO] CORZ 综合评分为 0.0，低于60分，不触发且不搜索新闻。
2026-09-17 09:31:51,025 [INFO] [43/61] IREN
2026-09-17 09:31:51,452 [WARNING] IREN 数据日期滞后：最新行情日期为 2026-09-15，缺少 2026-09-16 的正式收盘数据
2026-09-17 09:31:51,452 [INFO] IREN 综合评分为 0.0，低于60分，不触发且不搜索新闻。
2026-09-17 09:31:51,652 [INFO] [44/61] VELO
2026-09-17 09:31:52,059 [WARNING] VELO 数据日期滞后：最新行情日期为 2026-09-15，缺少 2026-09-16 的正式收盘数据
2026-09-17 09:31:52,059 [INFO] VELO 综合评分为 0.0，低于60分，不触发且不搜索新闻。
2026-09-17 09:31:52,259 [INFO] [45/61] MSFT
2026-09-17 09:31:52,692 [INFO] MSFT 综合评分为 20.0，低于60分，不触发且不搜索新闻。
2026-09-17 09:31:52,892 [INFO] [46/61] GOOG
2026-09-17 09:31:53,255 [WARNING] GOOG 数据日期滞后：最新行情日期为 2026-09-15，缺少 2026-09-16 的正式收盘数据
2026-09-17 09:31:53,255 [INFO] GOOG 综合评分为 0.0，低于60分，不触发且不搜索新闻。
2026-09-17 09:31:53,455 [INFO] [47/61] AVGO
2026-09-17 09:31:53,858 [INFO] AVGO 综合评分为 5.0，低于60分，不触发且不搜索新闻。
2026-09-17 09:31:54,059 [INFO] [48/61] AMAT
2026-09-17 09:31:54,494 [INFO] AMAT 综合评分为 3.0，低于60分，不触发且不搜索新闻。
2026-09-17 09:31:54,694 [INFO] [49/61] AMKR
2026-09-17 09:31:55,157 [INFO] AMKR 综合评分为 5.0，低于60分，不触发且不搜索新闻。
2026-09-17 09:31:55,358 [INFO] [50/61] LRCX
2026-09-17 09:31:55,797 [INFO] LRCX 综合评分为 3.0，低于60分，不触发且不搜索新闻。
2026-09-17 09:31:55,998 [INFO] [51/61] SNDK
2026-09-17 09:31:56,382 [WARNING] SNDK 数据日期滞后：最新行情日期为 2026-09-15，缺少 2026-09-16 的正式收盘数据
2026-09-17 09:31:56,383 [INFO] SNDK 综合评分为 0.0，低于60分，不触发且不搜索新闻。
2026-09-17 09:31:56,583 [INFO] [52/61] MU
2026-09-17 09:31:57,045 [INFO] MU 综合评分为 20.0，低于60分，不触发且不搜索新闻。
2026-09-17 09:31:57,246 [INFO] [53/61] VICR
2026-09-17 09:31:57,751 [INFO] VICR 综合评分为 15.0，低于60分，不触发且不搜索新闻。
2026-09-17 09:31:57,951 [INFO] [54/61] NNE
2026-09-17 09:31:58,373 [WARNING] NNE 数据日期滞后：最新行情日期为 2026-09-15，缺少 2026-09-16 的正式收盘数据
2026-09-17 09:31:58,373 [INFO] NNE 综合评分为 0.0，低于60分，不触发且不搜索新闻。
2026-09-17 09:31:58,573 [INFO] [55/61] CCJ
2026-09-17 09:31:59,037 [INFO] CCJ 综合评分为 7.0，低于60分，不触发且不搜索新闻。
2026-09-17 09:31:59,237 [INFO] [56/61] BWAY
2026-09-17 09:31:59,668 [WARNING] BWAY 数据日期滞后：最新行情日期为 2026-09-15，缺少 2026-09-16 的正式收盘数据
2026-09-17 09:31:59,668 [INFO] BWAY 综合评分为 0.0，低于60分，不触发且不搜索新闻。
2026-09-17 09:31:59,868 [INFO] [57/61] MANE
2026-09-17 09:32:00,313 [WARNING] MANE 数据日期滞后：最新行情日期为 2026-09-15，缺少 2026-09-16 的正式收盘数据
2026-09-17 09:32:00,314 [INFO] MANE 综合评分为 0.0，低于60分，不触发且不搜索新闻。
2026-09-17 09:32:00,514 [INFO] [58/61] QSI
2026-09-17 09:32:00,852 [WARNING] QSI 数据日期滞后：最新行情日期为 2026-09-15，缺少 2026-09-16 的正式收盘数据
2026-09-17 09:32:00,852 [INFO] QSI 综合评分为 0.0，低于60分，不触发且不搜索新闻。
2026-09-17 09:32:01,052 [INFO] [59/61] CRSP
2026-09-17 09:32:01,449 [WARNING] CRSP 数据日期滞后：最新行情日期为 2026-09-15，缺少 2026-09-16 的正式收盘数据
2026-09-17 09:32:01,449 [INFO] CRSP 综合评分为 0.0，低于60分，不触发且不搜索新闻。
2026-09-17 09:32:01,650 [INFO] [60/61] IBRX
2026-09-17 09:32:01,997 [WARNING] IBRX 数据日期滞后：最新行情日期为 2026-09-15，缺少 2026-09-16 的正式收盘数据
2026-09-17 09:32:01,997 [INFO] IBRX 综合评分为 0.0，低于60分，不触发且不搜索新闻。
2026-09-17 09:32:02,197 [INFO] [61/61] INSP
2026-09-17 09:32:02,619 [WARNING] INSP 数据日期滞后：最新行情日期为 2026-09-15，缺少 2026-09-16 的正式收盘数据
2026-09-17 09:32:02,619 [INFO] INSP 综合评分为 0.0，低于60分，不触发且不搜索新闻。
2026-09-17 09:32:02,819 [INFO] MRVL 达到 67.0 分，开始搜索新闻。
2026-09-17 09:32:03,475 [INFO] AMD 达到 61.0 分，开始搜索新闻。
2026-09-17 09:32:04,149 [INFO] 已写入 CROSS.txt：MRVL（6）, AMD（2）
2026-09-17 09:32:04,149 [INFO] 未配置 Google Sheets 授权，已跳过云端表格写入。可设置环境变量 GOOGLE_SERVICE_ACCOUNT_JSON，或把服务账号 JSON 放到：/home/runner/work/stock-monitor-cloud/stock-monitor-cloud/data/CROSS/google_service_account.json
2026-09-17 09:32:04,239 [INFO] 已更新 ALAB_1 跟踪 Excel：/home/runner/work/stock-monitor-cloud/stock-monitor-cloud/data/CROSS/EXCLE/ALAB_1_20260904.xlsx，记录 7/30 个交易日。
2026-09-17 09:32:04,718 [INFO] 已更新 AMD_1 跟踪 Excel：/home/runner/work/stock-monitor-cloud/stock-monitor-cloud/data/CROSS/EXCLE/AMD_1_20260904.xlsx，记录 8/30 个交易日。
2026-09-17 09:32:05,193 [INFO] 已更新 AMZN_1 跟踪 Excel：/home/runner/work/stock-monitor-cloud/stock-monitor-cloud/data/CROSS/EXCLE/AMZN_1_20260828.xlsx，记录 13/30 个交易日。
2026-09-17 09:32:05,704 [INFO] 已更新 CCJ_1 跟踪 Excel：/home/runner/work/stock-monitor-cloud/stock-monitor-cloud/data/CROSS/EXCLE/CCJ_1_20260821.xlsx，记录 18/30 个交易日。
2026-09-17 09:32:05,779 [INFO] 已更新 COIN_1 跟踪 Excel：/home/runner/work/stock-monitor-cloud/stock-monitor-cloud/data/CROSS/EXCLE/COIN_1_20260819.xlsx，记录 19/30 个交易日。
2026-09-17 09:32:05,862 [INFO] 已更新 CRCL_1 跟踪 Excel：/home/runner/work/stock-monitor-cloud/stock-monitor-cloud/data/CROSS/EXCLE/CRCL_1_20260819.xlsx，记录 19/30 个交易日。
2026-09-17 09:32:05,975 [INFO] 已更新 CRSP_1 跟踪 Excel：/home/runner/work/stock-monitor-cloud/stock-monitor-cloud/data/CROSS/EXCLE/CRSP_1_20260819.xlsx，记录 19/30 个交易日。
2026-09-17 09:32:06,073 [INFO] 已更新 DELL_1 跟踪 Excel：/home/runner/work/stock-monitor-cloud/stock-monitor-cloud/data/CROSS/EXCLE/DELL_1_20260827.xlsx，记录 13/30 个交易日。
2026-09-17 09:32:06,206 [INFO] 已更新 ERAS_1 跟踪 Excel：/home/runner/work/stock-monitor-cloud/stock-monitor-cloud/data/CROSS/EXCLE/ERAS_1_20260826.xlsx，记录 14/30 个交易日。
2026-09-17 09:32:06,341 [INFO] 已更新 GLW_1 跟踪 Excel：/home/runner/work/stock-monitor-cloud/stock-monitor-cloud/data/CROSS/EXCLE/GLW_1_20260904.xlsx，记录 8/30 个交易日。
2026-09-17 09:32:06,467 [INFO] 已更新 IBRX_1 跟踪 Excel：/home/runner/work/stock-monitor-cloud/stock-monitor-cloud/data/CROSS/EXCLE/IBRX_1_20260819.xlsx，记录 19/30 个交易日。
2026-09-17 09:32:06,542 [INFO] 已更新 INSP_1 跟踪 Excel：/home/runner/work/stock-monitor-cloud/stock-monitor-cloud/data/CROSS/EXCLE/INSP_1_20260819.xlsx，记录 19/30 个交易日。
2026-09-17 09:32:07,015 [INFO] 已更新 IREN_1 跟踪 Excel：/home/runner/work/stock-monitor-cloud/stock-monitor-cloud/data/CROSS/EXCLE/IREN_1_20260904.xlsx，记录 7/30 个交易日。
2026-09-17 09:32:07,506 [INFO] 已更新 LITE_1 跟踪 Excel：/home/runner/work/stock-monitor-cloud/stock-monitor-cloud/data/CROSS/EXCLE/LITE_1_20260825.xlsx，记录 15/30 个交易日。
2026-09-17 09:32:07,611 [INFO] 已更新 MRVL_1 跟踪 Excel：/home/runner/work/stock-monitor-cloud/stock-monitor-cloud/data/CROSS/EXCLE/MRVL_1_20260819.xlsx，记录 20/30 个交易日。
2026-09-17 09:32:07,758 [INFO] 已更新 MSFT_1 跟踪 Excel：/home/runner/work/stock-monitor-cloud/stock-monitor-cloud/data/CROSS/EXCLE/MSFT_1_20260826.xlsx，记录 15/30 个交易日。
2026-09-17 09:32:07,893 [INFO] 已更新 MU_1 跟踪 Excel：/home/runner/work/stock-monitor-cloud/stock-monitor-cloud/data/CROSS/EXCLE/MU_1_20260831.xlsx，记录 12/30 个交易日。
2026-09-17 09:32:07,978 [INFO] 已更新 NNE_1 跟踪 Excel：/home/runner/work/stock-monitor-cloud/stock-monitor-cloud/data/CROSS/EXCLE/NNE_1_20260827.xlsx，记录 13/30 个交易日。
2026-09-17 09:32:08,117 [INFO] 已更新 NOK_1 跟踪 Excel：/home/runner/work/stock-monitor-cloud/stock-monitor-cloud/data/CROSS/EXCLE/NOK_1_20260911.xlsx，记录 4/30 个交易日。
2026-09-17 09:32:08,620 [INFO] 已更新 NVDA_1 跟踪 Excel：/home/runner/work/stock-monitor-cloud/stock-monitor-cloud/data/CROSS/EXCLE/NVDA_1_20260827.xlsx，记录 14/30 个交易日。
2026-09-17 09:32:08,736 [INFO] 已更新 OKLO_1 跟踪 Excel：/home/runner/work/stock-monitor-cloud/stock-monitor-cloud/data/CROSS/EXCLE/OKLO_1_20260825.xlsx，记录 15/30 个交易日。
2026-09-17 09:32:08,861 [INFO] 已更新 ORCL_1 跟踪 Excel：/home/runner/work/stock-monitor-cloud/stock-monitor-cloud/data/CROSS/EXCLE/ORCL_1_20260826.xlsx，记录 15/30 个交易日。
2026-09-17 09:32:08,963 [INFO] 已更新 QCOM_1 跟踪 Excel：/home/runner/work/stock-monitor-cloud/stock-monitor-cloud/data/CROSS/EXCLE/QCOM_1_20260827.xlsx，记录 14/30 个交易日。
2026-09-17 09:32:09,079 [INFO] 已更新 QSI_1 跟踪 Excel：/home/runner/work/stock-monitor-cloud/stock-monitor-cloud/data/CROSS/EXCLE/QSI_1_20260821.xlsx，记录 17/30 个交易日。
2026-09-17 09:32:09,167 [INFO] 已更新 SMR_1 跟踪 Excel：/home/runner/work/stock-monitor-cloud/stock-monitor-cloud/data/CROSS/EXCLE/SMR_1_20260825.xlsx，记录 15/30 个交易日。
2026-09-17 09:32:09,334 [INFO] 已更新 SNDK_1 跟踪 Excel：/home/runner/work/stock-monitor-cloud/stock-monitor-cloud/data/CROSS/EXCLE/SNDK_1_20260904.xlsx，记录 7/30 个交易日。
2026-09-17 09:32:09,334 [INFO] 报告生成完成：/home/runner/work/stock-monitor-cloud/stock-monitor-cloud/data/CROSS/强势金叉监控报告_2026-09-16.docx
2026-09-18 09:20:27,307 [INFO] 开始扫描 61 只股票，正式交易日：2026-09-17
2026-09-18 09:20:27,307 [INFO] [1/61] NOK
2026-09-18 09:20:27,915 [WARNING] NOK 数据日期滞后：最新行情日期为 2026-09-16，缺少 2026-09-17 的正式收盘数据
2026-09-18 09:20:27,916 [INFO] NOK 综合评分为 0.0，低于60分，不触发且不搜索新闻。
2026-09-18 09:20:28,116 [INFO] [2/61] XE
2026-09-18 09:20:28,531 [WARNING] XE 数据日期滞后：最新行情日期为 2026-09-16，缺少 2026-09-17 的正式收盘数据
2026-09-18 09:20:28,531 [INFO] XE 综合评分为 0.0，低于60分，不触发且不搜索新闻。
2026-09-18 09:20:28,731 [INFO] [3/61] RKLB
2026-09-18 09:20:29,213 [WARNING] RKLB 数据日期滞后：最新行情日期为 2026-09-16，缺少 2026-09-17 的正式收盘数据
2026-09-18 09:20:29,213 [INFO] RKLB 综合评分为 0.0，低于60分，不触发且不搜索新闻。
2026-09-18 09:20:29,413 [INFO] [4/61] NBIS
2026-09-18 09:20:29,803 [WARNING] NBIS 数据日期滞后：最新行情日期为 2026-09-16，缺少 2026-09-17 的正式收盘数据
2026-09-18 09:20:29,803 [INFO] NBIS 综合评分为 0.0，低于60分，不触发且不搜索新闻。
2026-09-18 09:20:30,003 [INFO] [5/61] ARM
2026-09-18 09:20:30,327 [WARNING] ARM 数据日期滞后：最新行情日期为 2026-09-16，缺少 2026-09-17 的正式收盘数据
2026-09-18 09:20:30,327 [INFO] ARM 综合评分为 0.0，低于60分，不触发且不搜索新闻。
2026-09-18 09:20:30,527 [INFO] [6/61] OPTX
2026-09-18 09:20:30,868 [WARNING] OPTX 数据日期滞后：最新行情日期为 2026-09-16，缺少 2026-09-17 的正式收盘数据
2026-09-18 09:20:30,868 [INFO] OPTX 综合评分为 0.0，低于60分，不触发且不搜索新闻。
2026-09-18 09:20:31,068 [INFO] [7/61] GLW
2026-09-18 09:20:31,619 [WARNING] GLW 数据日期滞后：最新行情日期为 2026-09-16，缺少 2026-09-17 的正式收盘数据
2026-09-18 09:20:31,620 [INFO] GLW 综合评分为 0.0，低于60分，不触发且不搜索新闻。
2026-09-18 09:20:31,820 [INFO] [8/61] COHR
2026-09-18 09:20:32,182 [WARNING] COHR 数据日期滞后：最新行情日期为 2026-09-16，缺少 2026-09-17 的正式收盘数据
2026-09-18 09:20:32,182 [INFO] COHR 综合评分为 0.0，低于60分，不触发且不搜索新闻。
2026-09-18 09:20:32,382 [INFO] [9/61] LITE
2026-09-18 09:20:32,869 [WARNING] LITE 数据日期滞后：最新行情日期为 2026-09-16，缺少 2026-09-17 的正式收盘数据
2026-09-18 09:20:32,869 [INFO] LITE 综合评分为 0.0，低于60分，不触发且不搜索新闻。
2026-09-18 09:20:33,069 [INFO] [10/61] MRVL
2026-09-18 09:20:33,456 [WARNING] MRVL 数据日期滞后：最新行情日期为 2026-09-16，缺少 2026-09-17 的正式收盘数据
2026-09-18 09:20:33,456 [INFO] MRVL 综合评分为 0.0，低于60分，不触发且不搜索新闻。
2026-09-18 09:20:33,656 [INFO] [11/61] INTC
2026-09-18 09:20:34,074 [WARNING] INTC 数据日期滞后：最新行情日期为 2026-09-16，缺少 2026-09-17 的正式收盘数据
2026-09-18 09:20:34,074 [INFO] INTC 综合评分为 0.0，低于60分，不触发且不搜索新闻。
2026-09-18 09:20:34,274 [INFO] [12/61] ALAB
2026-09-18 09:20:34,703 [WARNING] ALAB 数据日期滞后：最新行情日期为 2026-09-16，缺少 2026-09-17 的正式收盘数据
2026-09-18 09:20:34,703 [INFO] ALAB 综合评分为 0.0，低于60分，不触发且不搜索新闻。
2026-09-18 09:20:34,903 [INFO] [13/61] FLNC
2026-09-18 09:20:35,272 [WARNING] FLNC 数据日期滞后：最新行情日期为 2026-09-16，缺少 2026-09-17 的正式收盘数据
2026-09-18 09:20:35,272 [INFO] FLNC 综合评分为 0.0，低于60分，不触发且不搜索新闻。
2026-09-18 09:20:35,472 [INFO] [14/61] CRWV
2026-09-18 09:20:35,857 [WARNING] CRWV 数据日期滞后：最新行情日期为 2026-09-16，缺少 2026-09-17 的正式收盘数据
2026-09-18 09:20:35,857 [INFO] CRWV 综合评分为 0.0，低于60分，不触发且不搜索新闻。
2026-09-18 09:20:36,057 [INFO] [15/61] ORCL
2026-09-18 09:20:36,509 [WARNING] ORCL 数据日期滞后：最新行情日期为 2026-09-16，缺少 2026-09-17 的正式收盘数据
2026-09-18 09:20:36,509 [INFO] ORCL 综合评分为 0.0，低于60分，不触发且不搜索新闻。
2026-09-18 09:20:36,710 [INFO] [16/61] NVTS
2026-09-18 09:20:37,021 [WARNING] NVTS 数据日期滞后：最新行情日期为 2026-09-16，缺少 2026-09-17 的正式收盘数据
2026-09-18 09:20:37,021 [INFO] NVTS 综合评分为 0.0，低于60分，不触发且不搜索新闻。
2026-09-18 09:20:37,221 [INFO] [17/61] POET
2026-09-18 09:20:37,429 [WARNING] POET 数据日期滞后：最新行情日期为 2026-09-16，缺少 2026-09-17 的正式收盘数据
2026-09-18 09:20:37,429 [INFO] POET 综合评分为 0.0，低于60分，不触发且不搜索新闻。
2026-09-18 09:20:37,630 [INFO] [18/61] DELL
2026-09-18 09:20:37,895 [WARNING] DELL 数据日期滞后：最新行情日期为 2026-09-16，缺少 2026-09-17 的正式收盘数据
2026-09-18 09:20:37,895 [INFO] DELL 综合评分为 0.0，低于60分，不触发且不搜索新闻。
2026-09-18 09:20:38,096 [INFO] [19/61] BB
2026-09-18 09:20:38,327 [WARNING] BB 数据日期滞后：最新行情日期为 2026-09-16，缺少 2026-09-17 的正式收盘数据
2026-09-18 09:20:38,327 [INFO] BB 综合评分为 0.0，低于60分，不触发且不搜索新闻。
2026-09-18 09:20:38,527 [INFO] [20/61] ONDS
2026-09-18 09:20:38,754 [WARNING] ONDS 数据日期滞后：最新行情日期为 2026-09-16，缺少 2026-09-17 的正式收盘数据
2026-09-18 09:20:38,754 [INFO] ONDS 综合评分为 0.0，低于60分，不触发且不搜索新闻。
2026-09-18 09:20:38,954 [INFO] [21/61] SMR
2026-09-18 09:20:39,214 [WARNING] SMR 数据日期滞后：最新行情日期为 2026-09-16，缺少 2026-09-17 的正式收盘数据
2026-09-18 09:20:39,215 [INFO] SMR 综合评分为 0.0，低于60分，不触发且不搜索新闻。
2026-09-18 09:20:39,415 [INFO] [22/61] OKLO
2026-09-18 09:20:39,659 [WARNING] OKLO 数据日期滞后：最新行情日期为 2026-09-16，缺少 2026-09-17 的正式收盘数据
2026-09-18 09:20:39,659 [INFO] OKLO 综合评分为 0.0，低于60分，不触发且不搜索新闻。
2026-09-18 09:20:39,859 [INFO] [23/61] IONQ
2026-09-18 09:20:40,107 [WARNING] IONQ 数据日期滞后：最新行情日期为 2026-09-16，缺少 2026-09-17 的正式收盘数据
2026-09-18 09:20:40,107 [INFO] IONQ 综合评分为 0.0，低于60分，不触发且不搜索新闻。
2026-09-18 09:20:40,307 [INFO] [24/61] QBTS
2026-09-18 09:20:40,535 [WARNING] QBTS 数据日期滞后：最新行情日期为 2026-09-16，缺少 2026-09-17 的正式收盘数据
2026-09-18 09:20:40,535 [INFO] QBTS 综合评分为 0.0，低于60分，不触发且不搜索新闻。
2026-09-18 09:20:40,735 [INFO] [25/61] NVDA
2026-09-18 09:20:41,018 [WARNING] NVDA 数据日期滞后：最新行情日期为 2026-09-16，缺少 2026-09-17 的正式收盘数据
2026-09-18 09:20:41,018 [INFO] NVDA 综合评分为 0.0，低于60分，不触发且不搜索新闻。
2026-09-18 09:20:41,218 [INFO] [26/61] AMZN
2026-09-18 09:20:41,443 [WARNING] AMZN 数据日期滞后：最新行情日期为 2026-09-16，缺少 2026-09-17 的正式收盘数据
2026-09-18 09:20:41,444 [INFO] AMZN 综合评分为 0.0，低于60分，不触发且不搜索新闻。
2026-09-18 09:20:41,644 [INFO] [27/61] AMD
2026-09-18 09:20:41,845 [WARNING] AMD 数据日期滞后：最新行情日期为 2026-09-16，缺少 2026-09-17 的正式收盘数据
2026-09-18 09:20:41,845 [INFO] AMD 综合评分为 0.0，低于60分，不触发且不搜索新闻。
2026-09-18 09:20:42,045 [INFO] [28/61] CRCL
2026-09-18 09:20:42,276 [WARNING] CRCL 数据日期滞后：最新行情日期为 2026-09-16，缺少 2026-09-17 的正式收盘数据
2026-09-18 09:20:42,276 [INFO] CRCL 综合评分为 0.0，低于60分，不触发且不搜索新闻。
2026-09-18 09:20:42,477 [INFO] [29/61] FLY
2026-09-18 09:20:42,725 [WARNING] FLY 数据日期滞后：最新行情日期为 2026-09-16，缺少 2026-09-17 的正式收盘数据
2026-09-18 09:20:42,725 [INFO] FLY 综合评分为 0.0，低于60分，不触发且不搜索新闻。
2026-09-18 09:20:42,926 [INFO] [30/61] CBRS
2026-09-18 09:20:43,177 [WARNING] CBRS 数据日期滞后：最新行情日期为 2026-09-16，缺少 2026-09-17 的正式收盘数据
2026-09-18 09:20:43,177 [INFO] CBRS 综合评分为 0.0，低于60分，不触发且不搜索新闻。
2026-09-18 09:20:43,377 [INFO] [31/61] CIEN
2026-09-18 09:20:43,607 [WARNING] CIEN 数据日期滞后：最新行情日期为 2026-09-16，缺少 2026-09-17 的正式收盘数据
2026-09-18 09:20:43,607 [INFO] CIEN 综合评分为 0.0，低于60分，不触发且不搜索新闻。
2026-09-18 09:20:43,808 [INFO] [32/61] SIVEF
2026-09-18 09:20:44,078 [WARNING] SIVEF 数据日期滞后：最新行情日期为 2026-09-16，缺少 2026-09-17 的正式收盘数据
2026-09-18 09:20:44,078 [INFO] SIVEF 综合评分为 0.0，低于60分，不触发且不搜索新闻。
2026-09-18 09:20:44,279 [INFO] [33/61] SHAZ
2026-09-18 09:20:44,554 [WARNING] SHAZ 数据日期滞后：最新行情日期为 2026-09-16，缺少 2026-09-17 的正式收盘数据
2026-09-18 09:20:44,554 [INFO] SHAZ 综合评分为 0.0，低于60分，不触发且不搜索新闻。
2026-09-18 09:20:44,754 [INFO] [34/61] LUNR
2026-09-18 09:20:44,951 [WARNING] LUNR 数据日期滞后：最新行情日期为 2026-09-16，缺少 2026-09-17 的正式收盘数据
2026-09-18 09:20:44,952 [INFO] LUNR 综合评分为 0.0，低于60分，不触发且不搜索新闻。
2026-09-18 09:20:45,152 [INFO] [35/61] ASTS
2026-09-18 09:20:45,353 [WARNING] ASTS 数据日期滞后：最新行情日期为 2026-09-16，缺少 2026-09-17 的正式收盘数据
2026-09-18 09:20:45,353 [INFO] ASTS 综合评分为 0.0，低于60分，不触发且不搜索新闻。
2026-09-18 09:20:45,553 [INFO] [36/61] AAOI
2026-09-18 09:20:45,756 [WARNING] AAOI 数据日期滞后：最新行情日期为 2026-09-16，缺少 2026-09-17 的正式收盘数据
2026-09-18 09:20:45,756 [INFO] AAOI 综合评分为 0.0，低于60分，不触发且不搜索新闻。
2026-09-18 09:20:45,956 [INFO] [37/61] INOD
2026-09-18 09:20:46,461 [WARNING] INOD 数据日期滞后：最新行情日期为 2026-09-16，缺少 2026-09-17 的正式收盘数据
2026-09-18 09:20:46,462 [INFO] INOD 综合评分为 0.0，低于60分，不触发且不搜索新闻。
2026-09-18 09:20:46,662 [INFO] [38/61] SPCX
2026-09-18 09:20:47,468 [WARNING] SPCX 历史行情不足：66 行
2026-09-18 09:20:47,468 [INFO] SPCX 综合评分为 0.0，低于60分，不触发且不搜索新闻。
2026-09-18 09:20:47,668 [INFO] [39/61] RDW
2026-09-18 09:20:48,439 [WARNING] RDW 数据日期滞后：最新行情日期为 2026-09-16，缺少 2026-09-17 的正式收盘数据
2026-09-18 09:20:48,439 [INFO] RDW 综合评分为 0.0，低于60分，不触发且不搜索新闻。
2026-09-18 09:20:48,639 [INFO] [40/61] QCOM
2026-09-18 09:20:49,436 [WARNING] QCOM 数据日期滞后：最新行情日期为 2026-09-16，缺少 2026-09-17 的正式收盘数据
2026-09-18 09:20:49,436 [INFO] QCOM 综合评分为 0.0，低于60分，不触发且不搜索新闻。
2026-09-18 09:20:49,637 [INFO] [41/61] COIN
2026-09-18 09:20:50,367 [WARNING] COIN 数据日期滞后：最新行情日期为 2026-09-16，缺少 2026-09-17 的正式收盘数据
2026-09-18 09:20:50,367 [INFO] COIN 综合评分为 0.0，低于60分，不触发且不搜索新闻。
2026-09-18 09:20:50,567 [INFO] [42/61] CORZ
2026-09-18 09:20:51,304 [WARNING] CORZ 数据日期滞后：最新行情日期为 2026-09-16，缺少 2026-09-17 的正式收盘数据
2026-09-18 09:20:51,305 [INFO] CORZ 综合评分为 0.0，低于60分，不触发且不搜索新闻。
2026-09-18 09:20:51,505 [INFO] [43/61] IREN
2026-09-18 09:20:52,237 [WARNING] IREN 数据日期滞后：最新行情日期为 2026-09-16，缺少 2026-09-17 的正式收盘数据
2026-09-18 09:20:52,237 [INFO] IREN 综合评分为 0.0，低于60分，不触发且不搜索新闻。
2026-09-18 09:20:52,437 [INFO] [44/61] VELO
2026-09-18 09:20:53,149 [WARNING] VELO 数据日期滞后：最新行情日期为 2026-09-16，缺少 2026-09-17 的正式收盘数据
2026-09-18 09:20:53,150 [INFO] VELO 综合评分为 0.0，低于60分，不触发且不搜索新闻。
2026-09-18 09:20:53,350 [INFO] [45/61] MSFT
2026-09-18 09:20:54,123 [WARNING] MSFT 数据日期滞后：最新行情日期为 2026-09-16，缺少 2026-09-17 的正式收盘数据
2026-09-18 09:20:54,124 [INFO] MSFT 综合评分为 0.0，低于60分，不触发且不搜索新闻。
2026-09-18 09:20:54,324 [INFO] [46/61] GOOG
2026-09-18 09:20:54,926 [WARNING] GOOG 数据日期滞后：最新行情日期为 2026-09-16，缺少 2026-09-17 的正式收盘数据
2026-09-18 09:20:54,926 [INFO] GOOG 综合评分为 0.0，低于60分，不触发且不搜索新闻。
2026-09-18 09:20:55,126 [INFO] [47/61] AVGO
2026-09-18 09:20:55,959 [WARNING] AVGO 数据日期滞后：最新行情日期为 2026-09-16，缺少 2026-09-17 的正式收盘数据
2026-09-18 09:20:55,959 [INFO] AVGO 综合评分为 0.0，低于60分，不触发且不搜索新闻。
2026-09-18 09:20:56,159 [INFO] [48/61] AMAT
2026-09-18 09:20:56,860 [WARNING] AMAT 数据日期滞后：最新行情日期为 2026-09-16，缺少 2026-09-17 的正式收盘数据
2026-09-18 09:20:56,860 [INFO] AMAT 综合评分为 0.0，低于60分，不触发且不搜索新闻。
2026-09-18 09:20:57,060 [INFO] [49/61] AMKR
2026-09-18 09:20:57,748 [WARNING] AMKR 数据日期滞后：最新行情日期为 2026-09-16，缺少 2026-09-17 的正式收盘数据
2026-09-18 09:20:57,748 [INFO] AMKR 综合评分为 0.0，低于60分，不触发且不搜索新闻。
2026-09-18 09:20:57,948 [INFO] [50/61] LRCX
2026-09-18 09:20:58,782 [WARNING] LRCX 数据日期滞后：最新行情日期为 2026-09-16，缺少 2026-09-17 的正式收盘数据
2026-09-18 09:20:58,782 [INFO] LRCX 综合评分为 0.0，低于60分，不触发且不搜索新闻。
2026-09-18 09:20:58,983 [INFO] [51/61] SNDK
2026-09-18 09:20:59,877 [WARNING] SNDK 数据日期滞后：最新行情日期为 2026-09-16，缺少 2026-09-17 的正式收盘数据
2026-09-18 09:20:59,877 [INFO] SNDK 综合评分为 0.0，低于60分，不触发且不搜索新闻。
2026-09-18 09:21:00,078 [INFO] [52/61] MU
2026-09-18 09:21:00,880 [WARNING] MU 数据日期滞后：最新行情日期为 2026-09-16，缺少 2026-09-17 的正式收盘数据
2026-09-18 09:21:00,880 [INFO] MU 综合评分为 0.0，低于60分，不触发且不搜索新闻。
2026-09-18 09:21:01,080 [INFO] [53/61] VICR
2026-09-18 09:21:01,768 [WARNING] VICR 数据日期滞后：最新行情日期为 2026-09-16，缺少 2026-09-17 的正式收盘数据
2026-09-18 09:21:01,768 [INFO] VICR 综合评分为 0.0，低于60分，不触发且不搜索新闻。
2026-09-18 09:21:01,968 [INFO] [54/61] NNE
2026-09-18 09:21:02,697 [WARNING] NNE 数据日期滞后：最新行情日期为 2026-09-16，缺少 2026-09-17 的正式收盘数据
2026-09-18 09:21:02,697 [INFO] NNE 综合评分为 0.0，低于60分，不触发且不搜索新闻。
2026-09-18 09:21:02,898 [INFO] [55/61] CCJ
2026-09-18 09:21:03,738 [WARNING] CCJ 数据日期滞后：最新行情日期为 2026-09-16，缺少 2026-09-17 的正式收盘数据
2026-09-18 09:21:03,738 [INFO] CCJ 综合评分为 0.0，低于60分，不触发且不搜索新闻。
2026-09-18 09:21:03,938 [INFO] [56/61] BWAY
2026-09-18 09:21:04,649 [WARNING] BWAY 数据日期滞后：最新行情日期为 2026-09-16，缺少 2026-09-17 的正式收盘数据
2026-09-18 09:21:04,649 [INFO] BWAY 综合评分为 0.0，低于60分，不触发且不搜索新闻。
2026-09-18 09:21:04,850 [INFO] [57/61] MANE
2026-09-18 09:21:05,521 [WARNING] MANE 数据日期滞后：最新行情日期为 2026-09-16，缺少 2026-09-17 的正式收盘数据
2026-09-18 09:21:05,521 [INFO] MANE 综合评分为 0.0，低于60分，不触发且不搜索新闻。
2026-09-18 09:21:05,722 [INFO] [58/61] QSI
2026-09-18 09:21:06,261 [WARNING] QSI 数据日期滞后：最新行情日期为 2026-09-16，缺少 2026-09-17 的正式收盘数据
2026-09-18 09:21:06,262 [INFO] QSI 综合评分为 0.0，低于60分，不触发且不搜索新闻。
2026-09-18 09:21:06,462 [INFO] [59/61] CRSP
2026-09-18 09:21:07,154 [WARNING] CRSP 数据日期滞后：最新行情日期为 2026-09-16，缺少 2026-09-17 的正式收盘数据
2026-09-18 09:21:07,154 [INFO] CRSP 综合评分为 0.0，低于60分，不触发且不搜索新闻。
2026-09-18 09:21:07,355 [INFO] [60/61] IBRX
2026-09-18 09:21:08,124 [WARNING] IBRX 数据日期滞后：最新行情日期为 2026-09-16，缺少 2026-09-17 的正式收盘数据
2026-09-18 09:21:08,124 [INFO] IBRX 综合评分为 0.0，低于60分，不触发且不搜索新闻。
2026-09-18 09:21:08,324 [INFO] [61/61] INSP
2026-09-18 09:21:09,097 [WARNING] INSP 数据日期滞后：最新行情日期为 2026-09-16，缺少 2026-09-17 的正式收盘数据
2026-09-18 09:21:09,097 [INFO] INSP 综合评分为 0.0，低于60分，不触发且不搜索新闻。
2026-09-18 09:21:09,503 [INFO] 已更新 ALAB_1 跟踪 Excel：/home/runner/work/stock-monitor-cloud/stock-monitor-cloud/data/CROSS/EXCLE/ALAB_1_20260904.xlsx，记录 8/30 个交易日。
2026-09-18 09:21:09,635 [INFO] 已更新 AMD_1 跟踪 Excel：/home/runner/work/stock-monitor-cloud/stock-monitor-cloud/data/CROSS/EXCLE/AMD_1_20260904.xlsx，记录 8/30 个交易日。
2026-09-18 09:21:09,833 [INFO] 已更新 AMZN_1 跟踪 Excel：/home/runner/work/stock-monitor-cloud/stock-monitor-cloud/data/CROSS/EXCLE/AMZN_1_20260828.xlsx，记录 13/30 个交易日。
2026-09-18 09:21:10,105 [INFO] 已更新 CCJ_1 跟踪 Excel：/home/runner/work/stock-monitor-cloud/stock-monitor-cloud/data/CROSS/EXCLE/CCJ_1_20260821.xlsx，记录 18/30 个交易日。
2026-09-18 09:21:10,274 [INFO] 已更新 COIN_1 跟踪 Excel：/home/runner/work/stock-monitor-cloud/stock-monitor-cloud/data/CROSS/EXCLE/COIN_1_20260819.xlsx，记录 20/30 个交易日。
2026-09-18 09:21:10,426 [INFO] 已更新 CRCL_1 跟踪 Excel：/home/runner/work/stock-monitor-cloud/stock-monitor-cloud/data/CROSS/EXCLE/CRCL_1_20260819.xlsx，记录 20/30 个交易日。
2026-09-18 09:21:10,577 [INFO] 已更新 CRSP_1 跟踪 Excel：/home/runner/work/stock-monitor-cloud/stock-monitor-cloud/data/CROSS/EXCLE/CRSP_1_20260819.xlsx，记录 20/30 个交易日。
2026-09-18 09:21:10,720 [INFO] 已更新 DELL_1 跟踪 Excel：/home/runner/work/stock-monitor-cloud/stock-monitor-cloud/data/CROSS/EXCLE/DELL_1_20260827.xlsx，记录 14/30 个交易日。
2026-09-18 09:21:11,000 [INFO] 已更新 ERAS_1 跟踪 Excel：/home/runner/work/stock-monitor-cloud/stock-monitor-cloud/data/CROSS/EXCLE/ERAS_1_20260826.xlsx，记录 15/30 个交易日。
2026-09-18 09:21:11,175 [INFO] 已更新 GLW_1 跟踪 Excel：/home/runner/work/stock-monitor-cloud/stock-monitor-cloud/data/CROSS/EXCLE/GLW_1_20260904.xlsx，记录 8/30 个交易日。
2026-09-18 09:21:11,341 [INFO] 已更新 IBRX_1 跟踪 Excel：/home/runner/work/stock-monitor-cloud/stock-monitor-cloud/data/CROSS/EXCLE/IBRX_1_20260819.xlsx，记录 20/30 个交易日。
2026-09-18 09:21:11,491 [INFO] 已更新 INSP_1 跟踪 Excel：/home/runner/work/stock-monitor-cloud/stock-monitor-cloud/data/CROSS/EXCLE/INSP_1_20260819.xlsx，记录 20/30 个交易日。
2026-09-18 09:21:11,616 [INFO] 已更新 IREN_1 跟踪 Excel：/home/runner/work/stock-monitor-cloud/stock-monitor-cloud/data/CROSS/EXCLE/IREN_1_20260904.xlsx，记录 8/30 个交易日。
2026-09-18 09:21:11,784 [INFO] 已更新 LITE_1 跟踪 Excel：/home/runner/work/stock-monitor-cloud/stock-monitor-cloud/data/CROSS/EXCLE/LITE_1_20260825.xlsx，记录 16/30 个交易日。
2026-09-18 09:21:11,968 [INFO] 已更新 MRVL_1 跟踪 Excel：/home/runner/work/stock-monitor-cloud/stock-monitor-cloud/data/CROSS/EXCLE/MRVL_1_20260819.xlsx，记录 20/30 个交易日。
2026-09-18 09:21:12,153 [INFO] 已更新 MSFT_1 跟踪 Excel：/home/runner/work/stock-monitor-cloud/stock-monitor-cloud/data/CROSS/EXCLE/MSFT_1_20260826.xlsx，记录 15/30 个交易日。
2026-09-18 09:21:12,348 [INFO] 已更新 MU_1 跟踪 Excel：/home/runner/work/stock-monitor-cloud/stock-monitor-cloud/data/CROSS/EXCLE/MU_1_20260831.xlsx，记录 12/30 个交易日。
2026-09-18 09:21:12,469 [INFO] 已更新 NNE_1 跟踪 Excel：/home/runner/work/stock-monitor-cloud/stock-monitor-cloud/data/CROSS/EXCLE/NNE_1_20260827.xlsx，记录 14/30 个交易日。
2026-09-18 09:21:12,623 [INFO] 已更新 NOK_1 跟踪 Excel：/home/runner/work/stock-monitor-cloud/stock-monitor-cloud/data/CROSS/EXCLE/NOK_1_20260911.xlsx，记录 4/30 个交易日。
2026-09-18 09:21:12,795 [INFO] 已更新 NVDA_1 跟踪 Excel：/home/runner/work/stock-monitor-cloud/stock-monitor-cloud/data/CROSS/EXCLE/NVDA_1_20260827.xlsx，记录 14/30 个交易日。
2026-09-18 09:21:12,953 [INFO] 已更新 OKLO_1 跟踪 Excel：/home/runner/work/stock-monitor-cloud/stock-monitor-cloud/data/CROSS/EXCLE/OKLO_1_20260825.xlsx，记录 16/30 个交易日。
2026-09-18 09:21:13,118 [INFO] 已更新 ORCL_1 跟踪 Excel：/home/runner/work/stock-monitor-cloud/stock-monitor-cloud/data/CROSS/EXCLE/ORCL_1_20260826.xlsx，记录 15/30 个交易日。
2026-09-18 09:21:13,387 [INFO] 已更新 QCOM_1 跟踪 Excel：/home/runner/work/stock-monitor-cloud/stock-monitor-cloud/data/CROSS/EXCLE/QCOM_1_20260827.xlsx，记录 14/30 个交易日。
2026-09-18 09:21:13,485 [INFO] 已更新 QSI_1 跟踪 Excel：/home/runner/work/stock-monitor-cloud/stock-monitor-cloud/data/CROSS/EXCLE/QSI_1_20260821.xlsx，记录 18/30 个交易日。
2026-09-18 09:21:13,690 [INFO] 已更新 SMR_1 跟踪 Excel：/home/runner/work/stock-monitor-cloud/stock-monitor-cloud/data/CROSS/EXCLE/SMR_1_20260825.xlsx，记录 16/30 个交易日。
2026-09-18 09:21:13,823 [INFO] 已更新 SNDK_1 跟踪 Excel：/home/runner/work/stock-monitor-cloud/stock-monitor-cloud/data/CROSS/EXCLE/SNDK_1_20260904.xlsx，记录 8/30 个交易日。
2026-09-18 09:21:13,824 [INFO] 报告生成完成：/home/runner/work/stock-monitor-cloud/stock-monitor-cloud/data/CROSS/强势金叉监控报告_2026-09-17.docx
2026-09-21 09:12:32,485 [INFO] 开始扫描 61 只股票，正式交易日：2026-09-18
2026-09-21 09:12:32,485 [INFO] [1/61] NOK
2026-09-21 09:12:33,045 [INFO] [2/61] XE
2026-09-21 09:12:33,329 [INFO] XE 综合评分为 27.0，低于60分，不触发且不搜索新闻。
2026-09-21 09:12:33,530 [INFO] [3/61] RKLB
2026-09-21 09:12:33,707 [INFO] RKLB 综合评分为 43.0，低于60分，不触发且不搜索新闻。
2026-09-21 09:12:33,907 [INFO] [4/61] NBIS
2026-09-21 09:12:34,202 [INFO] NBIS 综合评分为 56.0，低于60分，不触发且不搜索新闻。
2026-09-21 09:12:34,403 [INFO] [5/61] ARM
2026-09-21 09:12:34,804 [INFO] [6/61] OPTX
2026-09-21 09:12:34,916 [INFO] OPTX 综合评分为 30.0，低于60分，不触发且不搜索新闻。
2026-09-21 09:12:35,116 [INFO] [7/61] GLW
2026-09-21 09:12:35,395 [INFO] GLW 综合评分为 39.0，低于60分，不触发且不搜索新闻。
2026-09-21 09:12:35,595 [INFO] [8/61] COHR
2026-09-21 09:12:35,998 [INFO] [9/61] LITE
2026-09-21 09:12:36,163 [INFO] LITE 综合评分为 58.0，低于60分，不触发且不搜索新闻。
2026-09-21 09:12:36,364 [INFO] [10/61] MRVL
2026-09-21 09:12:36,811 [INFO] [11/61] INTC
2026-09-21 09:12:37,310 [INFO] [12/61] ALAB
2026-09-21 09:12:37,734 [INFO] [13/61] FLNC
2026-09-21 09:12:37,850 [INFO] FLNC 综合评分为 10.0，低于60分，不触发且不搜索新闻。
2026-09-21 09:12:38,051 [INFO] [14/61] CRWV
2026-09-21 09:12:38,211 [INFO] CRWV 综合评分为 24.0，低于60分，不触发且不搜索新闻。
2026-09-21 09:12:38,411 [INFO] [15/61] ORCL
2026-09-21 09:12:38,569 [INFO] ORCL 综合评分为 28.0，低于60分，不触发且不搜索新闻。
2026-09-21 09:12:38,770 [INFO] [16/61] NVTS
2026-09-21 09:12:39,176 [INFO] [17/61] POET
2026-09-21 09:12:39,378 [INFO] POET 综合评分为 44.0，低于60分，不触发且不搜索新闻。
2026-09-21 09:12:39,578 [INFO] [18/61] DELL
2026-09-21 09:12:39,881 [INFO] DELL 综合评分为 31.0，低于60分，不触发且不搜索新闻。
2026-09-21 09:12:40,082 [INFO] [19/61] BB
2026-09-21 09:12:40,299 [INFO] BB 综合评分为 48.0，低于60分，不触发且不搜索新闻。
2026-09-21 09:12:40,499 [INFO] [20/61] ONDS
2026-09-21 09:12:40,719 [INFO] ONDS 综合评分为 12.0，低于60分，不触发且不搜索新闻。
2026-09-21 09:12:40,919 [INFO] [21/61] SMR
2026-09-21 09:12:41,132 [INFO] SMR 综合评分为 19.0，低于60分，不触发且不搜索新闻。
2026-09-21 09:12:41,332 [INFO] [22/61] OKLO
2026-09-21 09:12:41,550 [INFO] OKLO 综合评分为 41.0，低于60分，不触发且不搜索新闻。
2026-09-21 09:12:41,750 [INFO] [23/61] IONQ
2026-09-21 09:12:42,192 [INFO] [24/61] QBTS
2026-09-21 09:12:42,313 [INFO] QBTS 综合评分为 52.0，低于60分，不触发且不搜索新闻。
2026-09-21 09:12:42,513 [INFO] [25/61] NVDA
2026-09-21 09:12:42,841 [INFO] [26/61] AMZN
2026-09-21 09:12:43,142 [INFO] AMZN 综合评分为 43.0，低于60分，不触发且不搜索新闻。
2026-09-21 09:12:43,342 [INFO] [27/61] AMD
2026-09-21 09:12:43,801 [INFO] [28/61] CRCL
2026-09-21 09:12:44,101 [INFO] [29/61] FLY
2026-09-21 09:12:44,230 [INFO] FLY 综合评分为 56.0，低于60分，不触发且不搜索新闻。
2026-09-21 09:12:44,430 [INFO] [30/61] CBRS
2026-09-21 09:12:44,824 [INFO] [31/61] CIEN
2026-09-21 09:12:44,981 [INFO] CIEN 综合评分为 55.0，低于60分，不触发且不搜索新闻。
2026-09-21 09:12:45,181 [INFO] [32/61] SIVEF
2026-09-21 09:12:45,699 [INFO] SIVEF 综合评分为 49.0，低于60分，不触发且不搜索新闻。
2026-09-21 09:12:45,899 [INFO] [33/61] SHAZ
2026-09-21 09:12:46,236 [INFO] [34/61] LUNR
2026-09-21 09:12:46,472 [INFO] LUNR 综合评分为 28.0，低于60分，不触发且不搜索新闻。
2026-09-21 09:12:46,672 [INFO] [35/61] ASTS
2026-09-21 09:12:47,003 [INFO] ASTS 综合评分为 25.0，低于60分，不触发且不搜索新闻。
2026-09-21 09:12:47,204 [INFO] [36/61] AAOI
2026-09-21 09:12:47,374 [INFO] AAOI 综合评分为 41.0，低于60分，不触发且不搜索新闻。
2026-09-21 09:12:47,575 [INFO] [37/61] INOD
2026-09-21 09:12:47,732 [INFO] INOD 综合评分为 53.0，低于60分，不触发且不搜索新闻。
2026-09-21 09:12:47,932 [INFO] [38/61] SPCX
2026-09-21 09:12:48,312 [WARNING] SPCX 历史行情不足：68 行
2026-09-21 09:12:48,312 [INFO] SPCX 综合评分为 0.0，低于60分，不触发且不搜索新闻。
2026-09-21 09:12:48,512 [INFO] [39/61] RDW
2026-09-21 09:12:48,987 [INFO] RDW 综合评分为 39.0，低于60分，不触发且不搜索新闻。
2026-09-21 09:12:49,187 [INFO] [40/61] QCOM
2026-09-21 09:12:49,695 [INFO] QCOM 综合评分为 36.0，低于60分，不触发且不搜索新闻。
2026-09-21 09:12:49,895 [INFO] [41/61] COIN
2026-09-21 09:12:50,600 [INFO] [42/61] CORZ
2026-09-21 09:12:51,034 [INFO] CORZ 综合评分为 56.0，低于60分，不触发且不搜索新闻。
2026-09-21 09:12:51,235 [INFO] [43/61] IREN
2026-09-21 09:12:51,657 [INFO] IREN 综合评分为 57.0，低于60分，不触发且不搜索新闻。
2026-09-21 09:12:51,857 [INFO] [44/61] VELO
2026-09-21 09:12:52,531 [INFO] VELO 综合评分为 20.0，低于60分，不触发且不搜索新闻。
2026-09-21 09:12:52,732 [INFO] [45/61] MSFT
2026-09-21 09:12:53,370 [INFO] MSFT 综合评分为 37.0，低于60分，不触发且不搜索新闻。
2026-09-21 09:12:53,570 [INFO] [46/61] GOOG
2026-09-21 09:12:54,426 [INFO] [47/61] AVGO
2026-09-21 09:12:55,120 [INFO] AVGO 综合评分为 45.0，低于60分，不触发且不搜索新闻。
2026-09-21 09:12:55,320 [INFO] [48/61] AMAT
2026-09-21 09:12:55,795 [INFO] AMAT 综合评分为 40.0，低于60分，不触发且不搜索新闻。
2026-09-21 09:12:55,995 [INFO] [49/61] AMKR
2026-09-21 09:12:56,383 [INFO] AMKR 综合评分为 58.0，低于60分，不触发且不搜索新闻。
2026-09-21 09:12:56,583 [INFO] [50/61] LRCX
2026-09-21 09:12:57,144 [INFO] LRCX 综合评分为 21.0，低于60分，不触发且不搜索新闻。
2026-09-21 09:12:57,345 [INFO] [51/61] SNDK
2026-09-21 09:12:58,063 [INFO] [52/61] MU
2026-09-21 09:12:58,780 [INFO] [53/61] VICR
2026-09-21 09:12:59,476 [INFO] [54/61] NNE
2026-09-21 09:13:00,097 [INFO] NNE 综合评分为 24.0，低于60分，不触发且不搜索新闻。
2026-09-21 09:13:00,297 [INFO] [55/61] CCJ
2026-09-21 09:13:00,978 [INFO] CCJ 综合评分为 21.0，低于60分，不触发且不搜索新闻。
2026-09-21 09:13:01,178 [INFO] [56/61] BWAY
2026-09-21 09:13:01,615 [INFO] BWAY 综合评分为 20.0，低于60分，不触发且不搜索新闻。
2026-09-21 09:13:01,815 [INFO] [57/61] MANE
2026-09-21 09:13:02,488 [INFO] [58/61] QSI
2026-09-21 09:13:02,882 [INFO] QSI 综合评分为 55.0，低于60分，不触发且不搜索新闻。
2026-09-21 09:13:03,082 [INFO] [59/61] CRSP
2026-09-21 09:13:03,738 [INFO] [60/61] IBRX
2026-09-21 09:13:04,352 [INFO] [61/61] INSP
2026-09-21 09:13:04,943 [INFO] SNDK 达到 92.0 分，开始搜索新闻。
2026-09-21 09:13:05,598 [INFO] MU 达到 89.0 分，开始搜索新闻。
2026-09-21 09:13:06,210 [INFO] COHR 达到 85.0 分，开始搜索新闻。
2026-09-21 09:13:06,849 [INFO] ALAB 达到 84.0 分，开始搜索新闻。
2026-09-21 09:13:07,496 [INFO] ARM 达到 82.0 分，开始搜索新闻。
2026-09-21 09:13:08,129 [INFO] IBRX 达到 81.0 分，开始搜索新闻。
2026-09-21 09:13:08,760 [INFO] NOK 达到 77.0 分，开始搜索新闻。
2026-09-21 09:13:09,380 [INFO] SHAZ 达到 77.0 分，开始搜索新闻。
2026-09-21 09:13:10,014 [INFO] INTC 达到 75.0 分，开始搜索新闻。
2026-09-21 09:13:10,619 [INFO] AMD 达到 75.0 分，开始搜索新闻。
2026-09-21 09:13:11,250 [INFO] COIN 达到 73.0 分，开始搜索新闻。
2026-09-21 09:13:11,869 [INFO] VICR 达到 70.0 分，开始搜索新闻。
2026-09-21 09:13:12,498 [INFO] INSP 达到 69.0 分，开始搜索新闻。
2026-09-21 09:13:13,120 [INFO] NVDA 达到 68.0 分，开始搜索新闻。
2026-09-21 09:13:13,727 [INFO] GOOG 达到 67.0 分，开始搜索新闻。
2026-09-21 09:13:14,358 [INFO] IONQ 达到 66.0 分，开始搜索新闻。
2026-09-21 09:13:15,001 [INFO] MRVL 达到 64.0 分，开始搜索新闻。
2026-09-21 09:13:15,626 [INFO] CBRS 达到 64.0 分，开始搜索新闻。
2026-09-21 09:13:16,249 [INFO] CRSP 达到 64.0 分，开始搜索新闻。
2026-09-21 09:13:16,866 [INFO] NVTS 达到 61.0 分，开始搜索新闻。
2026-09-21 09:13:18,386 [INFO] MANE 达到 61.0 分，开始搜索新闻。
2026-09-21 09:13:20,037 [INFO] CRCL 达到 60.0 分，开始搜索新闻。
2026-09-21 09:13:20,800 [INFO] 已写入 CROSS.txt：SNDK（2）, MU（3）, COHR, ALAB（2）, ARM, IBRX（5）, NOK（2）, SHAZ, INTC, AMD（3）, COIN（6）, VICR, INSP（5）, NVDA（3）, GOOG, IONQ, MRVL（7）, CBRS, CRSP（4）, NVTS, MANE, CRCL（7）
2026-09-21 09:13:20,800 [INFO] 未配置 Google Sheets 授权，已跳过云端表格写入。可设置环境变量 GOOGLE_SERVICE_ACCOUNT_JSON，或把服务账号 JSON 放到：/home/runner/work/stock-monitor-cloud/stock-monitor-cloud/data/CROSS/google_service_account.json
2026-09-21 09:13:20,985 [INFO] 已更新 ALAB_1 跟踪 Excel：/home/runner/work/stock-monitor-cloud/stock-monitor-cloud/data/CROSS/EXCLE/ALAB_1_20260904.xlsx，记录 10/30 个交易日。
2026-09-21 09:13:21,083 [INFO] 已更新 AMD_1 跟踪 Excel：/home/runner/work/stock-monitor-cloud/stock-monitor-cloud/data/CROSS/EXCLE/AMD_1_20260904.xlsx，记录 10/30 个交易日。
2026-09-21 09:13:21,173 [INFO] 已更新 AMZN_1 跟踪 Excel：/home/runner/work/stock-monitor-cloud/stock-monitor-cloud/data/CROSS/EXCLE/AMZN_1_20260828.xlsx，记录 15/30 个交易日。
2026-09-21 09:13:21,236 [INFO] 已更新 ARM_1 跟踪 Excel：/home/runner/work/stock-monitor-cloud/stock-monitor-cloud/data/CROSS/EXCLE/ARM_1_20260918.xlsx，记录 1/30 个交易日。
2026-09-21 09:13:21,298 [INFO] 已更新 CBRS_1 跟踪 Excel：/home/runner/work/stock-monitor-cloud/stock-monitor-cloud/data/CROSS/EXCLE/CBRS_1_20260918.xlsx，记录 1/30 个交易日。
2026-09-21 09:13:21,419 [INFO] 已更新 CCJ_1 跟踪 Excel：/home/runner/work/stock-monitor-cloud/stock-monitor-cloud/data/CROSS/EXCLE/CCJ_1_20260821.xlsx，记录 20/30 个交易日。
2026-09-21 09:13:21,569 [INFO] 已更新 COHR_1 跟踪 Excel：/home/runner/work/stock-monitor-cloud/stock-monitor-cloud/data/CROSS/EXCLE/COHR_1_20260918.xlsx，记录 1/30 个交易日。
2026-09-21 09:13:21,707 [INFO] 已更新 COIN_1 跟踪 Excel：/home/runner/work/stock-monitor-cloud/stock-monitor-cloud/data/CROSS/EXCLE/COIN_1_20260819.xlsx，记录 22/30 个交易日。
2026-09-21 09:13:21,828 [INFO] 已更新 CRCL_1 跟踪 Excel：/home/runner/work/stock-monitor-cloud/stock-monitor-cloud/data/CROSS/EXCLE/CRCL_1_20260819.xlsx，记录 22/30 个交易日。
2026-09-21 09:13:21,967 [INFO] 已更新 CRSP_1 跟踪 Excel：/home/runner/work/stock-monitor-cloud/stock-monitor-cloud/data/CROSS/EXCLE/CRSP_1_20260819.xlsx，记录 22/30 个交易日。
2026-09-21 09:13:22,051 [INFO] 已更新 DELL_1 跟踪 Excel：/home/runner/work/stock-monitor-cloud/stock-monitor-cloud/data/CROSS/EXCLE/DELL_1_20260827.xlsx，记录 16/30 个交易日。
2026-09-21 09:13:22,206 [INFO] 已更新 ERAS_1 跟踪 Excel：/home/runner/work/stock-monitor-cloud/stock-monitor-cloud/data/CROSS/EXCLE/ERAS_1_20260826.xlsx，记录 17/30 个交易日。
2026-09-21 09:13:22,341 [INFO] 已更新 GLW_1 跟踪 Excel：/home/runner/work/stock-monitor-cloud/stock-monitor-cloud/data/CROSS/EXCLE/GLW_1_20260904.xlsx，记录 10/30 个交易日。
2026-09-21 09:13:22,424 [INFO] 已更新 GOOG_1 跟踪 Excel：/home/runner/work/stock-monitor-cloud/stock-monitor-cloud/data/CROSS/EXCLE/GOOG_1_20260918.xlsx，记录 1/30 个交易日。
2026-09-21 09:13:22,500 [INFO] 已更新 IBRX_1 跟踪 Excel：/home/runner/work/stock-monitor-cloud/stock-monitor-cloud/data/CROSS/EXCLE/IBRX_1_20260819.xlsx，记录 22/30 个交易日。
2026-09-21 09:13:22,577 [INFO] 已更新 INSP_1 跟踪 Excel：/home/runner/work/stock-monitor-cloud/stock-monitor-cloud/data/CROSS/EXCLE/INSP_1_20260819.xlsx，记录 22/30 个交易日。
2026-09-21 09:13:22,674 [INFO] 已更新 INTC_1 跟踪 Excel：/home/runner/work/stock-monitor-cloud/stock-monitor-cloud/data/CROSS/EXCLE/INTC_1_20260918.xlsx，记录 1/30 个交易日。
2026-09-21 09:13:22,862 [INFO] 已更新 IONQ_1 跟踪 Excel：/home/runner/work/stock-monitor-cloud/stock-monitor-cloud/data/CROSS/EXCLE/IONQ_1_20260918.xlsx，记录 1/30 个交易日。
2026-09-21 09:13:22,963 [INFO] 已更新 IREN_1 跟踪 Excel：/home/runner/work/stock-monitor-cloud/stock-monitor-cloud/data/CROSS/EXCLE/IREN_1_20260904.xlsx，记录 10/30 个交易日。
2026-09-21 09:13:23,095 [INFO] 已更新 LITE_1 跟踪 Excel：/home/runner/work/stock-monitor-cloud/stock-monitor-cloud/data/CROSS/EXCLE/LITE_1_20260825.xlsx，记录 18/30 个交易日。
2026-09-21 09:13:23,156 [INFO] 已更新 MANE_1 跟踪 Excel：/home/runner/work/stock-monitor-cloud/stock-monitor-cloud/data/CROSS/EXCLE/MANE_1_20260918.xlsx，记录 1/30 个交易日。
2026-09-21 09:13:23,288 [INFO] 已更新 MRVL_1 跟踪 Excel：/home/runner/work/stock-monitor-cloud/stock-monitor-cloud/data/CROSS/EXCLE/MRVL_1_20260819.xlsx，记录 22/30 个交易日。
2026-09-21 09:13:23,402 [INFO] 已更新 MSFT_1 跟踪 Excel：/home/runner/work/stock-monitor-cloud/stock-monitor-cloud/data/CROSS/EXCLE/MSFT_1_20260826.xlsx，记录 17/30 个交易日。
2026-09-21 09:13:23,601 [INFO] 已更新 MU_1 跟踪 Excel：/home/runner/work/stock-monitor-cloud/stock-monitor-cloud/data/CROSS/EXCLE/MU_1_20260831.xlsx，记录 14/30 个交易日。
2026-09-21 09:13:23,743 [INFO] 已更新 NNE_1 跟踪 Excel：/home/runner/work/stock-monitor-cloud/stock-monitor-cloud/data/CROSS/EXCLE/NNE_1_20260827.xlsx，记录 16/30 个交易日。
2026-09-21 09:13:23,905 [INFO] 已更新 NOK_1 跟踪 Excel：/home/runner/work/stock-monitor-cloud/stock-monitor-cloud/data/CROSS/EXCLE/NOK_1_20260911.xlsx，记录 6/30 个交易日。
2026-09-21 09:13:24,046 [INFO] 已更新 NVDA_1 跟踪 Excel：/home/runner/work/stock-monitor-cloud/stock-monitor-cloud/data/CROSS/EXCLE/NVDA_1_20260827.xlsx，记录 16/30 个交易日。
2026-09-21 09:13:24,150 [INFO] 已更新 NVTS_1 跟踪 Excel：/home/runner/work/stock-monitor-cloud/stock-monitor-cloud/data/CROSS/EXCLE/NVTS_1_20260918.xlsx，记录 1/30 个交易日。
2026-09-21 09:13:24,297 [INFO] 已更新 OKLO_1 跟踪 Excel：/home/runner/work/stock-monitor-cloud/stock-monitor-cloud/data/CROSS/EXCLE/OKLO_1_20260825.xlsx，记录 18/30 个交易日。
2026-09-21 09:13:24,457 [INFO] 已更新 ORCL_1 跟踪 Excel：/home/runner/work/stock-monitor-cloud/stock-monitor-cloud/data/CROSS/EXCLE/ORCL_1_20260826.xlsx，记录 17/30 个交易日。
2026-09-21 09:13:24,598 [INFO] 已更新 QCOM_1 跟踪 Excel：/home/runner/work/stock-monitor-cloud/stock-monitor-cloud/data/CROSS/EXCLE/QCOM_1_20260827.xlsx，记录 16/30 个交易日。
2026-09-21 09:13:24,674 [INFO] 已更新 QSI_1 跟踪 Excel：/home/runner/work/stock-monitor-cloud/stock-monitor-cloud/data/CROSS/EXCLE/QSI_1_20260821.xlsx，记录 20/30 个交易日。
2026-09-21 09:13:24,783 [INFO] 已更新 SHAZ_1 跟踪 Excel：/home/runner/work/stock-monitor-cloud/stock-monitor-cloud/data/CROSS/EXCLE/SHAZ_1_20260918.xlsx，记录 1/30 个交易日。
2026-09-21 09:13:24,903 [INFO] 已更新 SMR_1 跟踪 Excel：/home/runner/work/stock-monitor-cloud/stock-monitor-cloud/data/CROSS/EXCLE/SMR_1_20260825.xlsx，记录 18/30 个交易日。
2026-09-21 09:13:25,073 [INFO] 已更新 SNDK_1 跟踪 Excel：/home/runner/work/stock-monitor-cloud/stock-monitor-cloud/data/CROSS/EXCLE/SNDK_1_20260904.xlsx，记录 10/30 个交易日。
2026-09-21 09:13:25,155 [INFO] 已更新 VICR_1 跟踪 Excel：/home/runner/work/stock-monitor-cloud/stock-monitor-cloud/data/CROSS/EXCLE/VICR_1_20260918.xlsx，记录 1/30 个交易日。
2026-09-21 09:13:25,156 [INFO] 报告生成完成：/home/runner/work/stock-monitor-cloud/stock-monitor-cloud/data/CROSS/强势金叉监控报告_2026-09-18.docx
2026-09-22 09:39:04,146 [INFO] 开始扫描 61 只股票，正式交易日：2026-09-21
2026-09-22 09:39:04,146 [INFO] [1/61] NOK
2026-09-22 09:39:04,641 [INFO] [2/61] XE
2026-09-22 09:39:04,795 [INFO] XE 综合评分为 15.0，低于60分，不触发且不搜索新闻。
2026-09-22 09:39:04,995 [INFO] [3/61] RKLB
2026-09-22 09:39:05,322 [INFO] [4/61] NBIS
2026-09-22 09:39:05,720 [INFO] [5/61] ARM
2026-09-22 09:39:06,036 [INFO] [6/61] OPTX
2026-09-22 09:39:06,276 [INFO] OPTX 综合评分为 51.0，低于60分，不触发且不搜索新闻。
2026-09-22 09:39:06,476 [INFO] [7/61] GLW
2026-09-22 09:39:06,902 [INFO] [8/61] COHR
2026-09-22 09:39:07,333 [INFO] [9/61] LITE
2026-09-22 09:39:07,676 [INFO] [10/61] MRVL
2026-09-22 09:39:08,025 [INFO] [11/61] INTC
2026-09-22 09:39:08,517 [INFO] [12/61] ALAB
2026-09-22 09:39:08,957 [INFO] [13/61] FLNC
2026-09-22 09:39:09,192 [INFO] FLNC 综合评分为 9.0，低于60分，不触发且不搜索新闻。
2026-09-22 09:39:09,392 [INFO] [14/61] CRWV
2026-09-22 09:39:09,619 [INFO] CRWV 综合评分为 40.0，低于60分，不触发且不搜索新闻。
2026-09-22 09:39:09,820 [INFO] [15/61] ORCL
2026-09-22 09:39:09,974 [INFO] ORCL 综合评分为 31.0，低于60分，不触发且不搜索新闻。
2026-09-22 09:39:10,174 [INFO] [16/61] NVTS
2026-09-22 09:39:10,569 [INFO] [17/61] POET
2026-09-22 09:39:10,954 [INFO] [18/61] DELL
2026-09-22 09:39:11,081 [INFO] DELL 综合评分为 46.0，低于60分，不触发且不搜索新闻。
2026-09-22 09:39:11,281 [INFO] [19/61] BB
2026-09-22 09:39:11,619 [INFO] [20/61] ONDS
2026-09-22 09:39:11,833 [INFO] ONDS 综合评分为 35.0，低于60分，不触发且不搜索新闻。
2026-09-22 09:39:12,033 [INFO] [21/61] SMR
2026-09-22 09:39:12,278 [INFO] SMR 综合评分为 17.0，低于60分，不触发且不搜索新闻。
2026-09-22 09:39:12,478 [INFO] [22/61] OKLO
2026-09-22 09:39:12,788 [INFO] [23/61] IONQ
2026-09-22 09:39:13,131 [INFO] [24/61] QBTS
2026-09-22 09:39:13,266 [INFO] QBTS 综合评分为 46.0，低于60分，不触发且不搜索新闻。
2026-09-22 09:39:13,466 [INFO] [25/61] NVDA
2026-09-22 09:39:13,806 [INFO] [26/61] AMZN
2026-09-22 09:39:13,927 [INFO] AMZN 综合评分为 53.0，低于60分，不触发且不搜索新闻。
2026-09-22 09:39:14,128 [INFO] [27/61] AMD
2026-09-22 09:39:14,451 [INFO] [28/61] CRCL
2026-09-22 09:39:14,857 [INFO] [29/61] FLY
2026-09-22 09:39:15,102 [INFO] FLY 综合评分为 57.0，低于60分，不触发且不搜索新闻。
2026-09-22 09:39:15,303 [INFO] [30/61] CBRS
2026-09-22 09:39:15,703 [INFO] [31/61] CIEN
2026-09-22 09:39:15,899 [INFO] CIEN 综合评分为 46.0，低于60分，不触发且不搜索新闻。
2026-09-22 09:39:16,100 [INFO] [32/61] SIVEF
2026-09-22 09:39:16,340 [INFO] SIVEF 综合评分为 53.0，低于60分，不触发且不搜索新闻。
2026-09-22 09:39:16,540 [INFO] [33/61] SHAZ
2026-09-22 09:39:16,942 [INFO] [34/61] LUNR
2026-09-22 09:39:17,255 [INFO] [35/61] ASTS
2026-09-22 09:39:17,366 [INFO] ASTS 综合评分为 50.0，低于60分，不触发且不搜索新闻。
2026-09-22 09:39:17,566 [INFO] [36/61] AAOI
2026-09-22 09:39:17,892 [INFO] [37/61] INOD
2026-09-22 09:39:18,207 [INFO] [38/61] SPCX
2026-09-22 09:39:18,542 [WARNING] SPCX 历史行情不足：69 行
2026-09-22 09:39:18,542 [INFO] SPCX 综合评分为 0.0，低于60分，不触发且不搜索新闻。
2026-09-22 09:39:18,742 [INFO] [39/61] RDW
2026-09-22 09:39:19,159 [INFO] RDW 综合评分为 54.0，低于60分，不触发且不搜索新闻。
2026-09-22 09:39:19,360 [INFO] [40/61] QCOM
2026-09-22 09:39:20,334 [INFO] [41/61] COIN
2026-09-22 09:39:21,026 [INFO] [42/61] CORZ
2026-09-22 09:39:21,524 [INFO] CORZ 综合评分为 56.0，低于60分，不触发且不搜索新闻。
2026-09-22 09:39:21,724 [INFO] [43/61] IREN
2026-09-22 09:39:22,387 [INFO] [44/61] VELO
2026-09-22 09:39:22,859 [INFO] VELO 综合评分为 56.0，低于60分，不触发且不搜索新闻。
2026-09-22 09:39:23,060 [INFO] [45/61] MSFT
2026-09-22 09:39:23,981 [INFO] [46/61] GOOG
2026-09-22 09:39:24,432 [INFO] GOOG 综合评分为 59.0，低于60分，不触发且不搜索新闻。
2026-09-22 09:39:24,632 [INFO] [47/61] AVGO
2026-09-22 09:39:25,367 [INFO] [48/61] AMAT
2026-09-22 09:39:25,957 [INFO] [49/61] AMKR
2026-09-22 09:39:26,467 [INFO] AMKR 综合评分为 56.0，低于60分，不触发且不搜索新闻。
2026-09-22 09:39:26,667 [INFO] [50/61] LRCX
2026-09-22 09:39:27,232 [INFO] LRCX 综合评分为 50.0，低于60分，不触发且不搜索新闻。
2026-09-22 09:39:27,433 [INFO] [51/61] SNDK
2026-09-22 09:39:28,047 [INFO] [52/61] MU
2026-09-22 09:39:28,909 [INFO] [53/61] VICR
2026-09-22 09:39:29,632 [INFO] [54/61] NNE
2026-09-22 09:39:30,259 [INFO] NNE 综合评分为 33.0，低于60分，不触发且不搜索新闻。
2026-09-22 09:39:30,460 [INFO] [55/61] CCJ
2026-09-22 09:39:31,098 [INFO] CCJ 综合评分为 26.0，低于60分，不触发且不搜索新闻。
2026-09-22 09:39:31,298 [INFO] [56/61] BWAY
2026-09-22 09:39:31,893 [INFO] BWAY 综合评分为 10.0，低于60分，不触发且不搜索新闻。
2026-09-22 09:39:32,094 [INFO] [57/61] MANE
2026-09-22 09:39:32,739 [INFO] [58/61] QSI
2026-09-22 09:39:33,165 [INFO] QSI 综合评分为 52.0，低于60分，不触发且不搜索新闻。
2026-09-22 09:39:33,365 [INFO] [59/61] CRSP
2026-09-22 09:39:34,170 [INFO] [60/61] IBRX
2026-09-22 09:39:34,796 [INFO] [61/61] INSP
2026-09-22 09:39:35,231 [INFO] INSP 综合评分为 51.0，低于60分，不触发且不搜索新闻。
2026-09-22 09:39:35,431 [INFO] COIN 达到 98.0 分，开始搜索新闻。
2026-09-22 09:39:36,070 [INFO] POET 达到 90.0 分，开始搜索新闻。
2026-09-22 09:39:36,928 [INFO] MU 达到 90.0 分，开始搜索新闻。
2026-09-22 09:39:37,554 [INFO] NBIS 达到 84.0 分，开始搜索新闻。
2026-09-22 09:39:38,223 [INFO] SNDK 达到 80.0 分，开始搜索新闻。
2026-09-22 09:39:38,839 [INFO] ALAB 达到 76.0 分，开始搜索新闻。
2026-09-22 09:39:39,447 [INFO] INTC 达到 75.0 分，开始搜索新闻。
2026-09-22 09:39:40,077 [INFO] AMD 达到 75.0 分，开始搜索新闻。
2026-09-22 09:39:40,706 [INFO] CRSP 达到 75.0 分，开始搜索新闻。
2026-09-22 09:39:41,340 [INFO] ARM 达到 74.0 分，开始搜索新闻。
2026-09-22 09:39:41,972 [INFO] GLW 达到 74.0 分，开始搜索新闻。
2026-09-22 09:39:42,592 [INFO] QCOM 达到 74.0 分，开始搜索新闻。
2026-09-22 09:39:43,211 [INFO] IREN 达到 72.0 分，开始搜索新闻。
2026-09-22 09:39:43,843 [INFO] LUNR 达到 71.0 分，开始搜索新闻。
2026-09-22 09:39:44,471 [INFO] AMAT 达到 71.0 分，开始搜索新闻。
2026-09-22 09:39:45,097 [INFO] COHR 达到 70.0 分，开始搜索新闻。
2026-09-22 09:39:45,709 [INFO] SHAZ 达到 69.0 分，开始搜索新闻。
2026-09-22 09:39:46,317 [INFO] MRVL 达到 68.0 分，开始搜索新闻。
2026-09-22 09:39:46,948 [INFO] IONQ 达到 67.0 分，开始搜索新闻。
2026-09-22 09:39:47,590 [INFO] AAOI 达到 66.0 分，开始搜索新闻。
2026-09-22 09:39:48,236 [INFO] AVGO 达到 66.0 分，开始搜索新闻。
2026-09-22 09:39:48,873 [INFO] VICR 达到 66.0 分，开始搜索新闻。
2026-09-22 09:39:49,503 [INFO] INOD 达到 65.0 分，开始搜索新闻。
2026-09-22 09:39:50,144 [INFO] NOK 达到 64.0 分，开始搜索新闻。
2026-09-22 09:39:50,776 [INFO] LITE 达到 63.0 分，开始搜索新闻。
2026-09-22 09:39:51,405 [INFO] BB 达到 63.0 分，开始搜索新闻。
2026-09-22 09:39:52,058 [INFO] NVDA 达到 63.0 分，开始搜索新闻。
2026-09-22 09:39:52,683 [INFO] CRCL 达到 63.0 分，开始搜索新闻。
2026-09-22 09:39:53,340 [INFO] OKLO 达到 62.0 分，开始搜索新闻。
2026-09-22 09:39:53,968 [INFO] CBRS 达到 62.0 分，开始搜索新闻。
2026-09-22 09:39:54,618 [INFO] IBRX 达到 62.0 分，开始搜索新闻。
2026-09-22 09:39:55,241 [INFO] NVTS 达到 61.0 分，开始搜索新闻。
2026-09-22 09:39:55,867 [INFO] MSFT 达到 61.0 分，开始搜索新闻。
2026-09-22 09:39:56,563 [INFO] MANE 达到 61.0 分，开始搜索新闻。
2026-09-22 09:39:57,194 [INFO] RKLB 达到 60.0 分，开始搜索新闻。
2026-09-22 09:39:58,025 [INFO] 已写入 CROSS.txt：COIN（7）, POET, MU（4）, NBIS, SNDK（3）, ALAB（3）, INTC（2）, AMD（4）, CRSP（5）, ARM（2）, GLW（2）, QCOM（4）, IREN（2）, LUNR, AMAT, COHR（2）, SHAZ（2）, MRVL（8）, IONQ（2）, AAOI, AVGO, VICR（2）, INOD, NOK（3）, LITE（4）, BB, NVDA（4）, CRCL（8）, OKLO（2）, CBRS（2）, IBRX（6）, NVTS（2）, MSFT（2）, MANE（2）, RKLB
2026-09-22 09:39:58,025 [INFO] 未配置 Google Sheets 授权，已跳过云端表格写入。可设置环境变量 GOOGLE_SERVICE_ACCOUNT_JSON，或把服务账号 JSON 放到：/home/runner/work/stock-monitor-cloud/stock-monitor-cloud/data/CROSS/google_service_account.json
2026-09-22 09:39:58,095 [INFO] 已更新 AAOI_1 跟踪 Excel：/home/runner/work/stock-monitor-cloud/stock-monitor-cloud/data/CROSS/EXCLE/AAOI_1_20260921.xlsx，记录 1/30 个交易日。
2026-09-22 09:39:58,225 [INFO] 已更新 ALAB_1 跟踪 Excel：/home/runner/work/stock-monitor-cloud/stock-monitor-cloud/data/CROSS/EXCLE/ALAB_1_20260904.xlsx，记录 11/30 个交易日。
2026-09-22 09:39:58,318 [INFO] 已更新 AMAT_1 跟踪 Excel：/home/runner/work/stock-monitor-cloud/stock-monitor-cloud/data/CROSS/EXCLE/AMAT_1_20260921.xlsx，记录 1/30 个交易日。
2026-09-22 09:39:58,394 [INFO] 已更新 AMD_1 跟踪 Excel：/home/runner/work/stock-monitor-cloud/stock-monitor-cloud/data/CROSS/EXCLE/AMD_1_20260904.xlsx，记录 11/30 个交易日。
2026-09-22 09:39:58,611 [INFO] 已更新 AMZN_1 跟踪 Excel：/home/runner/work/stock-monitor-cloud/stock-monitor-cloud/data/CROSS/EXCLE/AMZN_1_20260828.xlsx，记录 16/30 个交易日。
2026-09-22 09:39:58,747 [INFO] 已更新 ARM_1 跟踪 Excel：/home/runner/work/stock-monitor-cloud/stock-monitor-cloud/data/CROSS/EXCLE/ARM_1_20260918.xlsx，记录 2/30 个交易日。
2026-09-22 09:39:58,930 [INFO] 已更新 AVGO_1 跟踪 Excel：/home/runner/work/stock-monitor-cloud/stock-monitor-cloud/data/CROSS/EXCLE/AVGO_1_20260921.xlsx，记录 1/30 个交易日。
2026-09-22 09:39:58,999 [INFO] 已更新 BB_1 跟踪 Excel：/home/runner/work/stock-monitor-cloud/stock-monitor-cloud/data/CROSS/EXCLE/BB_1_20260921.xlsx，记录 1/30 个交易日。
2026-09-22 09:39:59,083 [INFO] 已更新 CBRS_1 跟踪 Excel：/home/runner/work/stock-monitor-cloud/stock-monitor-cloud/data/CROSS/EXCLE/CBRS_1_20260918.xlsx，记录 2/30 个交易日。
2026-09-22 09:39:59,277 [INFO] 已更新 CCJ_1 跟踪 Excel：/home/runner/work/stock-monitor-cloud/stock-monitor-cloud/data/CROSS/EXCLE/CCJ_1_20260821.xlsx，记录 21/30 个交易日。
2026-09-22 09:39:59,356 [INFO] 已更新 COHR_1 跟踪 Excel：/home/runner/work/stock-monitor-cloud/stock-monitor-cloud/data/CROSS/EXCLE/COHR_1_20260918.xlsx，记录 2/30 个交易日。
2026-09-22 09:39:59,434 [INFO] 已更新 COIN_1 跟踪 Excel：/home/runner/work/stock-monitor-cloud/stock-monitor-cloud/data/CROSS/EXCLE/COIN_1_20260819.xlsx，记录 23/30 个交易日。
2026-09-22 09:39:59,515 [INFO] 已更新 CRCL_1 跟踪 Excel：/home/runner/work/stock-monitor-cloud/stock-monitor-cloud/data/CROSS/EXCLE/CRCL_1_20260819.xlsx，记录 23/30 个交易日。
2026-09-22 09:39:59,621 [INFO] 已更新 CRSP_1 跟踪 Excel：/home/runner/work/stock-monitor-cloud/stock-monitor-cloud/data/CROSS/EXCLE/CRSP_1_20260819.xlsx，记录 23/30 个交易日。
2026-09-22 09:40:00,159 [INFO] 已更新 DELL_1 跟踪 Excel：/home/runner/work/stock-monitor-cloud/stock-monitor-cloud/data/CROSS/EXCLE/DELL_1_20260827.xlsx，记录 17/30 个交易日。
2026-09-22 09:40:00,304 [INFO] 已更新 ERAS_1 跟踪 Excel：/home/runner/work/stock-monitor-cloud/stock-monitor-cloud/data/CROSS/EXCLE/ERAS_1_20260826.xlsx，记录 18/30 个交易日。
2026-09-22 09:40:00,432 [INFO] 已更新 GLW_1 跟踪 Excel：/home/runner/work/stock-monitor-cloud/stock-monitor-cloud/data/CROSS/EXCLE/GLW_1_20260904.xlsx，记录 11/30 个交易日。
2026-09-22 09:40:00,522 [INFO] 已更新 GOOG_1 跟踪 Excel：/home/runner/work/stock-monitor-cloud/stock-monitor-cloud/data/CROSS/EXCLE/GOOG_1_20260918.xlsx，记录 2/30 个交易日。
2026-09-22 09:40:00,631 [INFO] 已更新 IBRX_1 跟踪 Excel：/home/runner/work/stock-monitor-cloud/stock-monitor-cloud/data/CROSS/EXCLE/IBRX_1_20260819.xlsx，记录 23/30 个交易日。
2026-09-22 09:40:00,779 [INFO] 已更新 INOD_1 跟踪 Excel：/home/runner/work/stock-monitor-cloud/stock-monitor-cloud/data/CROSS/EXCLE/INOD_1_20260921.xlsx，记录 1/30 个交易日。
2026-09-22 09:40:00,851 [INFO] 已更新 INSP_1 跟踪 Excel：/home/runner/work/stock-monitor-cloud/stock-monitor-cloud/data/CROSS/EXCLE/INSP_1_20260819.xlsx，记录 23/30 个交易日。
2026-09-22 09:40:00,996 [INFO] 已更新 INTC_1 跟踪 Excel：/home/runner/work/stock-monitor-cloud/stock-monitor-cloud/data/CROSS/EXCLE/INTC_1_20260918.xlsx，记录 2/30 个交易日。
2026-09-22 09:40:01,077 [INFO] 已更新 IONQ_1 跟踪 Excel：/home/runner/work/stock-monitor-cloud/stock-monitor-cloud/data/CROSS/EXCLE/IONQ_1_20260918.xlsx，记录 2/30 个交易日。
2026-09-22 09:40:01,169 [INFO] 已更新 IREN_1 跟踪 Excel：/home/runner/work/stock-monitor-cloud/stock-monitor-cloud/data/CROSS/EXCLE/IREN_1_20260904.xlsx，记录 11/30 个交易日。
2026-09-22 09:40:01,252 [INFO] 已更新 LITE_1 跟踪 Excel：/home/runner/work/stock-monitor-cloud/stock-monitor-cloud/data/CROSS/EXCLE/LITE_1_20260825.xlsx，记录 19/30 个交易日。
2026-09-22 09:40:01,320 [INFO] 已更新 LUNR_1 跟踪 Excel：/home/runner/work/stock-monitor-cloud/stock-monitor-cloud/data/CROSS/EXCLE/LUNR_1_20260921.xlsx，记录 1/30 个交易日。
2026-09-22 09:40:01,382 [INFO] 已更新 MANE_1 跟踪 Excel：/home/runner/work/stock-monitor-cloud/stock-monitor-cloud/data/CROSS/EXCLE/MANE_1_20260918.xlsx，记录 2/30 个交易日。
2026-09-22 09:40:01,515 [INFO] 已更新 MRVL_1 跟踪 Excel：/home/runner/work/stock-monitor-cloud/stock-monitor-cloud/data/CROSS/EXCLE/MRVL_1_20260819.xlsx，记录 23/30 个交易日。
2026-09-22 09:40:01,625 [INFO] 已更新 MSFT_1 跟踪 Excel：/home/runner/work/stock-monitor-cloud/stock-monitor-cloud/data/CROSS/EXCLE/MSFT_1_20260826.xlsx，记录 18/30 个交易日。
2026-09-22 09:40:01,855 [INFO] 已更新 MU_1 跟踪 Excel：/home/runner/work/stock-monitor-cloud/stock-monitor-cloud/data/CROSS/EXCLE/MU_1_20260831.xlsx，记录 15/30 个交易日。
2026-09-22 09:40:01,928 [INFO] 已更新 NBIS_1 跟踪 Excel：/home/runner/work/stock-monitor-cloud/stock-monitor-cloud/data/CROSS/EXCLE/NBIS_1_20260921.xlsx，记录 1/30 个交易日。
2026-09-22 09:40:02,006 [INFO] 已更新 NNE_1 跟踪 Excel：/home/runner/work/stock-monitor-cloud/stock-monitor-cloud/data/CROSS/EXCLE/NNE_1_20260827.xlsx，记录 17/30 个交易日。
2026-09-22 09:40:02,173 [INFO] 已更新 NOK_1 跟踪 Excel：/home/runner/work/stock-monitor-cloud/stock-monitor-cloud/data/CROSS/EXCLE/NOK_1_20260911.xlsx，记录 7/30 个交易日。
2026-09-22 09:40:03,216 [INFO] 已更新 NVDA_1 跟踪 Excel：/home/runner/work/stock-monitor-cloud/stock-monitor-cloud/data/CROSS/EXCLE/NVDA_1_20260827.xlsx，记录 17/30 个交易日。
2026-09-22 09:40:03,290 [INFO] 已更新 NVTS_1 跟踪 Excel：/home/runner/work/stock-monitor-cloud/stock-monitor-cloud/data/CROSS/EXCLE/NVTS_1_20260918.xlsx，记录 2/30 个交易日。
2026-09-22 09:40:03,366 [INFO] 已更新 OKLO_1 跟踪 Excel：/home/runner/work/stock-monitor-cloud/stock-monitor-cloud/data/CROSS/EXCLE/OKLO_1_20260825.xlsx，记录 19/30 个交易日。
2026-09-22 09:40:03,533 [INFO] 已更新 ORCL_1 跟踪 Excel：/home/runner/work/stock-monitor-cloud/stock-monitor-cloud/data/CROSS/EXCLE/ORCL_1_20260826.xlsx，记录 18/30 个交易日。
2026-09-22 09:40:03,666 [INFO] 已更新 POET_1 跟踪 Excel：/home/runner/work/stock-monitor-cloud/stock-monitor-cloud/data/CROSS/EXCLE/POET_1_20260921.xlsx，记录 1/30 个交易日。
2026-09-22 09:40:03,932 [INFO] 已更新 QCOM_1 跟踪 Excel：/home/runner/work/stock-monitor-cloud/stock-monitor-cloud/data/CROSS/EXCLE/QCOM_1_20260827.xlsx，记录 17/30 个交易日。
2026-09-22 09:40:04,056 [INFO] 已更新 QSI_1 跟踪 Excel：/home/runner/work/stock-monitor-cloud/stock-monitor-cloud/data/CROSS/EXCLE/QSI_1_20260821.xlsx，记录 21/30 个交易日。
2026-09-22 09:40:04,159 [INFO] 已更新 RKLB_1 跟踪 Excel：/home/runner/work/stock-monitor-cloud/stock-monitor-cloud/data/CROSS/EXCLE/RKLB_1_20260921.xlsx，记录 1/30 个交易日。
2026-09-22 09:40:04,300 [INFO] 已更新 SHAZ_1 跟踪 Excel：/home/runner/work/stock-monitor-cloud/stock-monitor-cloud/data/CROSS/EXCLE/SHAZ_1_20260918.xlsx，记录 2/30 个交易日。
2026-09-22 09:40:04,438 [INFO] 已更新 SMR_1 跟踪 Excel：/home/runner/work/stock-monitor-cloud/stock-monitor-cloud/data/CROSS/EXCLE/SMR_1_20260825.xlsx，记录 19/30 个交易日。
2026-09-22 09:40:04,571 [INFO] 已更新 SNDK_1 跟踪 Excel：/home/runner/work/stock-monitor-cloud/stock-monitor-cloud/data/CROSS/EXCLE/SNDK_1_20260904.xlsx，记录 11/30 个交易日。
2026-09-22 09:40:04,650 [INFO] 已更新 VICR_1 跟踪 Excel：/home/runner/work/stock-monitor-cloud/stock-monitor-cloud/data/CROSS/EXCLE/VICR_1_20260918.xlsx，记录 2/30 个交易日。
2026-09-22 09:40:04,650 [INFO] 报告生成完成：/home/runner/work/stock-monitor-cloud/stock-monitor-cloud/data/CROSS/强势金叉监控报告_2026-09-21.docx
2026-09-23 09:33:26,947 [INFO] 开始扫描 61 只股票，正式交易日：2026-09-22
2026-09-23 09:33:26,947 [INFO] [1/61] NOK
2026-09-23 09:33:27,238 [WARNING] NOK 数据日期滞后：最新行情日期为 2026-09-21，缺少 2026-09-22 的正式收盘数据
2026-09-23 09:33:27,238 [INFO] NOK 综合评分为 0.0，低于60分，不触发且不搜索新闻。
2026-09-23 09:33:27,439 [INFO] [2/61] XE
2026-09-23 09:33:27,556 [WARNING] XE 数据日期滞后：最新行情日期为 2026-09-21，缺少 2026-09-22 的正式收盘数据
2026-09-23 09:33:27,556 [INFO] XE 综合评分为 0.0，低于60分，不触发且不搜索新闻。
2026-09-23 09:33:27,756 [INFO] [3/61] RKLB
2026-09-23 09:33:27,906 [WARNING] RKLB 数据日期滞后：最新行情日期为 2026-09-21，缺少 2026-09-22 的正式收盘数据
2026-09-23 09:33:27,906 [INFO] RKLB 综合评分为 0.0，低于60分，不触发且不搜索新闻。
2026-09-23 09:33:28,106 [INFO] [4/61] NBIS
2026-09-23 09:33:28,248 [WARNING] NBIS 数据日期滞后：最新行情日期为 2026-09-21，缺少 2026-09-22 的正式收盘数据
2026-09-23 09:33:28,249 [INFO] NBIS 综合评分为 0.0，低于60分，不触发且不搜索新闻。
2026-09-23 09:33:28,449 [INFO] [5/61] ARM
2026-09-23 09:33:28,575 [WARNING] ARM 数据日期滞后：最新行情日期为 2026-09-21，缺少 2026-09-22 的正式收盘数据
2026-09-23 09:33:28,575 [INFO] ARM 综合评分为 0.0，低于60分，不触发且不搜索新闻。
2026-09-23 09:33:28,775 [INFO] [6/61] OPTX
2026-09-23 09:33:28,933 [WARNING] OPTX 数据日期滞后：最新行情日期为 2026-09-21，缺少 2026-09-22 的正式收盘数据
2026-09-23 09:33:28,933 [INFO] OPTX 综合评分为 0.0，低于60分，不触发且不搜索新闻。
2026-09-23 09:33:29,134 [INFO] [7/61] GLW
2026-09-23 09:33:29,336 [WARNING] GLW 数据日期滞后：最新行情日期为 2026-09-21，缺少 2026-09-22 的正式收盘数据
2026-09-23 09:33:29,336 [INFO] GLW 综合评分为 0.0，低于60分，不触发且不搜索新闻。
2026-09-23 09:33:29,537 [INFO] [8/61] COHR
2026-09-23 09:33:29,671 [WARNING] COHR 数据日期滞后：最新行情日期为 2026-09-21，缺少 2026-09-22 的正式收盘数据
2026-09-23 09:33:29,671 [INFO] COHR 综合评分为 0.0，低于60分，不触发且不搜索新闻。
2026-09-23 09:33:29,872 [INFO] [9/61] LITE
2026-09-23 09:33:30,036 [WARNING] LITE 数据日期滞后：最新行情日期为 2026-09-21，缺少 2026-09-22 的正式收盘数据
2026-09-23 09:33:30,037 [INFO] LITE 综合评分为 0.0，低于60分，不触发且不搜索新闻。
2026-09-23 09:33:30,237 [INFO] [10/61] MRVL
2026-09-23 09:33:30,794 [WARNING] MRVL 数据日期滞后：最新行情日期为 2026-09-21，缺少 2026-09-22 的正式收盘数据
2026-09-23 09:33:30,794 [INFO] MRVL 综合评分为 0.0，低于60分，不触发且不搜索新闻。
2026-09-23 09:33:30,994 [INFO] [11/61] INTC
2026-09-23 09:33:31,178 [WARNING] INTC 数据日期滞后：最新行情日期为 2026-09-21，缺少 2026-09-22 的正式收盘数据
2026-09-23 09:33:31,178 [INFO] INTC 综合评分为 0.0，低于60分，不触发且不搜索新闻。
2026-09-23 09:33:31,378 [INFO] [12/61] ALAB
2026-09-23 09:33:31,512 [WARNING] ALAB 数据日期滞后：最新行情日期为 2026-09-21，缺少 2026-09-22 的正式收盘数据
2026-09-23 09:33:31,512 [INFO] ALAB 综合评分为 0.0，低于60分，不触发且不搜索新闻。
2026-09-23 09:33:31,712 [INFO] [13/61] FLNC
2026-09-23 09:33:31,874 [WARNING] FLNC 数据日期滞后：最新行情日期为 2026-09-21，缺少 2026-09-22 的正式收盘数据
2026-09-23 09:33:31,874 [INFO] FLNC 综合评分为 0.0，低于60分，不触发且不搜索新闻。
2026-09-23 09:33:32,074 [INFO] [14/61] CRWV
2026-09-23 09:33:32,187 [WARNING] CRWV 数据日期滞后：最新行情日期为 2026-09-21，缺少 2026-09-22 的正式收盘数据
2026-09-23 09:33:32,187 [INFO] CRWV 综合评分为 0.0，低于60分，不触发且不搜索新闻。
2026-09-23 09:33:32,388 [INFO] [15/61] ORCL
2026-09-23 09:33:32,544 [WARNING] ORCL 数据日期滞后：最新行情日期为 2026-09-21，缺少 2026-09-22 的正式收盘数据
2026-09-23 09:33:32,544 [INFO] ORCL 综合评分为 0.0，低于60分，不触发且不搜索新闻。
2026-09-23 09:33:32,744 [INFO] [16/61] NVTS
2026-09-23 09:33:32,864 [WARNING] NVTS 数据日期滞后：最新行情日期为 2026-09-21，缺少 2026-09-22 的正式收盘数据
2026-09-23 09:33:32,864 [INFO] NVTS 综合评分为 0.0，低于60分，不触发且不搜索新闻。
2026-09-23 09:33:33,064 [INFO] [17/61] POET
2026-09-23 09:33:33,178 [WARNING] POET 数据日期滞后：最新行情日期为 2026-09-21，缺少 2026-09-22 的正式收盘数据
2026-09-23 09:33:33,178 [INFO] POET 综合评分为 0.0，低于60分，不触发且不搜索新闻。
2026-09-23 09:33:33,378 [INFO] [18/61] DELL
2026-09-23 09:33:33,536 [WARNING] DELL 数据日期滞后：最新行情日期为 2026-09-21，缺少 2026-09-22 的正式收盘数据
2026-09-23 09:33:33,536 [INFO] DELL 综合评分为 0.0，低于60分，不触发且不搜索新闻。
2026-09-23 09:33:33,736 [INFO] [19/61] BB
2026-09-23 09:33:33,889 [WARNING] BB 数据日期滞后：最新行情日期为 2026-09-21，缺少 2026-09-22 的正式收盘数据
2026-09-23 09:33:33,889 [INFO] BB 综合评分为 0.0，低于60分，不触发且不搜索新闻。
2026-09-23 09:33:34,089 [INFO] [20/61] ONDS
2026-09-23 09:33:34,211 [WARNING] ONDS 数据日期滞后：最新行情日期为 2026-09-21，缺少 2026-09-22 的正式收盘数据
2026-09-23 09:33:34,211 [INFO] ONDS 综合评分为 0.0，低于60分，不触发且不搜索新闻。
2026-09-23 09:33:34,411 [INFO] [21/61] SMR
2026-09-23 09:33:34,588 [WARNING] SMR 数据日期滞后：最新行情日期为 2026-09-21，缺少 2026-09-22 的正式收盘数据
2026-09-23 09:33:34,588 [INFO] SMR 综合评分为 0.0，低于60分，不触发且不搜索新闻。
2026-09-23 09:33:34,788 [INFO] [22/61] OKLO
2026-09-23 09:33:34,945 [WARNING] OKLO 数据日期滞后：最新行情日期为 2026-09-21，缺少 2026-09-22 的正式收盘数据
2026-09-23 09:33:34,946 [INFO] OKLO 综合评分为 0.0，低于60分，不触发且不搜索新闻。
2026-09-23 09:33:35,146 [INFO] [23/61] IONQ
2026-09-23 09:33:35,276 [WARNING] IONQ 数据日期滞后：最新行情日期为 2026-09-21，缺少 2026-09-22 的正式收盘数据
2026-09-23 09:33:35,276 [INFO] IONQ 综合评分为 0.0，低于60分，不触发且不搜索新闻。
2026-09-23 09:33:35,476 [INFO] [24/61] QBTS
2026-09-23 09:33:35,624 [WARNING] QBTS 数据日期滞后：最新行情日期为 2026-09-21，缺少 2026-09-22 的正式收盘数据
2026-09-23 09:33:35,624 [INFO] QBTS 综合评分为 0.0，低于60分，不触发且不搜索新闻。
2026-09-23 09:33:35,824 [INFO] [25/61] NVDA
2026-09-23 09:33:35,981 [WARNING] NVDA 数据日期滞后：最新行情日期为 2026-09-21，缺少 2026-09-22 的正式收盘数据
2026-09-23 09:33:35,981 [INFO] NVDA 综合评分为 0.0，低于60分，不触发且不搜索新闻。
2026-09-23 09:33:36,181 [INFO] [26/61] AMZN
2026-09-23 09:33:36,303 [WARNING] AMZN 数据日期滞后：最新行情日期为 2026-09-21，缺少 2026-09-22 的正式收盘数据
2026-09-23 09:33:36,303 [INFO] AMZN 综合评分为 0.0，低于60分，不触发且不搜索新闻。
2026-09-23 09:33:36,503 [INFO] [27/61] AMD
2026-09-23 09:33:36,649 [WARNING] AMD 数据日期滞后：最新行情日期为 2026-09-21，缺少 2026-09-22 的正式收盘数据
2026-09-23 09:33:36,649 [INFO] AMD 综合评分为 0.0，低于60分，不触发且不搜索新闻。
2026-09-23 09:33:36,849 [INFO] [28/61] CRCL
2026-09-23 09:33:37,000 [WARNING] CRCL 数据日期滞后：最新行情日期为 2026-09-21，缺少 2026-09-22 的正式收盘数据
2026-09-23 09:33:37,000 [INFO] CRCL 综合评分为 0.0，低于60分，不触发且不搜索新闻。
2026-09-23 09:33:37,201 [INFO] [29/61] FLY
2026-09-23 09:33:37,314 [WARNING] FLY 数据日期滞后：最新行情日期为 2026-09-21，缺少 2026-09-22 的正式收盘数据
2026-09-23 09:33:37,314 [INFO] FLY 综合评分为 0.0，低于60分，不触发且不搜索新闻。
2026-09-23 09:33:37,514 [INFO] [30/61] CBRS
2026-09-23 09:33:37,662 [WARNING] CBRS 数据日期滞后：最新行情日期为 2026-09-21，缺少 2026-09-22 的正式收盘数据
2026-09-23 09:33:37,662 [INFO] CBRS 综合评分为 0.0，低于60分，不触发且不搜索新闻。
2026-09-23 09:33:37,863 [INFO] [31/61] CIEN
2026-09-23 09:33:38,039 [WARNING] CIEN 数据日期滞后：最新行情日期为 2026-09-21，缺少 2026-09-22 的正式收盘数据
2026-09-23 09:33:38,039 [INFO] CIEN 综合评分为 0.0，低于60分，不触发且不搜索新闻。
2026-09-23 09:33:38,239 [INFO] [32/61] SIVEF
2026-09-23 09:33:38,392 [WARNING] SIVEF 数据日期滞后：最新行情日期为 2026-09-21，缺少 2026-09-22 的正式收盘数据
2026-09-23 09:33:38,392 [INFO] SIVEF 综合评分为 0.0，低于60分，不触发且不搜索新闻。
2026-09-23 09:33:38,592 [INFO] [33/61] SHAZ
2026-09-23 09:33:38,711 [WARNING] SHAZ 数据日期滞后：最新行情日期为 2026-09-21，缺少 2026-09-22 的正式收盘数据
2026-09-23 09:33:38,711 [INFO] SHAZ 综合评分为 0.0，低于60分，不触发且不搜索新闻。
2026-09-23 09:33:38,911 [INFO] [34/61] LUNR
2026-09-23 09:33:39,052 [WARNING] LUNR 数据日期滞后：最新行情日期为 2026-09-21，缺少 2026-09-22 的正式收盘数据
2026-09-23 09:33:39,052 [INFO] LUNR 综合评分为 0.0，低于60分，不触发且不搜索新闻。
2026-09-23 09:33:39,252 [INFO] [35/61] ASTS
2026-09-23 09:33:39,386 [WARNING] ASTS 数据日期滞后：最新行情日期为 2026-09-21，缺少 2026-09-22 的正式收盘数据
2026-09-23 09:33:39,386 [INFO] ASTS 综合评分为 0.0，低于60分，不触发且不搜索新闻。
2026-09-23 09:33:39,587 [INFO] [36/61] AAOI
2026-09-23 09:33:39,763 [WARNING] AAOI 数据日期滞后：最新行情日期为 2026-09-21，缺少 2026-09-22 的正式收盘数据
2026-09-23 09:33:39,763 [INFO] AAOI 综合评分为 0.0，低于60分，不触发且不搜索新闻。
2026-09-23 09:33:39,964 [INFO] [37/61] INOD
2026-09-23 09:33:40,131 [WARNING] INOD 数据日期滞后：最新行情日期为 2026-09-21，缺少 2026-09-22 的正式收盘数据
2026-09-23 09:33:40,131 [INFO] INOD 综合评分为 0.0，低于60分，不触发且不搜索新闻。
2026-09-23 09:33:40,331 [INFO] [38/61] SPCX
2026-09-23 09:33:40,757 [WARNING] SPCX 历史行情不足：69 行
2026-09-23 09:33:40,757 [INFO] SPCX 综合评分为 0.0，低于60分，不触发且不搜索新闻。
2026-09-23 09:33:40,957 [INFO] [39/61] RDW
2026-09-23 09:33:41,362 [WARNING] RDW 数据日期滞后：最新行情日期为 2026-09-21，缺少 2026-09-22 的正式收盘数据
2026-09-23 09:33:41,362 [INFO] RDW 综合评分为 0.0，低于60分，不触发且不搜索新闻。
2026-09-23 09:33:41,562 [INFO] [40/61] QCOM
2026-09-23 09:33:42,012 [WARNING] QCOM 数据日期滞后：最新行情日期为 2026-09-21，缺少 2026-09-22 的正式收盘数据
2026-09-23 09:33:42,013 [INFO] QCOM 综合评分为 0.0，低于60分，不触发且不搜索新闻。
2026-09-23 09:33:42,213 [INFO] [41/61] COIN
2026-09-23 09:33:42,753 [WARNING] COIN 数据日期滞后：最新行情日期为 2026-09-21，缺少 2026-09-22 的正式收盘数据
2026-09-23 09:33:42,753 [INFO] COIN 综合评分为 0.0，低于60分，不触发且不搜索新闻。
2026-09-23 09:33:42,954 [INFO] [42/61] CORZ
2026-09-23 09:33:43,380 [WARNING] CORZ 数据日期滞后：最新行情日期为 2026-09-21，缺少 2026-09-22 的正式收盘数据
2026-09-23 09:33:43,380 [INFO] CORZ 综合评分为 0.0，低于60分，不触发且不搜索新闻。
2026-09-23 09:33:43,580 [INFO] [43/61] IREN
2026-09-23 09:33:44,227 [WARNING] IREN 数据日期滞后：最新行情日期为 2026-09-21，缺少 2026-09-22 的正式收盘数据
2026-09-23 09:33:44,227 [INFO] IREN 综合评分为 0.0，低于60分，不触发且不搜索新闻。
2026-09-23 09:33:44,427 [INFO] [44/61] VELO
2026-09-23 09:33:44,851 [WARNING] VELO 数据日期滞后：最新行情日期为 2026-09-21，缺少 2026-09-22 的正式收盘数据
2026-09-23 09:33:44,851 [INFO] VELO 综合评分为 0.0，低于60分，不触发且不搜索新闻。
2026-09-23 09:33:45,051 [INFO] [45/61] MSFT
2026-09-23 09:33:45,543 [WARNING] MSFT 数据日期滞后：最新行情日期为 2026-09-21，缺少 2026-09-22 的正式收盘数据
2026-09-23 09:33:45,543 [INFO] MSFT 综合评分为 0.0，低于60分，不触发且不搜索新闻。
2026-09-23 09:33:45,743 [INFO] [46/61] GOOG
2026-09-23 09:33:46,171 [WARNING] GOOG 数据日期滞后：最新行情日期为 2026-09-21，缺少 2026-09-22 的正式收盘数据
2026-09-23 09:33:46,171 [INFO] GOOG 综合评分为 0.0，低于60分，不触发且不搜索新闻。
2026-09-23 09:33:46,371 [INFO] [47/61] AVGO
2026-09-23 09:33:46,895 [WARNING] AVGO 数据日期滞后：最新行情日期为 2026-09-21，缺少 2026-09-22 的正式收盘数据
2026-09-23 09:33:46,895 [INFO] AVGO 综合评分为 0.0，低于60分，不触发且不搜索新闻。
2026-09-23 09:33:47,095 [INFO] [48/61] AMAT
2026-09-23 09:33:47,621 [WARNING] AMAT 数据日期滞后：最新行情日期为 2026-09-21，缺少 2026-09-22 的正式收盘数据
2026-09-23 09:33:47,621 [INFO] AMAT 综合评分为 0.0，低于60分，不触发且不搜索新闻。
2026-09-23 09:33:47,821 [INFO] [49/61] AMKR
2026-09-23 09:33:48,273 [WARNING] AMKR 数据日期滞后：最新行情日期为 2026-09-21，缺少 2026-09-22 的正式收盘数据
2026-09-23 09:33:48,273 [INFO] AMKR 综合评分为 0.0，低于60分，不触发且不搜索新闻。
2026-09-23 09:33:48,473 [INFO] [50/61] LRCX
2026-09-23 09:33:48,925 [WARNING] LRCX 数据日期滞后：最新行情日期为 2026-09-21，缺少 2026-09-22 的正式收盘数据
2026-09-23 09:33:48,925 [INFO] LRCX 综合评分为 0.0，低于60分，不触发且不搜索新闻。
2026-09-23 09:33:49,125 [INFO] [51/61] SNDK
2026-09-23 09:33:49,625 [WARNING] SNDK 数据日期滞后：最新行情日期为 2026-09-21，缺少 2026-09-22 的正式收盘数据
2026-09-23 09:33:49,625 [INFO] SNDK 综合评分为 0.0，低于60分，不触发且不搜索新闻。
2026-09-23 09:33:49,825 [INFO] [52/61] MU
2026-09-23 09:33:50,288 [WARNING] MU 数据日期滞后：最新行情日期为 2026-09-21，缺少 2026-09-22 的正式收盘数据
2026-09-23 09:33:50,289 [INFO] MU 综合评分为 0.0，低于60分，不触发且不搜索新闻。
2026-09-23 09:33:50,489 [INFO] [53/61] VICR
2026-09-23 09:33:50,905 [WARNING] VICR 数据日期滞后：最新行情日期为 2026-09-21，缺少 2026-09-22 的正式收盘数据
2026-09-23 09:33:50,905 [INFO] VICR 综合评分为 0.0，低于60分，不触发且不搜索新闻。
2026-09-23 09:33:51,105 [INFO] [54/61] NNE
2026-09-23 09:33:51,528 [WARNING] NNE 数据日期滞后：最新行情日期为 2026-09-21，缺少 2026-09-22 的正式收盘数据
2026-09-23 09:33:51,528 [INFO] NNE 综合评分为 0.0，低于60分，不触发且不搜索新闻。
2026-09-23 09:33:51,728 [INFO] [55/61] CCJ
2026-09-23 09:33:52,226 [WARNING] CCJ 数据日期滞后：最新行情日期为 2026-09-21，缺少 2026-09-22 的正式收盘数据
2026-09-23 09:33:52,226 [INFO] CCJ 综合评分为 0.0，低于60分，不触发且不搜索新闻。
2026-09-23 09:33:52,426 [INFO] [56/61] BWAY
2026-09-23 09:33:52,807 [WARNING] BWAY 数据日期滞后：最新行情日期为 2026-09-21，缺少 2026-09-22 的正式收盘数据
2026-09-23 09:33:52,807 [INFO] BWAY 综合评分为 0.0，低于60分，不触发且不搜索新闻。
2026-09-23 09:33:53,007 [INFO] [57/61] MANE
2026-09-23 09:33:53,479 [WARNING] MANE 数据日期滞后：最新行情日期为 2026-09-21，缺少 2026-09-22 的正式收盘数据
2026-09-23 09:33:53,479 [INFO] MANE 综合评分为 0.0，低于60分，不触发且不搜索新闻。
2026-09-23 09:33:53,679 [INFO] [58/61] QSI
2026-09-23 09:33:54,094 [WARNING] QSI 数据日期滞后：最新行情日期为 2026-09-21，缺少 2026-09-22 的正式收盘数据
2026-09-23 09:33:54,094 [INFO] QSI 综合评分为 0.0，低于60分，不触发且不搜索新闻。
2026-09-23 09:33:54,294 [INFO] [59/61] CRSP
2026-09-23 09:33:54,742 [WARNING] CRSP 数据日期滞后：最新行情日期为 2026-09-21，缺少 2026-09-22 的正式收盘数据
2026-09-23 09:33:54,742 [INFO] CRSP 综合评分为 0.0，低于60分，不触发且不搜索新闻。
2026-09-23 09:33:54,943 [INFO] [60/61] IBRX
2026-09-23 09:33:55,751 [WARNING] IBRX 数据日期滞后：最新行情日期为 2026-09-21，缺少 2026-09-22 的正式收盘数据
2026-09-23 09:33:55,751 [INFO] IBRX 综合评分为 0.0，低于60分，不触发且不搜索新闻。
2026-09-23 09:33:55,951 [INFO] [61/61] INSP
2026-09-23 09:33:56,878 [WARNING] INSP 数据日期滞后：最新行情日期为 2026-09-21，缺少 2026-09-22 的正式收盘数据
2026-09-23 09:33:56,878 [INFO] INSP 综合评分为 0.0，低于60分，不触发且不搜索新闻。
2026-09-23 09:33:57,218 [INFO] 已更新 AAOI_1 跟踪 Excel：/home/runner/work/stock-monitor-cloud/stock-monitor-cloud/data/CROSS/EXCLE/AAOI_1_20260921.xlsx，记录 1/30 个交易日。
2026-09-23 09:33:57,314 [INFO] 已更新 ALAB_1 跟踪 Excel：/home/runner/work/stock-monitor-cloud/stock-monitor-cloud/data/CROSS/EXCLE/ALAB_1_20260904.xlsx，记录 11/30 个交易日。
2026-09-23 09:33:57,423 [INFO] 已更新 AMAT_1 跟踪 Excel：/home/runner/work/stock-monitor-cloud/stock-monitor-cloud/data/CROSS/EXCLE/AMAT_1_20260921.xlsx，记录 1/30 个交易日。
2026-09-23 09:33:57,512 [INFO] 已更新 AMD_1 跟踪 Excel：/home/runner/work/stock-monitor-cloud/stock-monitor-cloud/data/CROSS/EXCLE/AMD_1_20260904.xlsx，记录 11/30 个交易日。
2026-09-23 09:33:57,591 [INFO] 已更新 AMZN_1 跟踪 Excel：/home/runner/work/stock-monitor-cloud/stock-monitor-cloud/data/CROSS/EXCLE/AMZN_1_20260828.xlsx，记录 16/30 个交易日。
2026-09-23 09:33:57,694 [INFO] 已更新 ARM_1 跟踪 Excel：/home/runner/work/stock-monitor-cloud/stock-monitor-cloud/data/CROSS/EXCLE/ARM_1_20260918.xlsx，记录 2/30 个交易日。
2026-09-23 09:33:58,193 [INFO] 已更新 AVGO_1 跟踪 Excel：/home/runner/work/stock-monitor-cloud/stock-monitor-cloud/data/CROSS/EXCLE/AVGO_1_20260921.xlsx，记录 1/30 个交易日。
2026-09-23 09:33:58,277 [INFO] 已更新 BB_1 跟踪 Excel：/home/runner/work/stock-monitor-cloud/stock-monitor-cloud/data/CROSS/EXCLE/BB_1_20260921.xlsx，记录 1/30 个交易日。
2026-09-23 09:33:58,355 [INFO] 已更新 CBRS_1 跟踪 Excel：/home/runner/work/stock-monitor-cloud/stock-monitor-cloud/data/CROSS/EXCLE/CBRS_1_20260918.xlsx，记录 2/30 个交易日。
2026-09-23 09:33:58,474 [INFO] 已更新 CCJ_1 跟踪 Excel：/home/runner/work/stock-monitor-cloud/stock-monitor-cloud/data/CROSS/EXCLE/CCJ_1_20260821.xlsx，记录 21/30 个交易日。
2026-09-23 09:33:58,561 [INFO] 已更新 COHR_1 跟踪 Excel：/home/runner/work/stock-monitor-cloud/stock-monitor-cloud/data/CROSS/EXCLE/COHR_1_20260918.xlsx，记录 2/30 个交易日。
2026-09-23 09:33:58,678 [INFO] 已更新 COIN_1 跟踪 Excel：/home/runner/work/stock-monitor-cloud/stock-monitor-cloud/data/CROSS/EXCLE/COIN_1_20260819.xlsx，记录 23/30 个交易日。
2026-09-23 09:33:58,776 [INFO] 已更新 CRCL_1 跟踪 Excel：/home/runner/work/stock-monitor-cloud/stock-monitor-cloud/data/CROSS/EXCLE/CRCL_1_20260819.xlsx，记录 23/30 个交易日。
2026-09-23 09:33:58,859 [INFO] 已更新 CRSP_1 跟踪 Excel：/home/runner/work/stock-monitor-cloud/stock-monitor-cloud/data/CROSS/EXCLE/CRSP_1_20260819.xlsx，记录 23/30 个交易日。
2026-09-23 09:33:58,997 [INFO] 已更新 DELL_1 跟踪 Excel：/home/runner/work/stock-monitor-cloud/stock-monitor-cloud/data/CROSS/EXCLE/DELL_1_20260827.xlsx，记录 17/30 个交易日。
2026-09-23 09:33:59,125 [INFO] 已更新 ERAS_1 跟踪 Excel：/home/runner/work/stock-monitor-cloud/stock-monitor-cloud/data/CROSS/EXCLE/ERAS_1_20260826.xlsx，记录 18/30 个交易日。
2026-09-23 09:33:59,261 [INFO] 已更新 GLW_1 跟踪 Excel：/home/runner/work/stock-monitor-cloud/stock-monitor-cloud/data/CROSS/EXCLE/GLW_1_20260904.xlsx，记录 11/30 个交易日。
2026-09-23 09:33:59,369 [INFO] 已更新 GOOG_1 跟踪 Excel：/home/runner/work/stock-monitor-cloud/stock-monitor-cloud/data/CROSS/EXCLE/GOOG_1_20260918.xlsx，记录 2/30 个交易日。
2026-09-23 09:33:59,469 [INFO] 已更新 IBRX_1 跟踪 Excel：/home/runner/work/stock-monitor-cloud/stock-monitor-cloud/data/CROSS/EXCLE/IBRX_1_20260819.xlsx，记录 23/30 个交易日。
2026-09-23 09:33:59,558 [INFO] 已更新 INOD_1 跟踪 Excel：/home/runner/work/stock-monitor-cloud/stock-monitor-cloud/data/CROSS/EXCLE/INOD_1_20260921.xlsx，记录 1/30 个交易日。
2026-09-23 09:33:59,694 [INFO] 已更新 INSP_1 跟踪 Excel：/home/runner/work/stock-monitor-cloud/stock-monitor-cloud/data/CROSS/EXCLE/INSP_1_20260819.xlsx，记录 23/30 个交易日。
2026-09-23 09:33:59,821 [INFO] 已更新 INTC_1 跟踪 Excel：/home/runner/work/stock-monitor-cloud/stock-monitor-cloud/data/CROSS/EXCLE/INTC_1_20260918.xlsx，记录 2/30 个交易日。
2026-09-23 09:33:59,915 [INFO] 已更新 IONQ_1 跟踪 Excel：/home/runner/work/stock-monitor-cloud/stock-monitor-cloud/data/CROSS/EXCLE/IONQ_1_20260918.xlsx，记录 2/30 个交易日。
2026-09-23 09:34:00,004 [INFO] 已更新 IREN_1 跟踪 Excel：/home/runner/work/stock-monitor-cloud/stock-monitor-cloud/data/CROSS/EXCLE/IREN_1_20260904.xlsx，记录 11/30 个交易日。
2026-09-23 09:34:00,090 [INFO] 已更新 LITE_1 跟踪 Excel：/home/runner/work/stock-monitor-cloud/stock-monitor-cloud/data/CROSS/EXCLE/LITE_1_20260825.xlsx，记录 19/30 个交易日。
2026-09-23 09:34:00,182 [INFO] 已更新 LUNR_1 跟踪 Excel：/home/runner/work/stock-monitor-cloud/stock-monitor-cloud/data/CROSS/EXCLE/LUNR_1_20260921.xlsx，记录 1/30 个交易日。
2026-09-23 09:34:00,282 [INFO] 已更新 MANE_1 跟踪 Excel：/home/runner/work/stock-monitor-cloud/stock-monitor-cloud/data/CROSS/EXCLE/MANE_1_20260918.xlsx，记录 2/30 个交易日。
2026-09-23 09:34:00,395 [INFO] 已更新 MRVL_1 跟踪 Excel：/home/runner/work/stock-monitor-cloud/stock-monitor-cloud/data/CROSS/EXCLE/MRVL_1_20260819.xlsx，记录 23/30 个交易日。
2026-09-23 09:34:00,517 [INFO] 已更新 MSFT_1 跟踪 Excel：/home/runner/work/stock-monitor-cloud/stock-monitor-cloud/data/CROSS/EXCLE/MSFT_1_20260826.xlsx，记录 18/30 个交易日。
2026-09-23 09:34:00,645 [INFO] 已更新 MU_1 跟踪 Excel：/home/runner/work/stock-monitor-cloud/stock-monitor-cloud/data/CROSS/EXCLE/MU_1_20260831.xlsx，记录 15/30 个交易日。
2026-09-23 09:34:00,736 [INFO] 已更新 NBIS_1 跟踪 Excel：/home/runner/work/stock-monitor-cloud/stock-monitor-cloud/data/CROSS/EXCLE/NBIS_1_20260921.xlsx，记录 1/30 个交易日。
2026-09-23 09:34:00,832 [INFO] 已更新 NNE_1 跟踪 Excel：/home/runner/work/stock-monitor-cloud/stock-monitor-cloud/data/CROSS/EXCLE/NNE_1_20260827.xlsx，记录 17/30 个交易日。
2026-09-23 09:34:00,962 [INFO] 已更新 NOK_1 跟踪 Excel：/home/runner/work/stock-monitor-cloud/stock-monitor-cloud/data/CROSS/EXCLE/NOK_1_20260911.xlsx，记录 7/30 个交易日。
2026-09-23 09:34:01,069 [INFO] 已更新 NVDA_1 跟踪 Excel：/home/runner/work/stock-monitor-cloud/stock-monitor-cloud/data/CROSS/EXCLE/NVDA_1_20260827.xlsx，记录 17/30 个交易日。
2026-09-23 09:34:01,303 [INFO] 已更新 NVTS_1 跟踪 Excel：/home/runner/work/stock-monitor-cloud/stock-monitor-cloud/data/CROSS/EXCLE/NVTS_1_20260918.xlsx，记录 2/30 个交易日。
2026-09-23 09:34:01,403 [INFO] 已更新 OKLO_1 跟踪 Excel：/home/runner/work/stock-monitor-cloud/stock-monitor-cloud/data/CROSS/EXCLE/OKLO_1_20260825.xlsx，记录 19/30 个交易日。
2026-09-23 09:34:01,559 [INFO] 已更新 ORCL_1 跟踪 Excel：/home/runner/work/stock-monitor-cloud/stock-monitor-cloud/data/CROSS/EXCLE/ORCL_1_20260826.xlsx，记录 18/30 个交易日。
2026-09-23 09:34:01,640 [INFO] 已更新 POET_1 跟踪 Excel：/home/runner/work/stock-monitor-cloud/stock-monitor-cloud/data/CROSS/EXCLE/POET_1_20260921.xlsx，记录 1/30 个交易日。
2026-09-23 09:34:01,785 [INFO] 已更新 QCOM_1 跟踪 Excel：/home/runner/work/stock-monitor-cloud/stock-monitor-cloud/data/CROSS/EXCLE/QCOM_1_20260827.xlsx，记录 17/30 个交易日。
2026-09-23 09:34:01,868 [INFO] 已更新 QSI_1 跟踪 Excel：/home/runner/work/stock-monitor-cloud/stock-monitor-cloud/data/CROSS/EXCLE/QSI_1_20260821.xlsx，记录 21/30 个交易日。
2026-09-23 09:34:01,952 [INFO] 已更新 RKLB_1 跟踪 Excel：/home/runner/work/stock-monitor-cloud/stock-monitor-cloud/data/CROSS/EXCLE/RKLB_1_20260921.xlsx，记录 1/30 个交易日。
2026-09-23 09:34:02,064 [INFO] 已更新 SHAZ_1 跟踪 Excel：/home/runner/work/stock-monitor-cloud/stock-monitor-cloud/data/CROSS/EXCLE/SHAZ_1_20260918.xlsx，记录 2/30 个交易日。
2026-09-23 09:34:02,154 [INFO] 已更新 SMR_1 跟踪 Excel：/home/runner/work/stock-monitor-cloud/stock-monitor-cloud/data/CROSS/EXCLE/SMR_1_20260825.xlsx，记录 19/30 个交易日。
2026-09-23 09:34:02,258 [INFO] 已更新 SNDK_1 跟踪 Excel：/home/runner/work/stock-monitor-cloud/stock-monitor-cloud/data/CROSS/EXCLE/SNDK_1_20260904.xlsx，记录 11/30 个交易日。
2026-09-23 09:34:02,343 [INFO] 已更新 VICR_1 跟踪 Excel：/home/runner/work/stock-monitor-cloud/stock-monitor-cloud/data/CROSS/EXCLE/VICR_1_20260918.xlsx，记录 2/30 个交易日。
2026-09-23 09:34:02,343 [INFO] 报告生成完成：/home/runner/work/stock-monitor-cloud/stock-monitor-cloud/data/CROSS/强势金叉监控报告_2026-09-22.docx
